nan,nan,nan,nan,2.154398563734294565e-03,nan,nan,nan,nan,nan,nan,-6.535008976660680591e-02,nan,nan,nan,nan,nan,nan,nan,-6.355475763016156521e-02,nan,nan,nan,nan,nan,nan,nan,nan,nan,-3.698384201077196953e-02,nan,nan,nan,nan,nan,nan,nan,nan,-1.245960502692998045e-01,-4.308797127468581845e-02,nan,-7.073608617594252801e-02,nan,8.976660682226212176e-03,-9.120287253141831640e-02,nan,nan,nan,nan,nan,nan,nan,nan,nan,nan,nan,nan,nan,nan,-9.012567324955114700e-02,nan,nan,nan,nan,nan
nan,nan,nan,nan,nan,nan,nan,nan,nan,nan,nan,1.736185383244207014e-01,nan,nan,nan,nan,nan,nan,nan,1.247771836007127710e-02,nan,nan,nan,nan,nan,nan,nan,nan,nan,-1.497326203208553322e-02,nan,nan,nan,nan,nan,nan,nan,nan,8.627450980392162294e-02,5.632798573975046630e-02,nan,1.836007130124777120e-01,nan,nan,nan,nan,nan,2.495543672014266523e-02,nan,nan,4.278074866310155322e-03,nan,nan,nan,nan,nan,nan,nan,nan,1.746880570409982680e-01,nan,nan,3.240641711229946820e-01,nan,nan
nan,nan,nan,nan,nan,nan,nan,nan,nan,nan,nan,-6.737588652482295708e-03,nan,nan,nan,-4.609929078014218806e-03,nan,nan,nan,-1.914893617021276584e-01,nan,nan,nan,nan,nan,nan,nan,nan,nan,-9.503546099290781368e-02,nan,nan,nan,nan,nan,nan,nan,nan,-9.219858156028392510e-03,-7.092198581560305200e-03,nan,nan,nan,nan,-9.929078014184421902e-03,nan,nan,nan,nan,nan,0.000000000000000000e+00,nan,nan,-2.127659574468088177e-03,nan,nan,nan,nan,nan,-6.382978723404257593e-02,nan,nan,nan,nan,nan
nan,nan,nan,nan,2.422145328719716058e-03,nan,nan,nan,nan,nan,nan,-1.332179930795847900e-01,nan,nan,nan,nan,nan,nan,nan,-6.574394463667823651e-02,nan,nan,nan,nan,nan,nan,nan,nan,nan,-2.456747404844292909e-02,nan,nan,nan,nan,nan,nan,nan,nan,-3.875432525951556795e-02,2.456747404844289440e-02,nan,-8.996539792387559659e-03,nan,nan,-1.048442906574394290e-01,nan,nan,nan,nan,nan,nan,nan,nan,2.422145328719716058e-03,nan,nan,nan,nan,nan,-1.449826989619377449e-01,nan,nan,nan,nan,nan
nan,nan,nan,nan,7.575221238938051327e-02,nan,nan,nan,nan,nan,nan,4.884955752212384594e-02,nan,nan,nan,-1.663716814159294996e-02,nan,nan,nan,1.345132743362831285e-01,nan,nan,nan,nan,nan,nan,nan,nan,nan,8.176991150442472489e-02,nan,nan,nan,nan,nan,nan,nan,nan,7.008849557522119078e-02,7.646017699115040256e-02,nan,nan,nan,1.624778761061946297e-01,1.019469026548672080e-01,nan,nan,nan,nan,nan,nan,nan,nan,nan,nan,nan,nan,nan,nan,4.814159292035394971e-02,nan,nan,nan,nan,nan
nan,nan,nan,nan,nan,nan,nan,nan,nan,nan,nan,-1.390119250425894126e-01,nan,nan,nan,nan,nan,nan,nan,nan,-1.771720613287903687e-02,nan,nan,nan,nan,nan,nan,nan,nan,-1.005110732538330165e-01,nan,nan,nan,nan,nan,nan,nan,-1.744463373083475211e-01,-3.672913117546848238e-01,-2.279386712095400058e-01,nan,nan,nan,nan,-9.165247018739350326e-02,nan,nan,-7.938671209540032470e-02,nan,nan,-1.352640545144803974e-01,nan,nan,nan,nan,nan,nan,nan,nan,-2.255536626916524179e-01,nan,nan,nan,nan,nan
nan,nan,nan,nan,7.017543859649144622e-03,nan,nan,nan,nan,nan,nan,-4.877192982456137610e-02,nan,nan,nan,nan,nan,nan,nan,-4.771929824561401551e-02,-9.543859649122803102e-02,nan,nan,nan,nan,nan,nan,nan,nan,-9.859649122807016830e-02,nan,nan,nan,nan,nan,nan,nan,nan,6.315789473684219058e-03,-5.017543859649119253e-02,nan,nan,nan,nan,2.385964912280703551e-02,nan,nan,-1.245614035087719146e-01,nan,nan,nan,nan,nan,nan,nan,nan,nan,nan,nan,-7.333333333333329207e-02,nan,nan,nan,nan,nan
nan,nan,nan,nan,nan,nan,nan,nan,nan,nan,nan,-9.342560553633184189e-03,nan,nan,nan,nan,nan,nan,nan,nan,nan,nan,nan,nan,nan,nan,nan,nan,nan,-8.131487889273356084e-02,nan,nan,nan,nan,nan,nan,nan,-1.269896193771626325e-01,-7.750865051903109426e-02,nan,nan,-1.730103806228372454e-02,nan,nan,-6.089965397923874368e-02,nan,nan,nan,2.076124567474049026e-02,nan,0.000000000000000000e+00,nan,nan,-8.408304498269894567e-02,nan,nan,nan,nan,nan,-1.027681660899653904e-01,nan,nan,nan,nan,nan
nan,nan,nan,nan,nan,nan,nan,nan,nan,nan,nan,4.639718804920914957e-02,nan,nan,nan,nan,nan,nan,nan,nan,8.787346221441139429e-03,nan,nan,nan,nan,nan,nan,nan,nan,2.425307557117751742e-02,nan,nan,nan,nan,nan,nan,nan,nan,1.757469244288226845e-02,-2.108963093145865744e-03,nan,nan,nan,nan,3.901581722319859974e-02,nan,nan,3.866432337434111410e-03,nan,nan,0.000000000000000000e+00,nan,nan,1.195079086115993262e-02,nan,nan,nan,nan,nan,-2.882249560632688112e-02,nan,nan,nan,nan,nan
nan,nan,nan,nan,3.396880415944542042e-02,nan,nan,nan,nan,nan,nan,9.116117850953209256e-02,nan,nan,nan,nan,nan,nan,nan,1.909878682842288122e-01,nan,nan,nan,nan,nan,nan,nan,nan,nan,2.253032928942808738e-02,nan,nan,nan,nan,nan,nan,nan,nan,1.407279029462738806e-01,5.649913344887352862e-02,nan,nan,nan,1.123050259965338304e-01,3.812824956672448279e-02,nan,nan,nan,nan,nan,3.050259965337955709e-02,nan,nan,nan,nan,nan,nan,nan,nan,4.367417677642983220e-02,nan,nan,nan,nan,nan
nan,nan,nan,nan,-9.090909090909093937e-03,nan,nan,nan,nan,nan,1.160839160839161055e-01,1.080419580419580833e-01,nan,nan,nan,nan,nan,nan,nan,nan,nan,nan,nan,nan,nan,nan,nan,nan,nan,5.104895104895109531e-02,nan,nan,nan,nan,nan,nan,nan,nan,-1.608391608391606178e-02,3.461538461538464506e-02,nan,9.965034965034966219e-02,nan,1.576923076923077427e-01,2.657342657342659509e-02,nan,nan,nan,nan,nan,nan,nan,nan,nan,nan,nan,nan,nan,nan,2.902097902097903331e-02,nan,nan,nan,nan,nan
nan,nan,nan,nan,0.000000000000000000e+00,nan,nan,nan,nan,nan,nan,-8.621908127208480210e-02,nan,nan,nan,nan,nan,nan,nan,nan,-3.180212014134264908e-03,nan,nan,nan,nan,nan,nan,nan,nan,-1.272084805653708219e-02,nan,nan,nan,nan,nan,nan,nan,nan,-2.332155477031800858e-02,-7.067137809187218128e-04,nan,nan,nan,nan,-6.713780918727911551e-02,nan,nan,nan,nan,nan,-5.300353356890452790e-03,nan,nan,0.000000000000000000e+00,nan,nan,nan,nan,nan,-7.597173144876323558e-02,nan,nan,nan,nan,nan
nan,nan,nan,nan,-1.292639138240576566e-02,nan,nan,nan,nan,nan,nan,3.985637342908436576e-02,nan,nan,nan,nan,nan,nan,nan,4.488330341113105915e-02,nan,nan,nan,nan,nan,nan,nan,nan,nan,-1.084380610412926799e-01,nan,nan,nan,nan,nan,nan,nan,nan,-3.195691202872532471e-02,-3.267504488330343071e-02,nan,-1.324955116696588941e-01,nan,nan,4.955116696588866138e-02,nan,nan,nan,nan,nan,-5.098743267504487336e-02,nan,nan,nan,nan,nan,nan,nan,nan,-1.087971274685817225e-01,nan,nan,nan,nan,nan
nan,nan,nan,nan,nan,nan,nan,nan,nan,nan,nan,-3.339449541284403994e-02,nan,nan,nan,nan,nan,nan,nan,nan,nan,nan,nan,nan,nan,nan,nan,nan,nan,-1.137614678899082354e-01,nan,nan,nan,nan,nan,nan,nan,nan,-1.100917431192660612e-02,nan,nan,-6.348623853211009249e-02,nan,nan,-1.398165137614678921e-01,nan,nan,-1.963302752293577813e-01,nan,nan,-6.238532110091743639e-03,nan,nan,-1.423853211009174502e-01,nan,nan,nan,nan,nan,-8.477064220183486154e-02,nan,nan,-8.807339449541285240e-03,nan,nan
nan,nan,nan,nan,1.754385964912279564e-02,nan,nan,nan,nan,nan,nan,-9.649122807017546100e-02,nan,nan,nan,nan,nan,nan,nan,-1.087719298245615196e-02,nan,nan,nan,nan,nan,nan,nan,nan,nan,-1.021052631578947406e-01,nan,nan,nan,nan,nan,nan,nan,nan,-2.031578947368420651e-01,-3.719298245614034715e-02,nan,-7.754385964912283158e-02,nan,1.929824561403509220e-02,-1.901754385964912475e-01,nan,nan,nan,nan,nan,nan,nan,nan,nan,nan,nan,nan,nan,nan,-6.561403508771930515e-02,nan,nan,nan,nan,nan
nan,nan,nan,nan,-8.292682926829268719e-02,nan,nan,nan,nan,nan,nan,-7.212543554006968505e-02,nan,nan,nan,nan,nan,nan,nan,-1.257839721254355447e-01,nan,nan,nan,nan,nan,nan,nan,nan,nan,-1.773519163763066508e-01,nan,nan,nan,nan,nan,nan,nan,nan,1.114982578397213410e-02,-1.846689895470383369e-01,nan,nan,nan,-6.027874564459929918e-02,-4.285714285714285060e-02,nan,nan,nan,nan,0.000000000000000000e+00,nan,nan,nan,nan,nan,nan,nan,nan,nan,-1.146341463414633777e-01,nan,nan,nan,nan,nan
nan,nan,nan,nan,nan,nan,nan,nan,nan,nan,nan,8.173913043478261975e-02,nan,nan,nan,nan,nan,nan,nan,nan,nan,nan,nan,nan,nan,nan,nan,nan,nan,4.521739130434809968e-03,nan,nan,nan,nan,nan,nan,nan,nan,-2.260869565217389285e-02,-1.043478260869568162e-03,nan,2.615652173913044498e-01,nan,nan,2.086956521739131640e-02,nan,nan,-2.191304347826081994e-02,nan,nan,nan,nan,nan,nan,nan,nan,nan,nan,nan,1.892173913043478373e-01,1.398260869565217668e-01,nan,1.123478260869565509e-01,nan,nan
nan,nan,nan,nan,9.591474245115439237e-03,nan,nan,nan,nan,nan,nan,-1.108348134991119088e-01,nan,nan,nan,nan,nan,nan,nan,-2.060390763765544003e-02,nan,nan,nan,nan,nan,nan,nan,nan,nan,-1.470692717584369813e-01,nan,nan,nan,nan,nan,nan,nan,nan,-1.108348134991119088e-01,nan,nan,nan,-8.596802841918296800e-02,nan,-1.214920071047957545e-01,nan,nan,nan,nan,nan,0.000000000000000000e+00,nan,nan,-5.328596802841922830e-02,nan,nan,nan,nan,nan,-1.648312611012433260e-01,nan,nan,nan,nan,nan
nan,nan,nan,nan,0.000000000000000000e+00,nan,nan,nan,nan,nan,1.972742759795571010e-01,1.219761499148211692e-01,nan,nan,nan,nan,nan,nan,nan,8.586030664395233325e-02,nan,nan,nan,nan,nan,nan,nan,nan,nan,6.814310051107330679e-03,nan,nan,nan,nan,nan,nan,nan,nan,1.580919931856899774e-01,3.407155025553665340e-03,nan,nan,nan,nan,3.747870528109031700e-03,nan,nan,nan,nan,nan,nan,nan,nan,nan,nan,nan,nan,nan,nan,1.700170357751277783e-01,nan,nan,1.771720613287905144e-01,nan,nan
nan,nan,nan,nan,3.893805309734510358e-03,nan,nan,nan,nan,nan,nan,-4.955752212389380462e-02,nan,nan,nan,nan,nan,nan,nan,nan,nan,nan,nan,nan,nan,nan,nan,nan,nan,-5.486725663716814777e-02,nan,nan,nan,nan,nan,nan,nan,nan,-5.203539823008851428e-02,0.000000000000000000e+00,nan,-7.964601769911504314e-02,nan,nan,2.371681415929203368e-02,nan,nan,nan,nan,nan,-1.769911504424781555e-03,nan,nan,2.654867256637166717e-02,nan,nan,nan,nan,nan,-1.369911504424778936e-01,nan,nan,nan,nan,nan
nan,nan,nan,nan,4.459691252144093801e-03,nan,nan,nan,nan,nan,nan,-5.145797598627786795e-02,nan,nan,nan,1.029159519725558747e-02,nan,nan,nan,3.773584905660387796e-03,nan,nan,nan,nan,nan,nan,nan,nan,nan,-4.391080617495709409e-02,nan,nan,nan,nan,nan,nan,nan,nan,-1.060034305317324177e-01,nan,nan,1.475128644939965872e-02,nan,nan,1.337907375643224671e-02,nan,nan,nan,nan,nan,6.861063464837057879e-04,nan,nan,nan,nan,nan,nan,nan,nan,-6.072041166380787169e-02,nan,nan,nan,nan,nan
nan,nan,nan,nan,nan,nan,nan,nan,nan,nan,nan,-8.368055555555552194e-02,nan,nan,nan,nan,nan,nan,nan,nan,nan,nan,nan,nan,nan,nan,nan,nan,nan,-1.166666666666666546e-01,nan,nan,nan,nan,nan,nan,nan,-2.430555555555554553e-02,-1.315972222222222265e-01,nan,nan,-4.236111111111108551e-02,nan,nan,-1.499999999999999944e-01,nan,nan,-1.572916666666666630e-01,nan,nan,-4.097222222222220850e-02,nan,nan,nan,nan,nan,nan,nan,nan,-1.468750000000000056e-01,nan,nan,-1.006944444444443122e-02,nan,nan
nan,nan,nan,nan,1.727115716753013699e-03,nan,nan,nan,nan,nan,nan,1.692573402417959366e-02,nan,nan,nan,nan,nan,nan,nan,nan,nan,nan,nan,nan,nan,nan,nan,nan,nan,-5.837651122625216876e-02,nan,nan,nan,nan,nan,nan,nan,nan,4.145077720207224203e-03,-1.865284974093266504e-02,nan,nan,nan,nan,-1.899827288428326127e-02,nan,nan,1.727115716752991581e-03,nan,nan,0.000000000000000000e+00,nan,nan,6.908462867012077563e-04,nan,nan,nan,nan,nan,-7.426597582037998413e-02,nan,nan,nan,nan,nan
nan,nan,nan,nan,-4.651162790697683028e-03,nan,nan,nan,nan,nan,nan,-5.903398926654743889e-02,nan,nan,nan,8.228980322003564760e-03,nan,nan,nan,1.431127012522359632e-02,nan,nan,nan,nan,nan,nan,nan,nan,nan,-2.003577817531306260e-01,nan,nan,nan,nan,nan,nan,nan,nan,-1.892665474060823139e-01,-5.008944543828264262e-02,nan,-1.001788908765656114e-02,nan,nan,-2.719141323792486631e-01,nan,nan,nan,nan,nan,nan,nan,nan,nan,nan,nan,nan,nan,nan,-1.023255813953488635e-01,nan,nan,nan,nan,nan
nan,nan,nan,nan,-3.720767888307155435e-01,nan,nan,nan,nan,nan,nan,-7.190226876090752284e-02,nan,nan,nan,nan,nan,nan,nan,nan,nan,nan,nan,nan,nan,nan,nan,nan,nan,-2.928446771378708791e-01,nan,nan,nan,nan,nan,nan,nan,nan,-2.122164048865619601e-01,-1.497382198952879606e-01,nan,nan,nan,nan,-3.856893542757416915e-01,nan,nan,nan,nan,nan,-6.980802792321050059e-04,nan,nan,-6.771378708551482883e-02,nan,nan,nan,nan,nan,-2.167539267015707038e-01,-1.347294938917975582e-01,nan,nan,nan,nan
nan,nan,nan,nan,nan,nan,nan,nan,nan,nan,nan,2.027444253859347900e-01,nan,nan,nan,nan,nan,nan,nan,nan,nan,nan,nan,nan,nan,nan,nan,nan,nan,3.979416809605483552e-02,nan,nan,nan,nan,nan,nan,nan,nan,1.135506003430531291e-01,8.850771869639789680e-02,nan,2.044596912521440546e-01,nan,1.056603773584905426e-01,-7.204116638078961188e-03,nan,nan,-1.749571183533451396e-02,nan,nan,nan,nan,nan,nan,nan,nan,nan,nan,nan,1.619210977701543153e-01,nan,nan,1.180102915951972281e-01,nan,nan
nan,nan,nan,nan,-1.537391304347826004e-01,nan,nan,nan,nan,nan,-2.434782608695640251e-03,-3.826086956521723616e-03,nan,nan,nan,nan,nan,nan,nan,nan,nan,nan,nan,nan,nan,nan,nan,nan,nan,-1.913043478260868444e-02,nan,nan,nan,nan,nan,nan,nan,nan,6.956521739130527415e-04,-6.260869565217386419e-03,nan,nan,nan,-3.617391304347823688e-02,4.800000000000002182e-02,nan,nan,nan,nan,nan,0.000000000000000000e+00,nan,nan,nan,nan,nan,nan,nan,nan,-6.678260869565216806e-02,nan,nan,nan,nan,nan
nan,nan,nan,nan,-3.111888111888113512e-02,nan,nan,nan,nan,nan,nan,-7.027972027972029245e-02,nan,nan,nan,nan,nan,nan,nan,0.000000000000000000e+00,nan,nan,nan,nan,nan,nan,nan,nan,nan,-3.286713286713290050e-02,nan,nan,nan,nan,nan,nan,nan,nan,-1.258741258741261602e-02,-1.398601398601417899e-03,-1.024475524475524646e-01,nan,nan,nan,-1.398601398601428958e-03,nan,nan,nan,nan,nan,-9.055944055944056825e-02,nan,nan,nan,nan,nan,nan,nan,nan,-7.972027972027975751e-02,nan,nan,nan,nan,nan
nan,nan,nan,nan,nan,9.655172413793100539e-03,nan,nan,nan,nan,nan,1.137931034482758674e-02,nan,nan,nan,nan,nan,nan,nan,nan,nan,nan,nan,nan,nan,nan,nan,nan,nan,-1.482758620689654874e-02,nan,nan,nan,nan,nan,nan,nan,nan,-5.965517241379310331e-02,-2.068965517241378935e-02,nan,-1.437931034482758663e-01,nan,nan,-8.862068965517241881e-02,nan,nan,nan,nan,nan,0.000000000000000000e+00,nan,nan,-1.962068965517241304e-01,nan,nan,nan,nan,nan,-8.999999999999998279e-02,nan,nan,nan,nan,nan
nan,nan,nan,nan,1.739130434782598569e-03,nan,nan,nan,nan,nan,-5.704347826086956369e-02,-6.539130434782609858e-02,nan,nan,nan,nan,nan,nan,nan,-1.707826086956521772e-01,nan,nan,nan,nan,nan,nan,nan,nan,nan,-7.547826086956524461e-02,nan,nan,nan,nan,nan,nan,nan,nan,-5.391304347826088306e-02,-4.730434782608696626e-02,nan,nan,nan,9.043478260869552282e-03,-4.486956521739132731e-02,nan,nan,nan,nan,nan,nan,nan,nan,nan,nan,nan,nan,nan,nan,-9.182608695652175190e-02,nan,nan,nan,nan,nan
nan,nan,nan,nan,nan,nan,nan,nan,nan,nan,nan,2.767075306479858249e-02,nan,nan,nan,nan,nan,nan,nan,nan,7.005253940455258288e-04,nan,nan,nan,nan,nan,nan,nan,nan,4.623467600700525981e-02,nan,nan,nan,nan,nan,nan,nan,1.390542907180385424e-01,3.047285464098075172e-02,3.922942206654989050e-02,nan,3.152364273204903700e-02,nan,nan,2.066549912434323399e-02,nan,nan,nan,nan,nan,nan,nan,nan,nan,nan,nan,nan,nan,nan,1.425569176882662270e-01,nan,nan,2.767075306479860330e-02,nan,nan
nan,nan,nan,nan,2.219130434782608519e-01,nan,nan,nan,nan,nan,nan,5.325217391304347681e-01,nan,nan,nan,nan,nan,nan,nan,5.408695652173912682e-01,nan,nan,nan,nan,nan,nan,nan,nan,nan,5.269565217391303236e-01,nan,nan,nan,nan,nan,nan,nan,nan,4.382608695652173703e-01,1.064347826086956272e-01,nan,nan,nan,nan,nan,nan,nan,4.299130434782608146e-01,nan,nan,0.000000000000000000e+00,nan,nan,0.000000000000000000e+00,nan,nan,nan,nan,nan,4.521739130434782039e-01,nan,nan,nan,nan,nan
nan,nan,nan,nan,nan,nan,nan,nan,nan,nan,nan,4.486301369863013311e-01,nan,nan,nan,nan,nan,nan,nan,nan,nan,nan,nan,nan,nan,nan,nan,nan,nan,2.537671232876712590e-01,nan,nan,nan,nan,nan,nan,nan,nan,3.400684931506849362e-01,nan,nan,4.417808219178082640e-01,nan,nan,2.034246575342465724e-01,nan,nan,2.136986301369863117e-01,nan,nan,nan,nan,nan,0.000000000000000000e+00,nan,nan,nan,nan,nan,3.691780821917808320e-01,nan,0.000000000000000000e+00,3.561643835616438158e-01,nan,nan
nan,nan,nan,nan,1.370629370629370125e-01,nan,nan,nan,nan,nan,nan,1.653846153846153244e-01,nan,nan,nan,nan,nan,nan,nan,-1.888111888111891970e-02,nan,nan,nan,nan,nan,nan,nan,nan,nan,6.643356643356637670e-02,nan,nan,nan,nan,nan,nan,nan,nan,1.874125874125873725e-01,2.377622377622377187e-02,nan,nan,nan,1.555944055944055437e-01,7.972027972027966036e-02,nan,nan,8.251748251748244889e-02,nan,nan,nan,nan,nan,nan,nan,nan,nan,nan,nan,1.139860139860139343e-01,nan,nan,nan,nan,nan
nan,nan,nan,nan,nan,nan,nan,nan,nan,nan,nan,3.265306122448977805e-02,nan,nan,nan,nan,nan,nan,nan,-1.394557823129253214e-02,nan,nan,nan,nan,nan,nan,nan,nan,nan,2.040816326530613470e-02,nan,nan,nan,nan,nan,nan,nan,nan,-8.911564625850339205e-02,-3.401360544217690634e-04,nan,-5.442176870748316291e-03,nan,-9.183673469387754196e-03,-2.380952380952381514e-02,nan,nan,nan,nan,nan,1.870748299319726499e-02,nan,nan,nan,nan,nan,nan,nan,nan,-1.465986394557823314e-01,nan,nan,nan,nan,nan
nan,nan,nan,nan,1.470175438596491302e-01,nan,nan,nan,nan,nan,nan,2.329824561403509020e-01,nan,nan,nan,nan,nan,nan,nan,1.638596491228069829e-01,nan,nan,nan,nan,nan,nan,nan,nan,nan,1.221052631578946890e-01,nan,nan,nan,nan,nan,nan,nan,nan,2.098245614035087470e-01,4.631578947368419907e-02,nan,nan,nan,2.112280701754385981e-01,1.364912280701753855e-01,nan,nan,3.122807017543857006e-02,nan,nan,nan,nan,nan,nan,nan,nan,nan,nan,nan,1.217543859649122540e-01,nan,nan,nan,nan,nan
nan,nan,nan,nan,nan,nan,nan,nan,nan,nan,nan,3.065719360568384122e-01,nan,nan,nan,nan,nan,nan,nan,nan,nan,nan,nan,nan,nan,nan,nan,nan,nan,8.952042628774421751e-02,nan,nan,nan,nan,nan,nan,nan,nan,1.751332149200710564e-01,nan,nan,4.134991119005329563e-01,nan,nan,1.239786856127886444e-01,nan,nan,1.115452930728241671e-01,nan,nan,3.374777975133214092e-02,nan,nan,9.165186500888099219e-02,nan,nan,nan,nan,nan,2.156305506216696366e-01,2.888099467140319843e-01,nan,nan,nan,nan
nan,nan,nan,nan,1.889655172413792772e-01,nan,nan,nan,nan,nan,nan,-1.000000000000003143e-02,nan,nan,nan,nan,nan,nan,nan,-4.689655172413798034e-02,nan,nan,nan,nan,nan,nan,nan,nan,nan,2.931034482758616486e-02,nan,nan,nan,nan,nan,nan,nan,nan,1.137931034482758258e-01,1.031034482758620141e-01,nan,5.034482758620686255e-02,nan,nan,1.999999999999995184e-02,nan,nan,nan,nan,nan,nan,nan,nan,nan,nan,nan,nan,nan,nan,1.513793103448275723e-01,nan,nan,1.324137931034482518e-01,nan,nan
nan,nan,nan,nan,-3.539823008849551835e-03,nan,nan,nan,nan,nan,nan,-4.247787610619458039e-03,nan,nan,nan,nan,nan,nan,nan,-1.415929203539811974e-03,nan,nan,nan,nan,nan,nan,nan,nan,nan,-1.592920353982298781e-02,nan,nan,nan,nan,nan,nan,nan,nan,9.203539823008876491e-03,-7.079646017699059869e-04,nan,nan,nan,nan,3.185840707964615430e-03,nan,nan,nan,nan,nan,0.000000000000000000e+00,nan,nan,-2.477876106194687456e-02,nan,nan,nan,nan,nan,-6.053097345132740781e-02,nan,nan,nan,nan,nan
nan,nan,nan,nan,nan,nan,nan,nan,nan,nan,nan,2.453900709219857812e-01,nan,nan,nan,nan,nan,nan,nan,nan,nan,nan,nan,nan,nan,nan,nan,nan,nan,2.482269503546098988e-01,nan,nan,nan,nan,nan,nan,nan,nan,2.840425531914892998e-01,nan,nan,3.617021276595744350e-01,nan,nan,1.443262411347517316e-01,nan,nan,1.578014184397162900e-01,nan,nan,2.617021276595744572e-01,nan,nan,0.000000000000000000e+00,nan,nan,nan,nan,nan,1.801418439716311881e-01,nan,nan,3.397163120567375239e-01,nan,nan
nan,nan,nan,nan,nan,-5.160202360876895572e-02,nan,nan,nan,nan,nan,-4.721753794266414332e-03,nan,nan,nan,nan,nan,nan,nan,nan,nan,nan,nan,nan,nan,nan,nan,nan,nan,-6.745362563237655923e-04,nan,nan,nan,nan,nan,nan,nan,nan,-1.089376053962900215e-01,3.372681281618939092e-04,nan,nan,nan,nan,-1.315345699831363922e-02,nan,nan,-8.667790893760536630e-02,nan,nan,-5.059021922428297291e-03,nan,nan,nan,nan,nan,nan,nan,nan,-1.123102866779089187e-01,nan,nan,-1.082630691399662365e-01,nan,nan
nan,nan,nan,nan,-3.466204506065828747e-04,nan,nan,nan,nan,nan,nan,-3.708838821490465648e-02,nan,nan,nan,nan,nan,nan,nan,-3.466204506065828747e-04,nan,nan,nan,nan,nan,nan,nan,nan,nan,-8.561525129982665294e-02,nan,nan,nan,nan,nan,nan,nan,nan,-4.263431542461003365e-02,-2.079722703639497357e-03,nan,nan,nan,nan,-1.469670710571923389e-01,nan,nan,nan,nan,nan,-1.351819757365684341e-02,nan,nan,nan,nan,nan,nan,nan,nan,-9.428076256499132168e-02,nan,nan,-3.535528596187172828e-02,nan,nan
nan,nan,nan,nan,nan,nan,nan,nan,nan,nan,nan,-1.544041450777201840e-01,nan,nan,nan,nan,nan,nan,nan,-2.545768566493954443e-01,nan,nan,nan,nan,nan,nan,nan,nan,nan,-1.485319516407598329e-02,nan,nan,nan,nan,nan,nan,nan,nan,-1.015544041450777007e-01,-1.105354058721933451e-02,nan,nan,nan,-4.835924006908453969e-03,-1.022452504317789279e-01,nan,nan,-2.010362694300517616e-01,nan,nan,-1.640759930915371423e-01,nan,nan,nan,nan,nan,nan,nan,nan,-1.564766839378238239e-01,nan,nan,nan,nan,nan
nan,nan,nan,nan,-7.042253521126861770e-04,nan,nan,nan,nan,nan,nan,-7.147887323943663551e-02,nan,nan,nan,nan,nan,nan,nan,-4.929577464788737103e-03,-1.161971830985918455e-02,nan,nan,nan,nan,nan,nan,nan,nan,-2.253521126760565929e-02,nan,nan,nan,nan,nan,nan,nan,nan,-9.507042253521130748e-02,-1.126760563380282444e-02,nan,nan,nan,nan,7.042253521126418331e-04,nan,nan,-2.711267605633804756e-02,nan,nan,nan,nan,nan,nan,nan,nan,nan,nan,nan,-1.242957746478873526e-01,nan,nan,nan,nan,nan
nan,nan,nan,nan,2.489510489510489699e-01,nan,nan,nan,nan,nan,nan,2.335664335664335844e-01,nan,nan,nan,nan,nan,nan,nan,nan,4.755244755244751598e-02,nan,nan,nan,nan,nan,nan,nan,nan,2.650349650349649866e-01,nan,nan,nan,nan,nan,nan,nan,nan,2.674825174825173901e-01,nan,nan,nan,nan,2.094405594405594206e-01,2.755244755244755095e-01,nan,nan,nan,nan,nan,-1.398601398601417899e-03,nan,nan,4.580419580419575754e-02,nan,nan,nan,nan,nan,1.951048951048950653e-01,nan,nan,nan,nan,nan
nan,nan,nan,nan,nan,nan,nan,nan,nan,nan,nan,1.885521885521881241e-02,nan,nan,nan,nan,nan,nan,nan,nan,nan,nan,nan,nan,nan,nan,nan,nan,nan,-1.178451178451183148e-02,nan,nan,nan,nan,nan,nan,nan,1.101010101010100328e-01,-1.279461279461282554e-02,nan,nan,2.922558922558922134e-01,nan,6.734006734006703354e-03,1.346801346801274014e-03,nan,nan,nan,nan,nan,-6.734006734006925182e-04,nan,nan,nan,nan,nan,nan,nan,nan,2.185185185185184731e-01,nan,nan,1.430976430976430291e-01,nan,nan
nan,nan,nan,nan,-7.381370826010547233e-03,nan,nan,nan,nan,nan,nan,-3.514938488576457940e-03,nan,nan,nan,nan,nan,nan,nan,0.000000000000000000e+00,nan,nan,nan,nan,nan,nan,nan,nan,nan,-1.089630931458700561e-02,nan,nan,nan,nan,nan,nan,nan,nan,-7.381370826010545672e-02,-2.460456942003519214e-03,nan,nan,nan,nan,-7.029876977152915880e-03,nan,nan,nan,nan,nan,-7.732864674868189861e-03,nan,nan,-2.108963093145872422e-02,nan,nan,nan,nan,nan,-7.978910369068543951e-02,nan,nan,nan,nan,nan
nan,nan,nan,nan,nan,nan,nan,nan,nan,nan,nan,2.000000000000000111e-01,nan,nan,nan,nan,nan,nan,nan,nan,nan,nan,nan,nan,nan,nan,nan,nan,nan,5.126353790613717709e-02,nan,nan,nan,nan,nan,nan,nan,nan,1.018050541516245244e-01,nan,nan,1.642599277978339656e-01,1.985559566787003793e-01,nan,0.000000000000000000e+00,nan,nan,4.079422382671482605e-02,nan,nan,nan,nan,nan,5.956678700361012213e-02,nan,nan,nan,nan,nan,8.664259927797834937e-02,2.108303249097473187e-01,nan,nan,nan,nan
nan,nan,nan,nan,nan,nan,nan,nan,nan,nan,nan,-6.770833333333334259e-02,nan,nan,nan,nan,nan,nan,nan,nan,nan,nan,nan,nan,nan,nan,nan,nan,nan,-1.368055555555555691e-01,nan,nan,nan,nan,nan,nan,nan,nan,-3.923611111111113825e-02,nan,nan,2.673611111111109245e-02,nan,nan,-2.020833333333333925e-01,nan,nan,-3.576388888888892836e-02,nan,nan,3.472222222222209886e-04,nan,nan,0.000000000000000000e+00,nan,nan,nan,nan,nan,-4.791666666666669766e-02,nan,nan,-1.145833333333335854e-02,nan,nan
nan,nan,nan,nan,nan,nan,nan,nan,nan,nan,nan,-6.586620926243566543e-02,nan,nan,nan,nan,nan,nan,nan,nan,nan,nan,nan,nan,nan,nan,nan,nan,nan,-2.415094339622641806e-01,nan,nan,nan,nan,nan,nan,nan,nan,-1.475128644939965872e-02,6.861063464837057879e-04,nan,-5.866209262435675281e-02,nan,nan,-2.157804459691251842e-01,nan,nan,nan,nan,nan,-1.684391080617495540e-01,nan,nan,nan,nan,nan,nan,nan,nan,-1.234991423670668692e-01,nan,0.000000000000000000e+00,-1.029159519725542093e-03,nan,nan
nan,nan,nan,nan,3.454231433505982945e-04,nan,nan,nan,nan,nan,nan,-4.525043177892919960e-02,nan,nan,nan,nan,nan,nan,nan,-2.763385146804841867e-03,nan,nan,nan,nan,nan,nan,nan,nan,nan,-1.485319516407599370e-02,nan,nan,nan,nan,nan,nan,nan,nan,1.761658031088082429e-02,3.799654576856647918e-03,nan,nan,nan,nan,3.108808290155451546e-03,nan,nan,1.278065630397235905e-02,nan,nan,8.635578583765124439e-03,nan,nan,nan,nan,nan,nan,nan,nan,-6.908462867012089836e-02,nan,nan,nan,nan,nan
nan,nan,nan,nan,nan,7.180385288966728563e-02,nan,nan,nan,nan,nan,9.702276707530652078e-02,nan,nan,nan,nan,nan,nan,nan,nan,nan,nan,nan,nan,nan,nan,nan,nan,nan,8.021015761821373435e-02,nan,nan,nan,nan,nan,nan,nan,nan,4.343257443082315650e-02,nan,nan,4.413309982486870314e-02,7.390542907180390475e-02,9.352014010507885000e-02,1.611208406304733692e-02,nan,nan,nan,nan,nan,nan,nan,nan,nan,nan,nan,nan,nan,nan,1.481611208406305169e-01,nan,nan,1.719789842381787004e-01,nan,nan
nan,nan,nan,nan,1.027777777777777873e-01,nan,2.468750000000000389e-01,nan,nan,nan,nan,1.562500000000000278e-01,nan,nan,nan,nan,nan,nan,nan,0.000000000000000000e+00,nan,nan,nan,nan,nan,nan,nan,nan,nan,-1.527777777777776860e-02,nan,nan,nan,nan,nan,nan,nan,nan,-3.472222222222187769e-03,1.750000000000000444e-01,nan,nan,nan,nan,1.076388888888890616e-02,nan,nan,nan,nan,nan,nan,nan,nan,nan,nan,nan,nan,nan,nan,1.861111111111111160e-01,nan,nan,1.947916666666667240e-01,nan,nan
nan,nan,nan,nan,nan,nan,nan,nan,nan,nan,nan,-1.680960548885078801e-02,nan,nan,nan,nan,nan,nan,nan,nan,nan,nan,nan,nan,nan,nan,nan,nan,nan,-1.502572898799313939e-01,nan,nan,nan,nan,nan,nan,nan,-1.217838765008576463e-01,-1.032590051457975971e-01,nan,nan,-5.831903945111493667e-03,nan,0.000000000000000000e+00,-2.370497427101200816e-01,nan,nan,nan,nan,nan,-5.728987993138935642e-02,nan,nan,-3.396226415094338869e-02,nan,nan,nan,nan,nan,-2.950257289879932784e-02,nan,nan,nan,nan,nan
nan,nan,nan,nan,2.517985611510798090e-03,nan,-6.007194244604315003e-02,nan,nan,nan,7.194244604316613056e-04,-7.158273381294963378e-02,nan,nan,nan,nan,nan,nan,nan,-2.158273381294961799e-03,nan,nan,nan,nan,nan,nan,nan,nan,nan,-9.928057553956833037e-02,nan,nan,nan,nan,nan,nan,nan,nan,-6.079136690647481828e-02,-1.233812949640287621e-01,nan,nan,nan,nan,1.762589928057556321e-02,nan,nan,nan,nan,nan,nan,nan,nan,nan,nan,nan,nan,nan,nan,-1.075539568345323660e-01,nan,nan,nan,nan,nan
nan,nan,nan,nan,nan,3.953488372093023895e-02,nan,nan,nan,nan,nan,8.770764119601329178e-02,nan,nan,nan,nan,nan,nan,nan,nan,nan,nan,nan,nan,nan,nan,nan,nan,nan,8.837209302325584048e-02,nan,nan,nan,nan,nan,nan,nan,nan,7.342192691029902907e-02,nan,nan,1.039867109634551728e-01,nan,1.129568106312292680e-01,nan,nan,nan,nan,nan,nan,nan,nan,nan,nan,nan,nan,nan,nan,nan,1.740863787375415694e-01,1.893687707641196483e-01,1.162790697674420670e-02,1.378737541528239352e-01,nan,nan
nan,nan,nan,nan,2.072538860103623377e-03,nan,nan,nan,nan,nan,nan,-5.906735751295335429e-02,nan,nan,nan,nan,nan,nan,nan,-2.335060449050086473e-01,nan,nan,nan,nan,nan,nan,nan,nan,nan,-1.972366148531951580e-01,nan,nan,nan,nan,nan,nan,nan,nan,-1.036269430051794992e-03,6.217616580310869265e-03,nan,nan,nan,nan,-1.236614853195164149e-01,nan,nan,nan,nan,nan,nan,nan,nan,1.727115716753024974e-03,nan,nan,nan,nan,nan,-8.048359240069083431e-02,nan,nan,-6.079447322970638057e-02,nan,nan
nan,nan,nan,nan,-7.253886010362697867e-03,nan,nan,nan,nan,nan,-2.138169257340241658e-01,-2.901554404145080188e-02,nan,nan,nan,nan,nan,nan,nan,-6.908462867012188152e-04,nan,nan,nan,nan,nan,nan,nan,nan,nan,-2.072538860103630837e-02,nan,nan,nan,nan,nan,nan,nan,nan,-2.317789291882556557e-01,-1.119170984455958584e-01,nan,nan,nan,nan,nan,nan,nan,-2.314335060449052017e-02,nan,nan,nan,nan,nan,-1.865284974093265463e-02,nan,nan,nan,nan,nan,-1.184801381692573707e-01,nan,nan,nan,nan,nan
nan,nan,nan,nan,nan,nan,nan,nan,nan,nan,nan,4.574468085106388887e-02,nan,nan,nan,nan,nan,nan,nan,nan,nan,nan,nan,nan,nan,nan,nan,nan,nan,-8.156028368794287706e-03,nan,nan,nan,nan,nan,nan,nan,nan,9.716312056737592961e-02,nan,nan,1.099290780141844309e-01,nan,1.652482269503546541e-01,-4.964539007092150236e-03,nan,nan,4.609929078014241358e-03,nan,nan,-7.092198581560271373e-03,nan,nan,nan,nan,nan,nan,nan,nan,7.978723404255322338e-02,nan,nan,1.581560283687943880e-01,nan,nan
nan,nan,nan,nan,3.635701275045538083e-01,nan,nan,nan,nan,nan,nan,3.668488160291439315e-01,nan,nan,nan,nan,nan,nan,nan,nan,2.954462659380692191e-01,nan,nan,nan,nan,nan,nan,nan,nan,3.646630236794171642e-01,nan,nan,nan,nan,nan,nan,nan,nan,3.417122040072860245e-01,2.987249544626594533e-01,nan,nan,nan,nan,3.551912568306011542e-01,nan,nan,nan,nan,nan,1.489981785063752562e-01,nan,nan,1.329690346083788888e-01,nan,nan,nan,nan,nan,2.834244080145719713e-01,nan,nan,nan,nan,nan
nan,nan,nan,nan,-1.065719360568384523e-03,nan,nan,nan,nan,nan,nan,-1.087033747779751341e-01,nan,nan,nan,nan,nan,nan,nan,-3.552397868561318786e-04,nan,nan,nan,nan,nan,nan,nan,nan,nan,-3.161634103019537317e-02,nan,nan,nan,nan,nan,nan,nan,nan,5.328596802841911555e-03,7.104795737122526983e-04,nan,nan,nan,nan,7.460035523978692309e-03,nan,nan,nan,nan,nan,0.000000000000000000e+00,nan,nan,-6.039076376554175854e-03,nan,nan,nan,nan,nan,-8.099467140319716041e-02,nan,nan,nan,nan,nan
nan,nan,nan,nan,nan,nan,nan,nan,nan,nan,nan,-1.211703958691910665e-01,nan,nan,nan,nan,nan,nan,nan,nan,nan,nan,nan,nan,nan,nan,nan,nan,nan,-2.616179001721172931e-02,nan,nan,nan,nan,nan,nan,nan,nan,-3.752151462994839093e-02,nan,nan,-4.096385542168675536e-02,nan,nan,-1.724612736660929568e-01,nan,nan,nan,0.000000000000000000e+00,nan,0.000000000000000000e+00,nan,nan,-9.982788296041312376e-03,nan,nan,nan,nan,nan,-1.511187607573150071e-01,nan,0.000000000000000000e+00,nan,nan,nan
nan,nan,nan,nan,7.017543859649145056e-04,nan,nan,nan,nan,nan,nan,1.543859649122809527e-02,nan,nan,nan,nan,nan,nan,nan,4.561403508771932902e-03,nan,nan,nan,nan,nan,nan,nan,nan,nan,-4.771929824561401551e-02,nan,nan,nan,nan,nan,nan,nan,nan,4.912280701754412164e-03,7.017543859649366233e-04,nan,nan,nan,nan,-1.501754385964912120e-01,nan,nan,nan,nan,nan,0.000000000000000000e+00,nan,nan,-1.649122807017541076e-02,nan,nan,nan,nan,nan,-3.438596491228067265e-02,nan,nan,nan,nan,nan
nan,nan,nan,nan,-1.763668430335096904e-03,nan,nan,nan,nan,nan,nan,-4.550264550264550290e-02,nan,nan,nan,nan,nan,nan,nan,-6.349206349206349201e-03,7.054673721340387399e-04,nan,nan,nan,nan,nan,nan,nan,nan,-5.326278659611992372e-02,nan,nan,nan,nan,nan,nan,nan,nan,-7.125220458553792324e-02,-7.160493827160493985e-02,nan,nan,nan,nan,-7.019400352733685955e-02,nan,nan,-6.701940035273368408e-03,nan,nan,nan,nan,nan,nan,nan,nan,nan,nan,nan,-8.148148148148147418e-02,nan,nan,nan,nan,nan
nan,nan,nan,nan,nan,nan,nan,nan,nan,nan,nan,9.598603839441535723e-02,nan,nan,nan,nan,nan,nan,nan,nan,nan,nan,nan,nan,nan,nan,nan,nan,nan,2.059336823734729885e-02,nan,nan,nan,nan,nan,nan,nan,nan,2.373472949389179160e-02,nan,nan,1.364746945898778208e-01,1.312390924956369775e-01,nan,8.726003490401378765e-03,nan,nan,nan,nan,nan,2.513089005235598014e-02,nan,nan,-1.465968586387433881e-02,nan,nan,nan,nan,nan,2.013961605584642101e-01,nan,nan,1.476439790575916344e-01,nan,nan
nan,nan,nan,nan,0.000000000000000000e+00,nan,nan,nan,nan,nan,nan,-1.063520871143375512e-01,nan,nan,nan,nan,nan,nan,nan,-1.088929219600720619e-03,nan,nan,nan,nan,nan,nan,nan,nan,nan,-1.270417422867511394e-02,nan,nan,nan,nan,nan,nan,nan,nan,3.883847549909257013e-02,-2.903811252268584560e-03,nan,nan,nan,nan,-5.335753176043554757e-02,nan,nan,nan,nan,nan,-3.629764065335771899e-04,nan,nan,6.896551724137933541e-03,nan,nan,nan,nan,nan,-9.183303085299453217e-02,nan,nan,nan,nan,nan
nan,nan,nan,nan,-1.171681415929203551e-01,nan,-8.141592920353980106e-03,nan,nan,nan,-3.539823008849563111e-03,nan,nan,nan,nan,nan,nan,nan,nan,nan,nan,nan,nan,nan,nan,nan,nan,nan,nan,-4.424778761061946841e-02,nan,nan,nan,nan,nan,nan,nan,nan,1.097345132743362574e-02,-9.911504424778760577e-03,nan,nan,nan,nan,-3.185840707964604588e-03,nan,nan,-2.123893805309735525e-02,nan,nan,-1.380530973451328178e-02,nan,nan,nan,nan,nan,nan,nan,nan,-9.522123893805310713e-02,nan,nan,nan,nan,nan
nan,nan,nan,nan,7.042253521126751181e-04,nan,nan,nan,nan,nan,nan,-9.154929577464776536e-03,nan,nan,nan,nan,nan,nan,nan,-9.859154929577451654e-03,nan,nan,nan,nan,nan,nan,nan,nan,nan,-1.517605633802816822e-01,nan,nan,nan,nan,nan,nan,nan,nan,-2.922535211267605210e-02,0.000000000000000000e+00,nan,nan,nan,nan,-7.042253521126759508e-02,nan,nan,nan,nan,nan,nan,nan,nan,-4.929577464788725827e-03,nan,nan,nan,nan,nan,-4.225352112676057648e-02,nan,nan,-8.556338028169012400e-02,nan,nan
nan,nan,nan,nan,nan,nan,nan,nan,nan,nan,nan,8.912280701754385359e-02,nan,nan,nan,nan,nan,nan,nan,nan,nan,nan,nan,nan,nan,nan,nan,nan,nan,6.807017543859650299e-02,nan,nan,nan,nan,nan,nan,nan,nan,3.754385964912280299e-02,nan,nan,2.838596491228070340e-01,2.031578947368421206e-01,nan,9.473684210526318872e-02,nan,nan,nan,nan,nan,0.000000000000000000e+00,nan,nan,-7.017543859649144622e-03,nan,nan,nan,nan,nan,9.859649122807016830e-02,1.389473684210526250e-01,nan,nan,nan,nan
nan,nan,nan,nan,1.052631578947371650e-03,nan,nan,nan,nan,nan,nan,-7.719298245614034104e-02,nan,nan,nan,nan,nan,nan,nan,7.017543859649145056e-04,nan,nan,nan,nan,nan,nan,nan,nan,nan,-8.421052631578940240e-03,nan,nan,nan,nan,nan,nan,nan,nan,-2.210526315789473895e-02,-3.859649122807018613e-03,nan,nan,nan,nan,nan,nan,nan,-1.649122807017544545e-02,nan,nan,-3.508771929824572528e-04,nan,nan,-3.298245614035087703e-02,nan,nan,nan,nan,nan,-7.929824561403508998e-02,nan,nan,nan,nan,nan
nan,nan,nan,nan,-1.347150259067356713e-02,nan,nan,nan,nan,nan,nan,-1.126079447322970439e-01,nan,nan,nan,nan,nan,nan,nan,-1.001727115716751805e-02,nan,nan,nan,nan,nan,nan,nan,nan,nan,-5.423143350604488211e-02,nan,nan,nan,nan,nan,nan,nan,nan,6.908462867012299825e-04,-8.981001727115711999e-03,nan,nan,nan,nan,-2.763385146804819750e-03,nan,nan,nan,nan,nan,0.000000000000000000e+00,nan,nan,-1.623488773747839772e-02,nan,nan,nan,nan,nan,-1.143350604490500633e-01,nan,nan,nan,nan,nan
nan,nan,nan,nan,1.979274611398963435e-01,nan,nan,nan,nan,nan,nan,1.789291882556130753e-01,nan,nan,nan,nan,nan,nan,nan,3.765112262521583958e-02,1.012089810017271080e-01,nan,nan,nan,nan,nan,nan,nan,nan,1.568221070811744167e-01,nan,nan,nan,nan,nan,nan,nan,nan,2.521588946459412672e-01,5.423143350604488905e-02,nan,nan,1.426597582037996137e-01,nan,1.582037996545768155e-01,nan,nan,nan,nan,nan,nan,nan,nan,nan,nan,nan,nan,nan,nan,1.340241796200344893e-01,nan,nan,nan,nan,nan
nan,nan,nan,nan,-3.533568904593664900e-04,nan,nan,nan,nan,nan,nan,8.480565371024728974e-03,nan,nan,nan,2.473498233215542987e-03,nan,nan,nan,-2.473498233215554263e-03,1.766784452296821283e-03,nan,nan,nan,nan,nan,nan,nan,nan,-1.060070671378092813e-02,nan,nan,nan,nan,nan,nan,nan,nan,-5.936395759717316700e-02,0.000000000000000000e+00,nan,nan,nan,nan,8.833922261484083646e-03,nan,nan,nan,nan,nan,nan,nan,nan,nan,nan,nan,nan,nan,nan,-9.681978798586572676e-02,nan,nan,nan,nan,nan
nan,nan,nan,nan,nan,nan,nan,nan,nan,nan,nan,-1.754385964912241703e-03,nan,nan,nan,nan,nan,nan,nan,4.175438596491228699e-02,nan,nan,nan,nan,nan,nan,nan,nan,nan,1.298245614035093906e-02,nan,nan,nan,nan,nan,nan,nan,nan,5.929824561403510691e-02,7.368421052631579649e-03,nan,2.080701754385965718e-01,nan,nan,3.508771929825016509e-04,nan,nan,3.157894736842115167e-03,nan,nan,nan,nan,nan,nan,nan,nan,nan,nan,nan,2.066666666666667207e-01,nan,nan,2.371929824561403721e-01,nan,nan
nan,nan,nan,nan,-4.713804713804714379e-03,nan,nan,nan,nan,nan,nan,-2.457912457912457896e-02,nan,nan,nan,nan,nan,nan,nan,0.000000000000000000e+00,nan,nan,nan,nan,nan,nan,nan,nan,nan,-1.818181818181817747e-02,nan,nan,nan,nan,nan,nan,nan,nan,7.407407407407406823e-03,-3.367003367003351460e-04,nan,nan,nan,nan,2.828282828282826372e-02,nan,nan,2.356902356902357189e-03,nan,nan,0.000000000000000000e+00,nan,nan,nan,nan,nan,nan,nan,nan,-7.104377104377104790e-02,nan,nan,nan,nan,nan
nan,nan,nan,nan,1.000000000000000056e-01,nan,nan,nan,nan,nan,nan,1.986254295532646486e-01,nan,nan,1.608247422680412764e-01,nan,nan,nan,nan,2.824742268041237625e-01,nan,nan,nan,nan,nan,nan,nan,nan,nan,1.512027491408940438e-02,nan,nan,nan,nan,nan,nan,nan,nan,3.608247422680416205e-02,9.140893470790380226e-02,nan,1.604810996563574288e-01,nan,nan,9.931271477663235203e-02,nan,nan,nan,nan,nan,nan,nan,nan,nan,nan,nan,nan,nan,nan,1.158075601374570773e-01,nan,nan,nan,nan,nan
nan,nan,nan,nan,-2.380952380952383596e-02,nan,nan,nan,nan,nan,nan,-3.503401360544219217e-02,nan,nan,nan,nan,nan,nan,nan,-3.027210884353739168e-02,nan,nan,nan,nan,nan,nan,nan,nan,nan,-1.051020408163265279e-01,nan,nan,nan,nan,nan,nan,nan,nan,-3.741496598639448747e-03,0.000000000000000000e+00,nan,nan,nan,nan,4.081632653061229195e-03,nan,nan,nan,nan,nan,0.000000000000000000e+00,nan,nan,-4.251700680272108013e-02,nan,nan,nan,nan,nan,-9.965986394557821426e-02,nan,nan,nan,nan,nan
nan,nan,nan,nan,-1.146953405017922013e-02,nan,nan,nan,nan,nan,nan,-9.318996415770630995e-03,nan,nan,nan,nan,nan,nan,nan,nan,-3.584229390681148322e-04,nan,nan,nan,nan,nan,nan,nan,nan,-9.856630824372762667e-02,nan,nan,nan,nan,nan,nan,nan,nan,-3.512544802867385851e-02,1.433691756272392759e-03,nan,-5.412186379928317359e-02,nan,-2.903225806451613725e-02,1.397849462365590226e-02,nan,nan,nan,nan,nan,nan,nan,nan,nan,nan,nan,nan,nan,nan,-7.491039426523299349e-02,nan,nan,nan,nan,nan
nan,nan,nan,nan,-7.233273056057920375e-04,nan,nan,nan,nan,nan,nan,-4.050632911392407914e-02,nan,nan,nan,nan,nan,nan,nan,4.339963833634696497e-03,nan,nan,nan,nan,nan,nan,nan,nan,nan,-7.594936708860762498e-02,nan,nan,nan,nan,nan,nan,nan,nan,-3.399638336347199363e-02,5.424954792043368453e-03,nan,nan,nan,nan,-1.374321880650994920e-01,nan,nan,nan,nan,0.000000000000000000e+00,-2.169981916817365162e-03,nan,nan,nan,nan,nan,nan,nan,nan,-7.160940325497289205e-02,nan,nan,nan,nan,nan
nan,nan,nan,nan,-6.944444444444444753e-02,nan,nan,nan,nan,nan,nan,-2.708333333333333773e-02,nan,nan,nan,nan,nan,nan,nan,-1.319444444444443053e-02,nan,nan,nan,nan,nan,nan,nan,nan,nan,-1.267361111111111049e-01,nan,nan,nan,nan,nan,nan,nan,nan,-8.680555555555557676e-03,0.000000000000000000e+00,nan,nan,nan,nan,1.770833333333332593e-02,nan,nan,-7.187499999999999445e-02,nan,nan,-2.708333333333334814e-02,nan,nan,nan,nan,nan,nan,nan,nan,-8.541666666666666852e-02,nan,nan,nan,nan,nan
nan,nan,nan,nan,nan,nan,nan,nan,nan,nan,nan,-4.895104895104899351e-02,nan,nan,nan,nan,nan,nan,nan,nan,-4.160839160839162332e-02,nan,nan,nan,nan,nan,nan,nan,nan,-4.650349650349652059e-02,nan,nan,nan,nan,nan,nan,nan,nan,-5.174825174825177510e-02,-4.545454545454546968e-02,nan,nan,nan,nan,-4.545454545454546968e-02,nan,nan,1.048951048951030085e-03,nan,nan,-7.692307692307709215e-03,nan,nan,-1.597902097902098029e-01,nan,nan,nan,nan,nan,-7.027972027972030633e-02,nan,nan,nan,nan,nan
nan,nan,nan,nan,-3.535714285714285088e-02,nan,nan,nan,nan,nan,nan,3.928571428571436645e-03,nan,nan,nan,nan,nan,nan,nan,nan,nan,nan,nan,nan,nan,nan,nan,nan,nan,-1.032142857142857029e-01,nan,nan,nan,nan,nan,nan,nan,nan,-1.064285714285714279e-01,-7.285714285714285643e-02,nan,8.571428571428585733e-03,nan,8.214285714285739920e-03,nan,nan,nan,nan,0.000000000000000000e+00,0.000000000000000000e+00,nan,nan,nan,nan,nan,nan,nan,nan,nan,-9.607142857142855763e-02,nan,nan,nan,nan,nan
nan,nan,nan,nan,nan,nan,nan,nan,nan,nan,nan,2.322357019064126213e-02,nan,nan,nan,nan,nan,nan,nan,nan,nan,nan,nan,nan,nan,nan,nan,nan,nan,2.807625649913346802e-02,nan,nan,nan,nan,nan,nan,nan,nan,-3.258232235701909868e-02,nan,nan,1.005199306759098771e-01,nan,1.077989601386481755e-01,-1.733102253032929932e-02,nan,nan,nan,nan,nan,3.674176776429810554e-02,nan,nan,nan,nan,nan,nan,nan,nan,3.466204506065856394e-02,nan,8.006932409012131047e-02,1.005199306759098771e-01,nan,nan
nan,nan,nan,nan,7.643979057591625270e-02,nan,nan,nan,nan,nan,nan,1.490401396160558334e-01,nan,nan,nan,nan,nan,nan,nan,1.172774869109947937e-01,nan,nan,nan,nan,nan,nan,nan,nan,nan,1.769633507853403398e-01,nan,nan,nan,nan,nan,nan,nan,nan,1.012216404886562282e-01,2.792321116928486811e-03,nan,nan,2.038394415357766554e-01,nan,1.378708551483421030e-01,nan,nan,nan,nan,nan,0.000000000000000000e+00,nan,nan,nan,nan,nan,nan,nan,nan,1.472949389179755986e-01,nan,nan,nan,nan,nan
nan,nan,nan,nan,nan,nan,nan,nan,nan,nan,nan,1.115107913669064060e-01,nan,nan,nan,nan,nan,nan,nan,nan,nan,nan,nan,nan,nan,nan,nan,nan,nan,6.690647482014382141e-02,nan,nan,nan,nan,nan,nan,nan,1.694244604316546277e-01,8.633093525179852401e-02,nan,nan,2.719424460431653645e-01,2.633093525179855399e-01,nan,8.992805755395678891e-02,nan,nan,nan,nan,nan,-1.079136690647541832e-03,nan,nan,4.748201438848918127e-02,nan,nan,nan,nan,nan,1.269784172661869992e-01,nan,nan,nan,nan,nan
nan,nan,nan,nan,nan,nan,nan,nan,nan,nan,nan,-1.286219081272084730e-01,nan,nan,nan,nan,nan,nan,nan,-3.816254416961126911e-02,nan,nan,nan,nan,nan,nan,nan,nan,nan,-2.289752650176678228e-01,nan,nan,nan,nan,nan,nan,nan,nan,-1.837455830388692313e-01,1.201413427561839366e-02,nan,-1.731448763250880221e-02,nan,nan,-2.727915194346289818e-01,nan,nan,nan,nan,nan,-2.084805653710247175e-01,nan,nan,nan,nan,nan,nan,nan,nan,-9.575971731448761071e-02,nan,nan,-3.922261484098937823e-02,nan,nan
nan,nan,nan,nan,1.369863013698630061e-02,nan,nan,nan,nan,nan,nan,-3.424657534246575846e-02,nan,nan,nan,nan,nan,nan,nan,5.479452054794520591e-03,nan,nan,nan,nan,nan,nan,nan,nan,nan,1.952054794520547906e-02,nan,nan,nan,nan,nan,nan,nan,nan,2.431506849315068219e-02,6.164383561643838050e-03,nan,nan,-4.726027397260273988e-02,-1.054794520547945175e-01,-1.476027397260274154e-01,nan,nan,nan,nan,nan,nan,nan,nan,nan,nan,nan,nan,nan,nan,-9.691780821917807265e-02,nan,nan,nan,nan,nan
nan,nan,nan,nan,-1.557093425605539025e-02,nan,nan,nan,nan,nan,nan,-6.920415224913512367e-03,nan,nan,nan,nan,nan,nan,nan,-4.498269896193775319e-02,nan,nan,nan,nan,nan,nan,nan,nan,nan,-8.096885813148792244e-02,nan,nan,nan,nan,nan,nan,nan,nan,-2.422145328719725946e-02,-7.612456747404861175e-03,nan,-5.916955017301041286e-02,nan,nan,-5.951557093425606515e-02,nan,nan,-2.220446049250313204e-17,nan,nan,nan,nan,nan,nan,nan,nan,nan,nan,nan,-8.373702422145330726e-02,nan,nan,nan,nan,nan
nan,nan,nan,nan,nan,nan,nan,nan,nan,nan,nan,-2.365217391304347272e-02,nan,nan,nan,nan,nan,nan,nan,0.000000000000000000e+00,nan,nan,nan,nan,nan,nan,nan,nan,nan,3.617391304347826464e-02,nan,nan,nan,nan,nan,nan,nan,nan,-7.652173913043469784e-03,0.000000000000000000e+00,nan,-1.565217391304345521e-02,nan,nan,-1.391304347826086661e-02,nan,nan,nan,nan,nan,0.000000000000000000e+00,nan,nan,0.000000000000000000e+00,nan,nan,nan,nan,nan,-1.519999999999999962e-01,nan,nan,nan,nan,nan
nan,nan,nan,nan,-1.204379562043795746e-02,nan,nan,nan,nan,nan,nan,-1.459854014598560654e-03,nan,nan,nan,nan,nan,nan,nan,-1.715328467153288614e-02,nan,nan,nan,nan,nan,nan,nan,nan,nan,-2.189781021897829923e-03,nan,nan,nan,nan,nan,nan,nan,nan,-2.773722627737228510e-02,-2.226277372262774890e-02,nan,nan,nan,nan,-1.204379562043799215e-02,nan,nan,nan,nan,nan,0.000000000000000000e+00,nan,nan,-3.905109489051096505e-02,nan,nan,nan,nan,nan,-1.510948905109489315e-01,nan,nan,nan,nan,nan
nan,nan,nan,nan,nan,nan,nan,nan,nan,nan,nan,2.155629139072847145e-01,nan,nan,nan,nan,nan,nan,nan,nan,1.831125827814569507e-01,nan,nan,nan,nan,nan,nan,nan,nan,1.821192052980132314e-01,nan,nan,nan,nan,nan,nan,nan,nan,1.447019867549668715e-01,2.112582781456953662e-01,nan,nan,nan,nan,2.579470198675496428e-01,nan,nan,1.754966887417215224e-02,nan,nan,1.354304635761589271e-01,nan,nan,1.387417218543046116e-01,nan,nan,nan,nan,nan,1.201986754966886950e-01,nan,nan,nan,nan,nan
nan,nan,nan,nan,7.155322862129138983e-02,nan,nan,nan,nan,nan,nan,1.926701570680627584e-01,nan,nan,nan,nan,nan,nan,nan,9.424083769633485180e-03,nan,nan,nan,nan,nan,nan,nan,nan,nan,3.141361256544450246e-03,nan,nan,nan,nan,nan,nan,nan,nan,1.689354275741709877e-01,2.792321116928444397e-02,nan,nan,2.143106457242582308e-01,nan,5.165794066317621475e-02,nan,nan,nan,nan,nan,nan,nan,nan,nan,nan,nan,nan,nan,nan,2.572425828970331674e-01,nan,nan,2.680628272251308064e-01,nan,nan
nan,nan,nan,nan,nan,nan,nan,nan,nan,nan,nan,2.484629294755876516e-01,nan,nan,nan,nan,nan,nan,nan,nan,nan,nan,nan,nan,nan,nan,nan,nan,nan,-3.254972875226092195e-03,nan,nan,nan,nan,nan,nan,nan,nan,1.594936708860758834e-01,nan,nan,2.596745027124773286e-01,nan,nan,1.193490054249541840e-02,nan,nan,nan,nan,2.300180831826401096e-01,0.000000000000000000e+00,nan,nan,1.048824593128390437e-01,nan,nan,nan,nan,nan,1.482820976491862064e-01,nan,nan,2.318264014466545897e-01,nan,nan
nan,nan,nan,nan,nan,nan,nan,nan,nan,nan,nan,-1.926444833625218234e-02,nan,nan,nan,nan,nan,nan,nan,nan,nan,nan,nan,nan,nan,nan,nan,nan,nan,8.756567425569173474e-03,nan,nan,nan,nan,nan,nan,nan,nan,-1.443082311733800416e-01,nan,nan,-3.782837127845885966e-02,nan,-2.872154115586692674e-02,-5.394045534150613413e-02,nan,nan,-9.807355516637495177e-03,nan,0.000000000000000000e+00,nan,nan,nan,3.152364273204899623e-03,nan,nan,nan,nan,nan,-1.765323992994745905e-01,nan,nan,nan,nan,nan
nan,nan,nan,nan,-1.718213058419237882e-03,nan,nan,nan,nan,nan,nan,-2.749140893470758493e-03,nan,nan,nan,nan,nan,nan,nan,-2.127147766323023714e-01,nan,nan,nan,nan,nan,nan,nan,nan,nan,-3.402061855670102108e-02,nan,nan,nan,nan,nan,nan,nan,nan,-4.536082474226801192e-02,-3.436426116838364633e-04,nan,nan,nan,nan,-5.498281786941579263e-02,nan,nan,nan,nan,nan,-1.718213058419237882e-03,nan,nan,-5.841924398625431350e-03,nan,nan,nan,nan,nan,-9.381443298969069366e-02,nan,nan,nan,nan,nan
nan,nan,nan,nan,-3.449477351916376000e-02,nan,nan,nan,nan,nan,nan,-1.205574912891985984e-01,nan,nan,nan,-5.714285714285712720e-02,nan,nan,nan,-5.574912891986060978e-03,nan,nan,nan,nan,nan,nan,nan,nan,nan,-7.735191637630658978e-02,nan,nan,nan,nan,nan,nan,nan,nan,-7.526132404181182234e-02,-7.003484320557488985e-02,nan,nan,nan,4.181184668989567851e-03,-1.083623693379790753e-01,nan,nan,nan,nan,nan,nan,nan,nan,nan,nan,nan,nan,nan,nan,-1.073170731707316639e-01,nan,nan,nan,nan,nan
nan,nan,nan,nan,nan,nan,nan,nan,nan,nan,nan,7.001675041876047334e-02,nan,nan,nan,nan,nan,nan,nan,nan,nan,nan,nan,nan,nan,nan,nan,nan,nan,-2.110552763819095734e-02,nan,nan,nan,nan,nan,nan,nan,1.648241206030150452e-01,2.713567839195978396e-02,nan,nan,1.889447236180904210e-01,nan,nan,4.757118927973198741e-02,nan,nan,nan,nan,nan,0.000000000000000000e+00,nan,nan,2.010050251256267732e-03,nan,nan,nan,nan,nan,2.747068676716917304e-02,nan,nan,2.053601340033500977e-01,nan,nan
nan,nan,nan,nan,nan,nan,nan,nan,nan,nan,nan,1.030927835051543770e-02,nan,nan,nan,nan,nan,nan,nan,nan,-2.061855670103096734e-03,nan,nan,nan,nan,nan,nan,nan,nan,1.924398625429550938e-02,nan,nan,nan,nan,nan,nan,nan,nan,6.529209621993103951e-03,-1.752577319587630272e-02,nan,-1.759450171821305697e-01,nan,nan,-2.061855670103094479e-02,nan,nan,nan,nan,nan,3.436426116838475764e-04,nan,nan,-2.233676975945016879e-02,nan,nan,nan,nan,nan,-1.213058419243986386e-01,nan,nan,nan,nan,nan
nan,nan,nan,nan,nan,nan,nan,nan,nan,nan,nan,1.903914590747330937e-01,nan,nan,nan,nan,nan,nan,nan,nan,nan,nan,nan,nan,nan,nan,nan,nan,nan,3.629893238434163394e-02,nan,nan,nan,nan,nan,nan,nan,nan,1.519572953736654797e-01,nan,nan,5.943060498220640447e-02,nan,1.195729537366548023e-01,9.644128113879005260e-02,nan,nan,3.807829181494661042e-02,nan,nan,-2.491103202846955966e-03,nan,nan,2.918149466192172456e-02,nan,nan,nan,nan,nan,1.619217081850533868e-01,nan,nan,nan,nan,nan
nan,nan,nan,nan,nan,nan,nan,nan,nan,nan,nan,-4.539249146757681069e-02,nan,nan,nan,nan,nan,nan,nan,nan,nan,nan,nan,nan,nan,nan,nan,nan,nan,-2.921501706484641581e-01,nan,nan,nan,nan,nan,nan,nan,nan,-1.808873720136519037e-01,nan,nan,-6.757679180887374293e-02,nan,nan,-3.040955631399318015e-01,nan,nan,-2.433447098976109224e-01,nan,nan,-1.720136518771331335e-01,nan,nan,-2.481228668941979909e-01,nan,nan,nan,nan,nan,-1.331058020477815795e-01,nan,nan,-1.197952218430033966e-01,nan,nan
