nan,nan,nan,nan,nan,nan,nan,nan,nan,nan,nan,nan,nan,nan,nan,nan,nan,nan,nan,5.942857142857138619e-03,nan,nan,nan,nan,nan,nan,nan,nan,nan,-2.285714285714313208e-03,nan,nan,nan,nan,nan,nan,nan,nan,0.000000000000000000e+00,-1.234285714285712245e-02,nan,0.000000000000000000e+00,nan,nan,-1.417142857142856746e-02,nan,nan,-4.440892098500626408e-17,nan,nan,nan,nan,2.285714285714446402e-04,4.571428571428448823e-04,nan,nan,nan,nan,nan,0.000000000000000000e+00,nan,nan,nan,nan,nan
nan,nan,nan,nan,1.001164144353900928e-02,nan,nan,nan,nan,nan,nan,nan,nan,nan,nan,nan,nan,nan,nan,nan,6.984866123399324778e-03,nan,nan,nan,nan,nan,nan,nan,nan,nan,nan,nan,7.450523864959280110e-03,nan,nan,nan,nan,0.000000000000000000e+00,0.000000000000000000e+00,nan,1.140861466821887528e-02,nan,2.095459837019797260e-03,nan,nan,nan,nan,nan,nan,nan,nan,nan,nan,nan,nan,nan,9.313154831199099704e-03,nan,nan,nan,nan,nan,nan,4.889406286379527518e-03,-2.328288707799775034e-04
5.701559020044544290e-02,0.000000000000000000e+00,nan,nan,2.672605790645898784e-03,nan,nan,nan,nan,nan,nan,1.781737193763910333e-03,nan,nan,3.942093541202673634e-02,nan,nan,nan,nan,1.113585746102450057e-02,nan,nan,nan,nan,nan,nan,nan,2.694877505567929571e-02,nan,0.000000000000000000e+00,nan,nan,nan,nan,nan,nan,nan,nan,nan,nan,nan,0.000000000000000000e+00,nan,nan,nan,nan,nan,nan,nan,nan,nan,nan,nan,nan,nan,nan,nan,nan,nan,nan,nan,nan,nan,nan,3.496659242761692571e-02
nan,nan,nan,nan,nan,nan,nan,nan,nan,nan,nan,nan,nan,nan,-6.451612903225845477e-03,nan,nan,nan,nan,nan,nan,nan,nan,nan,nan,nan,nan,nan,nan,nan,4.449388209120774926e-04,nan,nan,nan,nan,nan,nan,0.000000000000000000e+00,0.000000000000000000e+00,nan,-3.781979977753069464e-03,nan,nan,2.224694104560609453e-03,-2.091212458286988499e-02,nan,0.000000000000000000e+00,nan,nan,nan,nan,nan,nan,nan,nan,nan,nan,nan,nan,0.000000000000000000e+00,nan,nan,nan,nan,-1.112347052280338120e-03
nan,0.000000000000000000e+00,nan,nan,nan,nan,nan,nan,nan,nan,nan,-2.051282051282046076e-02,nan,nan,-9.557109557109533249e-03,nan,nan,nan,nan,nan,nan,nan,nan,nan,nan,nan,nan,nan,nan,nan,8.857808857808891628e-03,nan,nan,nan,-4.662004662004637714e-03,nan,nan,0.000000000000000000e+00,0.000000000000000000e+00,nan,nan,nan,nan,nan,6.293706293706291532e-03,nan,0.000000000000000000e+00,nan,nan,nan,nan,nan,nan,nan,nan,nan,nan,nan,nan,0.000000000000000000e+00,nan,nan,nan,nan,nan
nan,nan,nan,nan,nan,nan,nan,nan,nan,nan,-1.606334841628958079e-02,nan,nan,nan,nan,nan,nan,nan,nan,-3.371040723981901660e-02,nan,nan,nan,nan,nan,nan,nan,nan,nan,-2.805429864253392719e-02,nan,nan,nan,nan,nan,nan,nan,nan,0.000000000000000000e+00,-3.393665158371039769e-02,nan,nan,nan,nan,-2.760180995475114418e-02,nan,nan,-4.977375565610842045e-03,nan,nan,nan,nan,-6.108597285067851601e-03,-2.714932126696822934e-03,nan,nan,nan,nan,nan,0.000000000000000000e+00,nan,nan,nan,nan,nan
nan,nan,nan,nan,nan,nan,nan,nan,nan,nan,nan,-2.126696832579189067e-02,nan,nan,nan,nan,nan,nan,nan,nan,nan,nan,nan,nan,nan,nan,nan,nan,nan,-3.800904977375570148e-02,-1.063348416289595574e-02,nan,nan,nan,-1.221719457013581422e-02,nan,nan,0.000000000000000000e+00,nan,nan,nan,nan,nan,0.000000000000000000e+00,-1.628959276018104863e-02,nan,nan,-3.846153846153921394e-03,nan,nan,0.000000000000000000e+00,nan,nan,-2.488687782805487810e-03,nan,nan,nan,nan,nan,nan,nan,nan,nan,nan,nan
nan,nan,nan,nan,nan,nan,nan,nan,nan,nan,nan,5.681818181818188047e-03,nan,nan,nan,nan,nan,nan,nan,1.250000000000002151e-02,2.045454545454594621e-03,nan,nan,nan,nan,nan,nan,nan,nan,-4.090909090909056536e-03,nan,nan,nan,nan,nan,nan,nan,0.000000000000000000e+00,0.000000000000000000e+00,nan,nan,nan,nan,nan,nan,nan,nan,-1.249999999999993304e-02,nan,nan,nan,-3.409090909090895048e-03,nan,nan,nan,nan,nan,nan,nan,0.000000000000000000e+00,1.136363636363639865e-02,nan,nan,nan,nan
nan,nan,nan,nan,nan,nan,nan,nan,nan,nan,nan,nan,nan,nan,nan,nan,nan,nan,nan,4.147465437788033608e-03,nan,nan,nan,nan,nan,nan,nan,nan,nan,-1.244239631336407914e-02,nan,nan,nan,nan,nan,nan,nan,nan,0.000000000000000000e+00,-1.912442396313365073e-02,nan,0.000000000000000000e+00,nan,nan,-3.064516129032257563e-02,nan,nan,-1.658986175115206851e-02,nan,nan,nan,nan,-2.995391705069150225e-03,-8.294930875576044665e-03,nan,nan,nan,nan,nan,nan,nan,nan,0.000000000000000000e+00,nan,nan
nan,nan,nan,nan,nan,nan,nan,nan,nan,nan,nan,1.509009009009005739e-02,nan,nan,1.644144144144144004e-02,nan,nan,nan,nan,nan,nan,nan,nan,nan,nan,3.333333333333332593e-02,nan,nan,nan,2.274774774774774785e-02,nan,nan,nan,nan,-1.801801801801805516e-03,nan,nan,nan,0.000000000000000000e+00,nan,nan,nan,nan,nan,nan,nan,nan,nan,nan,nan,nan,nan,nan,nan,nan,nan,1.193693693693691563e-02,nan,1.756756756756758936e-02,nan,1.306306306306304066e-02,nan,nan,2.252252252252251452e-02,nan
nan,nan,nan,nan,nan,nan,nan,nan,nan,nan,nan,-5.086705202312180422e-03,nan,nan,nan,nan,nan,nan,nan,nan,nan,nan,4.855491329479710849e-03,nan,nan,nan,nan,nan,nan,nan,nan,nan,nan,nan,-8.092485549132976894e-03,nan,nan,0.000000000000000000e+00,0.000000000000000000e+00,nan,nan,nan,nan,-6.011560693641638045e-03,-7.167630057803497587e-03,nan,0.000000000000000000e+00,nan,nan,nan,nan,nan,nan,nan,nan,nan,nan,nan,nan,0.000000000000000000e+00,nan,nan,-3.930635838150320013e-03,nan,nan
nan,nan,nan,nan,nan,nan,nan,nan,nan,nan,nan,1.396973224679864912e-03,nan,nan,nan,nan,nan,nan,nan,nan,nan,nan,1.094295692665894250e-02,nan,nan,nan,nan,nan,nan,nan,nan,nan,nan,nan,nan,nan,nan,0.000000000000000000e+00,0.000000000000000000e+00,nan,9.778812572759055036e-03,nan,nan,-2.188591385331777397e-02,-1.373690337601858255e-02,nan,0.000000000000000000e+00,nan,nan,nan,nan,nan,nan,nan,nan,nan,nan,nan,nan,0.000000000000000000e+00,nan,nan,-6.286379511059347544e-03,nan,nan
nan,nan,nan,nan,nan,nan,nan,nan,nan,nan,nan,-4.494382022471876681e-04,nan,nan,nan,nan,nan,nan,nan,nan,1.033707865168540484e-02,nan,nan,nan,nan,nan,nan,nan,nan,0.000000000000000000e+00,nan,nan,nan,nan,nan,nan,nan,0.000000000000000000e+00,nan,nan,nan,nan,3.573033707865169717e-02,nan,nan,nan,nan,-6.966292134831420131e-03,nan,nan,nan,2.000000000000001776e-02,1.078651685393259251e-02,nan,nan,nan,nan,nan,nan,0.000000000000000000e+00,3.505617977528090179e-02,nan,nan,nan,nan
nan,nan,nan,nan,nan,nan,nan,nan,nan,nan,nan,-1.299885974914483100e-02,nan,nan,nan,nan,nan,nan,nan,-5.245153933865487339e-03,3.192702394526758438e-03,nan,nan,nan,nan,nan,-1.140250855188185228e-03,nan,nan,-2.759407069555304057e-02,nan,nan,nan,nan,nan,nan,nan,0.000000000000000000e+00,0.000000000000000000e+00,nan,nan,nan,nan,nan,nan,nan,nan,nan,nan,nan,nan,nan,-7.069555302166486213e-03,nan,nan,nan,nan,nan,nan,0.000000000000000000e+00,1.208665906499428733e-02,nan,nan,nan,nan
nan,nan,nan,nan,nan,nan,nan,nan,nan,nan,nan,nan,nan,nan,nan,nan,nan,nan,nan,nan,1.295641931684343717e-02,nan,1.884570082449945477e-02,nan,nan,nan,nan,nan,nan,9.422850412249772489e-03,nan,nan,nan,nan,-1.743227326266187996e-02,nan,nan,0.000000000000000000e+00,nan,nan,nan,0.000000000000000000e+00,nan,nan,nan,nan,nan,-4.475853945818552941e-03,nan,nan,nan,nan,-8.480565371024661320e-03,nan,nan,nan,nan,nan,nan,0.000000000000000000e+00,1.625441696113079024e-02,nan,nan,nan,nan
nan,nan,nan,nan,nan,nan,nan,nan,nan,nan,nan,-1.196777905638670737e-02,nan,nan,-9.205983889528247116e-03,nan,nan,nan,nan,nan,nan,nan,1.680092059838895688e-02,nan,nan,nan,nan,nan,nan,0.000000000000000000e+00,nan,nan,nan,nan,nan,nan,nan,0.000000000000000000e+00,0.000000000000000000e+00,nan,nan,nan,nan,-2.531645569620288774e-03,nan,nan,0.000000000000000000e+00,nan,nan,nan,nan,nan,nan,nan,nan,nan,nan,nan,nan,0.000000000000000000e+00,nan,nan,2.301495972382045993e-02,nan,nan
nan,nan,nan,nan,nan,nan,nan,nan,nan,nan,nan,-5.251141552511428938e-03,nan,nan,nan,nan,nan,nan,nan,nan,nan,nan,1.735159817351596828e-02,nan,nan,nan,nan,nan,nan,nan,nan,nan,nan,nan,-5.707762557077633928e-03,nan,nan,0.000000000000000000e+00,0.000000000000000000e+00,nan,nan,nan,nan,0.000000000000000000e+00,2.054794520547931127e-03,nan,0.000000000000000000e+00,nan,nan,nan,nan,nan,nan,nan,nan,nan,nan,nan,nan,0.000000000000000000e+00,nan,nan,nan,nan,2.283105022831044464e-03
nan,nan,nan,nan,nan,nan,nan,nan,nan,nan,nan,-3.894616265750339319e-03,nan,nan,nan,nan,nan,nan,nan,nan,nan,nan,nan,nan,nan,nan,nan,nan,nan,0.000000000000000000e+00,nan,nan,nan,nan,nan,nan,nan,0.000000000000000000e+00,0.000000000000000000e+00,nan,nan,nan,nan,nan,nan,0.000000000000000000e+00,0.000000000000000000e+00,nan,nan,nan,nan,5.956471935853357991e-03,nan,nan,nan,nan,nan,nan,nan,0.000000000000000000e+00,5.841924398625426840e-02,nan,2.428407789232529465e-02,nan,nan
nan,nan,nan,nan,nan,nan,nan,nan,nan,nan,nan,nan,nan,nan,nan,nan,nan,nan,nan,nan,2.027027027026995047e-03,nan,nan,nan,nan,nan,nan,nan,nan,1.036036036036034301e-02,nan,nan,nan,nan,nan,nan,nan,0.000000000000000000e+00,nan,nan,nan,0.000000000000000000e+00,nan,-6.531531531531520329e-03,nan,0.000000000000000000e+00,nan,-2.477477477477507684e-03,nan,nan,nan,-7.432432432432456264e-03,-1.689189189189193099e-02,nan,nan,nan,nan,nan,nan,0.000000000000000000e+00,nan,nan,nan,nan,nan
nan,nan,nan,nan,nan,nan,nan,nan,0.000000000000000000e+00,nan,nan,nan,nan,nan,nan,nan,nan,nan,nan,nan,nan,nan,-2.083333333333325932e-03,nan,nan,nan,nan,nan,nan,6.944444444444642034e-04,nan,nan,nan,nan,nan,nan,nan,nan,0.000000000000000000e+00,-2.314814814814791701e-03,nan,nan,nan,nan,-1.620370370370372015e-02,nan,nan,-7.407407407407418098e-03,nan,nan,0.000000000000000000e+00,nan,4.398148148148139751e-03,-1.157407407407395851e-03,nan,nan,nan,nan,nan,nan,nan,nan,nan,nan,nan
nan,nan,nan,nan,nan,nan,nan,nan,nan,nan,nan,-1.061130334486741836e-02,nan,nan,nan,nan,nan,nan,nan,nan,nan,nan,3.229527104959562141e-03,nan,nan,nan,nan,nan,nan,nan,nan,nan,nan,nan,nan,nan,nan,0.000000000000000000e+00,0.000000000000000000e+00,nan,9.457900807381713557e-03,nan,nan,-3.044982698961944470e-02,-1.361014994232994171e-02,nan,-2.076124567474080251e-03,1.845444059976908326e-03,nan,nan,nan,nan,nan,nan,nan,nan,nan,nan,nan,0.000000000000000000e+00,nan,nan,nan,nan,nan
nan,nan,nan,nan,nan,nan,nan,nan,nan,nan,nan,1.919431279620853470e-02,nan,nan,nan,nan,nan,nan,nan,4.834123222748816506e-02,3.767772511848339889e-02,nan,nan,nan,nan,nan,nan,nan,nan,2.606635071090046551e-03,nan,nan,nan,nan,nan,nan,nan,0.000000000000000000e+00,0.000000000000000000e+00,nan,nan,nan,nan,nan,nan,nan,nan,nan,nan,nan,nan,nan,6.872037914691953367e-03,nan,nan,nan,nan,nan,4.075829383886253598e-02,0.000000000000000000e+00,4.834123222748813731e-02,nan,nan,nan,nan
nan,nan,nan,nan,nan,0.000000000000000000e+00,nan,nan,nan,nan,nan,nan,nan,nan,nan,nan,nan,nan,nan,-2.375296912113578128e-04,-7.125890736341400356e-04,nan,nan,nan,nan,nan,nan,nan,nan,1.045130641330169717e-02,nan,nan,nan,nan,nan,nan,nan,0.000000000000000000e+00,0.000000000000000000e+00,nan,nan,nan,nan,nan,nan,nan,nan,-7.125890736341400356e-04,nan,nan,nan,-6.650831353919151208e-03,-1.377672209026121683e-02,nan,nan,nan,nan,nan,nan,0.000000000000000000e+00,nan,nan,nan,nan,nan
nan,nan,nan,nan,nan,nan,nan,nan,nan,nan,nan,-4.656577415599550069e-04,nan,nan,nan,nan,nan,nan,nan,nan,nan,nan,1.233993015133880676e-02,nan,nan,nan,nan,nan,nan,nan,nan,nan,nan,nan,nan,nan,nan,0.000000000000000000e+00,0.000000000000000000e+00,nan,7.683352735739256908e-03,nan,nan,-1.932479627473802225e-02,-2.328288707799761742e-02,nan,0.000000000000000000e+00,nan,nan,nan,nan,nan,nan,nan,nan,nan,nan,nan,nan,0.000000000000000000e+00,nan,nan,-1.396973224679864912e-03,nan,nan
nan,nan,nan,nan,nan,nan,nan,nan,nan,nan,nan,-5.168539325842691143e-03,nan,nan,nan,nan,nan,nan,nan,nan,1.011235955056180059e-02,nan,nan,nan,nan,nan,nan,nan,nan,0.000000000000000000e+00,nan,nan,nan,nan,nan,nan,nan,0.000000000000000000e+00,nan,nan,nan,nan,2.449438202247193955e-02,nan,nan,nan,nan,-6.741573033707859257e-03,nan,nan,nan,1.977528089887641352e-02,1.258426966292136573e-02,nan,nan,nan,nan,nan,nan,0.000000000000000000e+00,1.348314606741576362e-02,nan,nan,nan,nan
nan,nan,nan,nan,nan,nan,nan,nan,nan,nan,nan,5.245153933865443104e-03,nan,nan,nan,nan,nan,nan,nan,-1.391106043329532957e-02,3.648802736602019432e-03,nan,nan,nan,nan,nan,6.841505131128799988e-04,nan,nan,-2.280501710376325788e-03,nan,nan,nan,nan,nan,nan,nan,0.000000000000000000e+00,0.000000000000000000e+00,nan,nan,nan,nan,nan,nan,nan,nan,nan,nan,nan,nan,nan,3.648802736602041550e-03,nan,nan,nan,nan,nan,nan,0.000000000000000000e+00,1.026225769669326590e-02,nan,nan,nan,nan
nan,nan,nan,nan,nan,nan,nan,nan,nan,nan,nan,nan,nan,nan,nan,nan,nan,nan,nan,nan,1.719670200235572446e-02,nan,2.096584216725565566e-02,nan,nan,nan,nan,nan,nan,1.248527679623094924e-02,nan,nan,nan,nan,-1.601884570082441270e-02,nan,nan,0.000000000000000000e+00,nan,nan,nan,0.000000000000000000e+00,nan,nan,nan,nan,nan,-5.889281507656019335e-03,nan,nan,nan,nan,-4.240282685512330660e-03,nan,nan,nan,nan,nan,nan,0.000000000000000000e+00,1.389870435806834711e-02,nan,nan,nan,nan
nan,nan,nan,nan,nan,nan,nan,nan,nan,nan,nan,-1.611047180667437434e-02,nan,nan,-1.196777905638666227e-02,nan,nan,nan,nan,nan,nan,nan,1.864211737629459936e-02,nan,nan,nan,nan,nan,nan,0.000000000000000000e+00,nan,nan,nan,nan,nan,nan,nan,0.000000000000000000e+00,0.000000000000000000e+00,nan,nan,nan,nan,-3.682393555811325301e-03,nan,nan,0.000000000000000000e+00,nan,nan,nan,nan,nan,nan,nan,nan,nan,nan,nan,nan,0.000000000000000000e+00,nan,nan,2.439585730724967011e-02,nan,nan
nan,nan,nan,nan,nan,nan,nan,nan,nan,nan,nan,-2.283105022830911378e-04,nan,nan,nan,nan,nan,nan,nan,nan,nan,nan,2.077625570776258160e-02,nan,nan,nan,nan,nan,nan,nan,nan,nan,nan,nan,-8.675799086758018835e-03,nan,nan,0.000000000000000000e+00,0.000000000000000000e+00,nan,nan,nan,nan,0.000000000000000000e+00,3.881278538812771468e-03,nan,0.000000000000000000e+00,nan,nan,nan,nan,nan,nan,nan,nan,nan,nan,nan,nan,0.000000000000000000e+00,nan,nan,nan,nan,1.369863013698613451e-03
nan,nan,nan,nan,nan,nan,nan,nan,nan,nan,nan,-8.476517754868328688e-03,nan,nan,nan,nan,nan,nan,nan,nan,nan,nan,nan,nan,nan,nan,nan,nan,nan,0.000000000000000000e+00,nan,nan,nan,nan,nan,nan,nan,0.000000000000000000e+00,0.000000000000000000e+00,nan,nan,nan,nan,nan,nan,0.000000000000000000e+00,0.000000000000000000e+00,nan,nan,nan,nan,7.560137457044646681e-03,nan,nan,nan,nan,nan,nan,nan,0.000000000000000000e+00,5.498281786941561222e-03,nan,2.290950744558961725e-03,nan,nan
nan,nan,nan,nan,nan,nan,nan,nan,nan,nan,nan,nan,nan,nan,nan,nan,nan,nan,nan,nan,6.756756756756577154e-04,nan,nan,nan,nan,nan,nan,nan,nan,8.558558558558559612e-03,nan,nan,nan,nan,nan,nan,nan,0.000000000000000000e+00,nan,nan,nan,0.000000000000000000e+00,nan,-4.954954954954992816e-03,nan,0.000000000000000000e+00,nan,6.756756756756577154e-04,nan,nan,nan,-1.103603603603606730e-02,-1.666666666666665256e-02,nan,nan,nan,nan,nan,nan,0.000000000000000000e+00,nan,nan,nan,nan,nan
nan,nan,nan,nan,nan,nan,nan,nan,0.000000000000000000e+00,nan,nan,nan,nan,nan,nan,nan,nan,nan,nan,nan,nan,nan,1.365740740740741845e-02,nan,nan,nan,nan,nan,nan,3.935185185185185661e-03,nan,nan,nan,nan,nan,nan,nan,nan,0.000000000000000000e+00,-5.787037037037023705e-03,nan,nan,nan,nan,-1.527777777777774605e-02,nan,nan,-6.944444444444419773e-03,nan,nan,0.000000000000000000e+00,nan,2.777777777777767909e-03,-6.944444444444419773e-04,nan,nan,nan,nan,nan,nan,nan,nan,nan,nan,nan
nan,nan,nan,nan,nan,nan,nan,nan,nan,nan,nan,-3.229527104959673163e-03,nan,nan,nan,nan,nan,nan,nan,nan,nan,nan,3.921568627450943909e-03,nan,nan,nan,nan,nan,nan,nan,nan,nan,nan,nan,nan,nan,nan,0.000000000000000000e+00,0.000000000000000000e+00,nan,5.767012687427875220e-03,nan,nan,-2.099192618223766349e-02,-1.499423298731263933e-02,nan,-6.920415224913823099e-04,2.306805074971052195e-04,nan,nan,nan,nan,nan,nan,nan,nan,nan,nan,nan,0.000000000000000000e+00,nan,nan,nan,nan,nan
nan,nan,nan,nan,nan,nan,nan,nan,nan,nan,nan,1.895734597156417678e-03,nan,nan,nan,nan,nan,nan,nan,3.554502369668246370e-02,4.668246445497632735e-02,nan,nan,nan,nan,nan,nan,nan,nan,7.109004739336288736e-04,nan,nan,nan,nan,nan,nan,nan,0.000000000000000000e+00,0.000000000000000000e+00,nan,nan,nan,nan,nan,nan,nan,nan,nan,nan,nan,nan,nan,3.649289099526067254e-02,nan,nan,nan,nan,nan,4.265402843601893285e-02,0.000000000000000000e+00,4.218009478672986312e-02,nan,nan,nan,nan
nan,nan,nan,nan,nan,0.000000000000000000e+00,nan,nan,nan,nan,nan,nan,nan,nan,nan,nan,nan,nan,nan,-1.187648456056944512e-03,-1.425178147268368976e-03,nan,nan,nan,nan,nan,nan,nan,nan,6.650831353919262230e-03,nan,nan,nan,nan,nan,nan,nan,0.000000000000000000e+00,0.000000000000000000e+00,nan,nan,nan,nan,nan,nan,nan,nan,3.800475059382435374e-03,nan,nan,nan,-7.838479809976183973e-03,-1.306413301662701087e-02,nan,nan,nan,nan,nan,nan,0.000000000000000000e+00,nan,nan,nan,nan,nan
nan,nan,nan,nan,nan,nan,nan,nan,nan,nan,nan,nan,nan,nan,nan,nan,-2.910360884749709637e-02,nan,nan,nan,-1.466821885913851577e-02,nan,nan,nan,nan,nan,nan,nan,nan,-1.722933643771826923e-02,nan,nan,nan,nan,nan,nan,nan,0.000000000000000000e+00,nan,nan,nan,nan,nan,-2.118742724097786440e-02,nan,0.000000000000000000e+00,nan,-3.282887077997669045e-02,nan,nan,nan,-1.396973224679860445e-02,-1.327124563445867232e-02,nan,nan,nan,nan,nan,nan,0.000000000000000000e+00,nan,nan,nan,nan,nan
nan,nan,nan,nan,nan,nan,nan,nan,nan,nan,nan,-1.300448430493275111e-02,nan,nan,-6.278026905829592677e-03,nan,nan,nan,nan,2.085201793721973632e-02,nan,nan,2.286995515695067205e-02,nan,nan,nan,nan,nan,nan,nan,nan,nan,nan,nan,nan,nan,nan,0.000000000000000000e+00,0.000000000000000000e+00,nan,nan,nan,nan,nan,-3.587443946188329132e-03,nan,0.000000000000000000e+00,nan,nan,nan,nan,nan,nan,nan,nan,nan,nan,nan,nan,0.000000000000000000e+00,nan,nan,1.008968609865470469e-02,nan,nan
nan,nan,nan,nan,8.009153318077767009e-03,nan,nan,nan,nan,nan,nan,-1.212814645308930503e-02,nan,nan,-9.839816933638468113e-03,nan,nan,nan,nan,nan,nan,nan,nan,nan,nan,nan,nan,nan,-4.805491990846700104e-03,nan,3.890160183066293607e-03,nan,nan,nan,nan,nan,nan,0.000000000000000000e+00,0.000000000000000000e+00,nan,nan,nan,nan,nan,nan,nan,0.000000000000000000e+00,nan,nan,nan,nan,nan,nan,nan,nan,nan,nan,nan,nan,0.000000000000000000e+00,nan,nan,7.780320366132698236e-03,nan,nan
nan,nan,nan,nan,-2.995391705069150225e-03,nan,nan,nan,nan,nan,nan,-3.041474654377882697e-02,nan,nan,-4.838709677419394950e-03,nan,nan,nan,nan,nan,nan,nan,nan,nan,nan,nan,nan,nan,nan,nan,nan,nan,nan,nan,nan,nan,nan,0.000000000000000000e+00,0.000000000000000000e+00,nan,nan,nan,nan,nan,-7.142857142857140032e-03,nan,0.000000000000000000e+00,nan,nan,nan,nan,nan,8.525345622119772510e-03,nan,nan,nan,nan,nan,nan,0.000000000000000000e+00,nan,nan,2.903225806451612684e-02,nan,nan
nan,nan,nan,nan,nan,nan,nan,nan,nan,nan,nan,-4.697674418604647073e-02,nan,nan,-3.325581395348833208e-02,nan,nan,nan,nan,nan,nan,nan,nan,nan,nan,nan,nan,nan,nan,nan,nan,nan,nan,nan,-2.255813953488368037e-02,nan,nan,0.000000000000000000e+00,0.000000000000000000e+00,nan,nan,nan,nan,-2.418604651162787819e-02,nan,nan,0.000000000000000000e+00,nan,nan,nan,nan,nan,nan,nan,nan,nan,nan,nan,nan,0.000000000000000000e+00,nan,nan,-2.395348837209301113e-02,nan,-1.627906976744175702e-03
nan,nan,nan,nan,nan,nan,nan,nan,nan,nan,nan,1.009174311926603826e-02,nan,nan,nan,nan,nan,nan,nan,nan,3.119266055045870692e-02,nan,nan,nan,nan,nan,nan,nan,nan,7.339449541284381526e-03,nan,nan,nan,nan,nan,nan,nan,0.000000000000000000e+00,0.000000000000000000e+00,nan,nan,nan,nan,nan,nan,nan,nan,-2.064220183486242984e-03,nan,nan,nan,6.467889908256881093e-02,3.899082568807336890e-02,nan,nan,nan,nan,nan,6.674311926605502876e-02,nan,nan,nan,4.495412844036694722e-02,nan,nan
nan,nan,nan,nan,nan,nan,nan,nan,nan,nan,nan,1.168224299065379057e-03,nan,nan,nan,nan,nan,nan,nan,nan,nan,nan,1.822429906542051212e-02,nan,nan,nan,nan,nan,nan,-1.191588785046731117e-02,nan,nan,nan,nan,nan,nan,nan,0.000000000000000000e+00,0.000000000000000000e+00,nan,2.476635514018692488e-02,nan,nan,-1.098130841121500688e-02,nan,nan,0.000000000000000000e+00,nan,nan,nan,nan,nan,nan,nan,nan,nan,nan,nan,nan,0.000000000000000000e+00,nan,nan,1.401869158878499277e-02,nan,nan
nan,nan,nan,nan,nan,nan,nan,nan,nan,nan,nan,-5.649717514124330195e-03,nan,nan,nan,nan,nan,nan,nan,nan,nan,nan,1.401129943502823529e-02,nan,nan,nan,nan,nan,nan,nan,nan,nan,nan,nan,-1.107344632768365519e-02,nan,nan,0.000000000000000000e+00,0.000000000000000000e+00,nan,3.118644067796605412e-02,nan,nan,0.000000000000000000e+00,1.491525423728809994e-02,nan,0.000000000000000000e+00,nan,nan,nan,nan,nan,nan,nan,nan,nan,nan,nan,nan,0.000000000000000000e+00,nan,nan,nan,nan,nan
nan,nan,nan,nan,nan,nan,nan,nan,nan,nan,nan,nan,nan,nan,nan,nan,nan,nan,nan,4.031354983202705897e-03,-4.927211646136586860e-03,nan,nan,nan,nan,nan,nan,nan,nan,-2.396416573348263482e-02,nan,nan,nan,nan,nan,nan,nan,0.000000000000000000e+00,0.000000000000000000e+00,nan,nan,nan,nan,nan,nan,nan,nan,-1.433370660694286390e-02,nan,nan,nan,-8.286674132138838883e-03,-1.007838745800671010e-02,nan,nan,nan,nan,nan,nan,0.000000000000000000e+00,1.097424412094067867e-02,nan,nan,nan,nan
nan,nan,nan,4.447031431897556508e-02,nan,nan,nan,nan,nan,nan,nan,-1.210710128055880741e-02,nan,nan,nan,nan,nan,nan,nan,nan,nan,nan,nan,nan,nan,nan,nan,nan,nan,2.561117578579752592e-03,nan,nan,nan,nan,nan,nan,nan,0.000000000000000000e+00,nan,nan,nan,nan,nan,nan,-1.001164144353903183e-02,nan,nan,nan,nan,nan,nan,nan,4.889406286379483282e-03,nan,nan,nan,nan,nan,nan,0.000000000000000000e+00,5.355064027939481983e-03,nan,4.447031431897556508e-02,nan,1.816065192083817642e-02
nan,nan,nan,nan,-4.241071428571441260e-03,nan,nan,nan,nan,nan,nan,6.696428571428380671e-04,nan,nan,-2.678571428571463291e-03,nan,nan,nan,nan,nan,nan,nan,nan,nan,nan,nan,nan,nan,nan,1.852678571428567622e-02,5.803571428571396677e-03,nan,nan,nan,nan,nan,nan,0.000000000000000000e+00,nan,nan,nan,nan,2.991071428571425578e-02,-1.093750000000002186e-02,-1.250000000000004406e-02,nan,nan,nan,nan,nan,nan,nan,nan,nan,nan,nan,nan,nan,nan,0.000000000000000000e+00,nan,nan,nan,nan,nan
nan,nan,nan,nan,nan,nan,nan,nan,nan,nan,nan,nan,nan,nan,nan,nan,nan,nan,nan,5.861664712778424761e-03,nan,nan,nan,nan,nan,nan,nan,nan,nan,0.000000000000000000e+00,nan,nan,nan,nan,nan,nan,nan,0.000000000000000000e+00,0.000000000000000000e+00,nan,nan,nan,nan,nan,nan,0.000000000000000000e+00,-2.344665885111374502e-03,1.406799531066815767e-03,nan,nan,nan,7.268464243845240529e-03,nan,nan,nan,nan,nan,nan,nan,0.000000000000000000e+00,1.946072684642439349e-02,nan,nan,nan,nan
nan,nan,nan,nan,nan,nan,nan,nan,nan,nan,nan,-4.483985765124549883e-02,nan,nan,nan,nan,nan,nan,nan,-2.064056939501774865e-02,8.303677342823312033e-03,nan,nan,nan,nan,nan,nan,nan,nan,-5.290628706998808106e-02,nan,nan,nan,nan,nan,nan,nan,0.000000000000000000e+00,0.000000000000000000e+00,nan,nan,nan,nan,nan,nan,nan,nan,nan,nan,nan,nan,-4.507710557532585045e-03,-9.964412811387868968e-03,nan,nan,nan,nan,nan,nan,0.000000000000000000e+00,4.033214709371346629e-03,nan,nan,nan,nan
nan,nan,nan,nan,nan,nan,nan,nan,nan,nan,nan,1.340782122905070884e-03,nan,nan,nan,nan,nan,nan,nan,nan,nan,nan,5.810055865921803613e-03,nan,nan,nan,nan,nan,nan,0.000000000000000000e+00,-4.916201117318408711e-03,nan,nan,nan,nan,nan,nan,0.000000000000000000e+00,0.000000000000000000e+00,nan,9.162011173184381185e-03,nan,nan,nan,nan,nan,0.000000000000000000e+00,nan,nan,nan,nan,nan,nan,nan,nan,nan,nan,nan,nan,0.000000000000000000e+00,nan,nan,4.692737430167626123e-03,nan,nan
nan,0.000000000000000000e+00,nan,nan,7.482993197278920046e-03,nan,nan,nan,nan,nan,nan,5.442176870748283331e-03,nan,nan,nan,nan,nan,nan,nan,nan,nan,nan,nan,nan,nan,nan,nan,nan,nan,nan,1.791383219954647416e-02,nan,nan,nan,nan,nan,nan,0.000000000000000000e+00,0.000000000000000000e+00,nan,nan,nan,nan,nan,-6.575963718820876727e-03,nan,nan,nan,nan,nan,nan,nan,4.988662131519295065e-03,nan,nan,nan,nan,nan,nan,0.000000000000000000e+00,nan,nan,1.836734693877550839e-02,nan,nan
nan,nan,nan,nan,nan,nan,nan,nan,nan,nan,nan,-1.607565011820337800e-02,nan,nan,-7.092198581560626774e-04,nan,nan,nan,nan,nan,nan,nan,2.033096926713941904e-02,nan,nan,nan,nan,nan,nan,nan,nan,nan,nan,nan,nan,nan,nan,0.000000000000000000e+00,0.000000000000000000e+00,nan,nan,nan,nan,0.000000000000000000e+00,1.040189125295500928e-02,nan,0.000000000000000000e+00,nan,nan,nan,nan,nan,nan,nan,nan,nan,nan,nan,nan,0.000000000000000000e+00,nan,nan,2.647754137115834044e-02,nan,nan
nan,nan,nan,nan,nan,nan,nan,nan,nan,nan,nan,nan,nan,nan,nan,nan,nan,nan,nan,-9.038238702201616820e-03,-3.707995365005789436e-03,nan,nan,nan,nan,nan,nan,nan,nan,nan,nan,nan,nan,nan,nan,nan,nan,0.000000000000000000e+00,0.000000000000000000e+00,-1.181923522595593710e-02,nan,nan,nan,nan,-2.224797219003471493e-02,nan,nan,nan,nan,nan,nan,nan,-4.101969872537656464e-02,-5.701042873696404722e-02,nan,nan,nan,nan,nan,0.000000000000000000e+00,nan,nan,-3.522595596755502545e-02,nan,nan
nan,nan,nan,nan,nan,nan,nan,nan,nan,nan,nan,-9.767441860465098449e-03,nan,nan,nan,nan,nan,nan,nan,nan,nan,nan,nan,nan,nan,nan,nan,nan,nan,5.813953488372125902e-03,1.627906976744197820e-03,nan,nan,nan,1.813953488372095288e-02,nan,nan,0.000000000000000000e+00,0.000000000000000000e+00,nan,nan,nan,nan,nan,2.372093023255818917e-02,nan,3.511627906976746288e-02,1.279069767441860447e-02,nan,nan,nan,nan,nan,-4.186046511627882979e-03,nan,nan,nan,nan,nan,nan,nan,nan,nan,nan,nan
nan,nan,nan,nan,nan,nan,nan,nan,nan,nan,nan,nan,nan,nan,nan,nan,nan,nan,nan,nan,2.971428571428513798e-03,nan,nan,nan,nan,nan,nan,nan,nan,4.114285714285692737e-03,nan,nan,nan,nan,nan,nan,nan,0.000000000000000000e+00,nan,nan,nan,0.000000000000000000e+00,nan,-1.394285714285716828e-02,nan,0.000000000000000000e+00,nan,5.028571428571382285e-03,nan,nan,nan,-1.508571428571432380e-02,-1.988571428571430516e-02,nan,nan,nan,nan,nan,nan,0.000000000000000000e+00,nan,nan,nan,nan,nan
nan,nan,nan,nan,nan,nan,nan,nan,nan,nan,nan,-1.728110599078347409e-02,nan,nan,nan,nan,nan,nan,nan,nan,nan,nan,nan,nan,nan,nan,nan,nan,nan,-2.995391705069172343e-03,nan,nan,nan,nan,-7.834101382488523058e-03,nan,nan,0.000000000000000000e+00,0.000000000000000000e+00,nan,nan,nan,nan,nan,nan,0.000000000000000000e+00,nan,-1.497695852534564054e-02,nan,nan,nan,nan,4.608294930875533532e-03,nan,nan,nan,nan,nan,nan,0.000000000000000000e+00,1.267281105990778443e-02,nan,nan,nan,nan
nan,nan,nan,nan,nan,nan,nan,nan,nan,nan,nan,-3.423212192262603537e-02,nan,nan,nan,nan,nan,nan,nan,1.242672919109024700e-02,4.923798358733843909e-03,nan,nan,nan,nan,nan,nan,nan,nan,-4.595545134818290745e-02,nan,nan,nan,nan,nan,nan,nan,0.000000000000000000e+00,0.000000000000000000e+00,nan,nan,nan,nan,nan,nan,nan,nan,nan,nan,nan,nan,-8.909730363423195437e-03,1.641266119577933225e-03,nan,nan,nan,nan,nan,nan,0.000000000000000000e+00,5.627198124267240517e-03,nan,nan,nan,nan
nan,nan,nan,nan,nan,nan,nan,nan,nan,nan,nan,-6.952491309386132478e-04,nan,nan,nan,nan,nan,nan,nan,nan,nan,nan,nan,nan,nan,nan,nan,nan,nan,-3.476245654692955434e-03,2.989571263035915166e-02,nan,nan,1.923522595596751511e-02,nan,nan,nan,0.000000000000000000e+00,nan,nan,nan,nan,nan,-1.158748551564348040e-03,3.244495944380054644e-03,nan,nan,nan,nan,nan,nan,nan,2.085747392815755566e-02,nan,nan,nan,nan,nan,nan,0.000000000000000000e+00,nan,nan,nan,nan,3.916570104287366710e-02
nan,nan,nan,nan,nan,nan,nan,nan,nan,nan,nan,-2.085747392815773173e-03,nan,nan,nan,nan,nan,nan,nan,nan,nan,nan,nan,nan,nan,nan,nan,nan,nan,-1.622247972190082833e-03,1.390498261877137808e-03,nan,nan,4.495944380069520629e-02,nan,nan,nan,0.000000000000000000e+00,nan,nan,nan,nan,nan,-1.853997682502917053e-03,2.549246813441463731e-03,nan,nan,nan,nan,nan,nan,nan,2.039397450753182087e-02,nan,nan,nan,nan,nan,nan,0.000000000000000000e+00,nan,nan,nan,nan,3.731170336037077651e-02
nan,nan,nan,nan,nan,nan,nan,nan,nan,nan,nan,-9.038238702201550900e-03,nan,nan,nan,nan,nan,nan,nan,nan,1.969872537659331929e-02,nan,nan,nan,nan,nan,nan,nan,nan,-2.317497103128340842e-04,nan,nan,nan,nan,nan,nan,nan,0.000000000000000000e+00,0.000000000000000000e+00,nan,nan,nan,nan,nan,nan,0.000000000000000000e+00,nan,4.171494785631590582e-03,nan,nan,nan,4.542294322132103129e-02,nan,nan,nan,nan,nan,nan,nan,0.000000000000000000e+00,1.900347624565474833e-02,nan,nan,nan,nan
nan,nan,nan,nan,nan,nan,nan,nan,nan,nan,nan,nan,nan,nan,nan,nan,nan,nan,nan,1.224944320712693067e-02,nan,nan,1.046770601336299844e-02,nan,nan,nan,nan,nan,nan,nan,nan,nan,nan,nan,nan,nan,nan,0.000000000000000000e+00,0.000000000000000000e+00,-4.454342984410164519e-04,nan,nan,nan,-1.135857461024500879e-02,-1.158129175946549447e-02,nan,0.000000000000000000e+00,-4.008908685968837551e-03,nan,nan,nan,nan,nan,nan,nan,nan,nan,nan,nan,0.000000000000000000e+00,nan,nan,nan,nan,nan
nan,nan,nan,nan,nan,nan,nan,nan,nan,nan,nan,-1.291759465478845535e-02,nan,nan,-6.458797327394250228e-03,nan,nan,nan,nan,nan,nan,nan,1.848552338530062844e-02,nan,nan,nan,nan,nan,nan,nan,nan,nan,nan,nan,nan,nan,nan,0.000000000000000000e+00,0.000000000000000000e+00,nan,nan,nan,nan,2.227171492204860215e-03,1.024498886414249021e-02,nan,0.000000000000000000e+00,nan,nan,nan,nan,nan,nan,nan,nan,nan,nan,nan,nan,0.000000000000000000e+00,nan,nan,5.567928730512194772e-03,nan,nan
nan,nan,nan,nan,nan,nan,nan,nan,nan,nan,nan,nan,nan,nan,1.569506726457370414e-03,nan,nan,nan,nan,nan,nan,nan,nan,nan,nan,nan,nan,nan,nan,nan,nan,nan,nan,nan,nan,nan,nan,nan,0.000000000000000000e+00,4.932735426008916235e-03,nan,nan,nan,1.928251121076231950e-02,9.417040358744355188e-03,nan,nan,1.210762331838561787e-02,nan,nan,nan,nan,7.623318385650201465e-03,2.847533632286993605e-02,nan,nan,nan,nan,nan,0.000000000000000000e+00,nan,nan,-6.726457399103491714e-04,nan,nan
nan,nan,nan,nan,nan,nan,nan,nan,nan,nan,nan,nan,nan,nan,nan,nan,nan,nan,nan,nan,5.373831775700943503e-03,nan,nan,nan,nan,nan,nan,nan,nan,0.000000000000000000e+00,nan,nan,nan,nan,nan,nan,nan,0.000000000000000000e+00,nan,nan,nan,nan,nan,0.000000000000000000e+00,nan,0.000000000000000000e+00,nan,4.906542056074747124e-03,nan,nan,nan,-7.009345794392518939e-03,-1.915887850467288406e-02,nan,nan,nan,nan,nan,nan,0.000000000000000000e+00,1.308411214953273359e-02,nan,nan,nan,nan
nan,nan,nan,nan,nan,nan,nan,nan,nan,nan,nan,-4.440892098500626408e-17,nan,nan,nan,nan,nan,nan,nan,1.431924882629105264e-02,nan,nan,nan,nan,nan,nan,nan,nan,nan,2.112676056338003237e-03,nan,nan,nan,nan,nan,nan,nan,0.000000000000000000e+00,0.000000000000000000e+00,nan,nan,nan,nan,nan,nan,0.000000000000000000e+00,nan,nan,nan,nan,nan,2.253521126760558296e-02,nan,nan,nan,nan,nan,nan,1.478873239436615493e-02,0.000000000000000000e+00,1.877934272300467791e-02,nan,nan,nan,nan
nan,nan,nan,nan,nan,nan,nan,nan,nan,nan,nan,nan,nan,nan,nan,nan,nan,nan,nan,nan,2.837988826815640575e-02,nan,nan,nan,nan,nan,nan,nan,nan,0.000000000000000000e+00,nan,nan,nan,nan,nan,nan,nan,0.000000000000000000e+00,0.000000000000000000e+00,nan,nan,nan,nan,3.128491620111728544e-02,nan,0.000000000000000000e+00,nan,5.810055865921759377e-03,nan,nan,nan,2.458100558659204356e-03,nan,nan,nan,nan,nan,nan,nan,0.000000000000000000e+00,nan,nan,-4.469273743017198935e-04,nan,nan
nan,nan,nan,nan,nan,nan,nan,nan,nan,nan,nan,nan,nan,nan,nan,nan,nan,nan,nan,nan,4.434072345390882401e-03,nan,1.050175029171527240e-02,nan,nan,nan,nan,nan,nan,-2.333722287047867994e-04,nan,nan,nan,nan,nan,nan,nan,0.000000000000000000e+00,nan,nan,nan,nan,nan,-1.190198366394399319e-02,nan,0.000000000000000000e+00,nan,-7.934655775962640156e-03,nan,nan,nan,-1.096849474912486855e-02,-1.283547257876314039e-02,nan,nan,nan,nan,nan,nan,0.000000000000000000e+00,nan,nan,nan,nan,nan
nan,0.000000000000000000e+00,nan,nan,nan,nan,nan,nan,nan,nan,nan,-5.257142857142871675e-03,nan,nan,nan,nan,nan,nan,nan,nan,nan,nan,nan,nan,nan,nan,nan,nan,nan,nan,1.965714285714286261e-02,nan,nan,nan,nan,nan,nan,0.000000000000000000e+00,0.000000000000000000e+00,nan,nan,nan,nan,nan,-9.828571428571453855e-03,nan,-1.211428571428574408e-02,nan,nan,nan,nan,nan,nan,nan,nan,nan,nan,nan,nan,0.000000000000000000e+00,nan,nan,1.759999999999994902e-02,nan,9.142857142856675385e-04
nan,nan,nan,nan,nan,nan,nan,nan,nan,nan,nan,1.636771300448434246e-02,nan,nan,nan,nan,nan,nan,nan,2.085201793721975713e-02,nan,nan,nan,nan,nan,nan,nan,nan,nan,nan,nan,nan,-2.017937219730936600e-03,nan,nan,nan,nan,0.000000000000000000e+00,0.000000000000000000e+00,nan,nan,nan,nan,0.000000000000000000e+00,1.345291479820629431e-02,nan,nan,nan,nan,nan,nan,1.479820627802694820e-02,7.847533632287007760e-03,nan,nan,nan,nan,nan,nan,0.000000000000000000e+00,nan,nan,nan,nan,nan
nan,nan,nan,nan,nan,nan,nan,nan,nan,nan,nan,nan,nan,nan,nan,nan,nan,nan,nan,nan,nan,nan,nan,nan,nan,nan,nan,nan,nan,2.564102564102599228e-03,nan,nan,nan,nan,nan,nan,nan,0.000000000000000000e+00,0.000000000000000000e+00,nan,nan,nan,nan,nan,nan,0.000000000000000000e+00,nan,4.662004662005170491e-04,nan,nan,nan,1.142191142191148999e-02,nan,nan,nan,nan,nan,nan,6.270396270396276506e-02,0.000000000000000000e+00,4.428904428904432283e-02,nan,2.680652680652688760e-02,nan,nan
nan,nan,nan,nan,nan,nan,nan,nan,nan,nan,nan,-1.549132947976876798e-02,nan,nan,nan,nan,nan,nan,nan,nan,1.248554913294799319e-02,nan,nan,nan,nan,nan,nan,nan,nan,-6.011560693641592942e-03,nan,nan,nan,nan,nan,nan,nan,0.000000000000000000e+00,0.000000000000000000e+00,nan,nan,nan,nan,1.595375722543355274e-02,nan,0.000000000000000000e+00,nan,-1.618497109826555393e-03,nan,nan,nan,2.312138728323720385e-03,nan,nan,nan,nan,nan,nan,nan,0.000000000000000000e+00,nan,nan,nan,nan,nan
nan,nan,nan,nan,nan,nan,nan,nan,nan,nan,nan,-1.382488479262722249e-03,nan,nan,nan,nan,nan,nan,nan,nan,nan,nan,nan,nan,nan,nan,nan,nan,nan,nan,-6.912442396313833509e-04,nan,nan,nan,-1.382488479262677927e-02,nan,nan,0.000000000000000000e+00,0.000000000000000000e+00,nan,2.995391705069083872e-03,nan,nan,nan,-8.064516129032316821e-03,nan,0.000000000000000000e+00,nan,nan,nan,nan,nan,nan,nan,nan,nan,nan,nan,nan,0.000000000000000000e+00,nan,nan,5.990783410138189428e-03,nan,nan
nan,nan,nan,nan,nan,nan,nan,nan,nan,nan,nan,nan,nan,nan,nan,nan,nan,nan,nan,nan,6.370875995449387652e-03,nan,nan,nan,nan,nan,nan,nan,nan,-2.730375426621158702e-02,nan,nan,nan,nan,nan,nan,nan,0.000000000000000000e+00,nan,nan,nan,nan,nan,-3.185437997724705102e-03,nan,0.000000000000000000e+00,nan,-2.821387940841866421e-02,nan,nan,nan,1.365187713310556149e-03,-1.683731513083048734e-02,nan,nan,nan,nan,nan,nan,0.000000000000000000e+00,1.251422070534697825e-02,nan,nan,nan,nan
nan,nan,nan,nan,nan,nan,nan,nan,nan,nan,nan,1.258741258741262817e-02,nan,nan,nan,nan,nan,nan,nan,nan,nan,nan,6.759906759906786355e-03,nan,nan,nan,nan,nan,nan,nan,nan,nan,nan,nan,-1.888111888111885378e-02,nan,nan,0.000000000000000000e+00,0.000000000000000000e+00,nan,nan,nan,nan,0.000000000000000000e+00,-9.557109557109533249e-03,nan,0.000000000000000000e+00,nan,nan,nan,nan,nan,nan,nan,nan,nan,nan,nan,nan,0.000000000000000000e+00,nan,nan,nan,nan,-5.594405594405538022e-03
nan,nan,nan,nan,nan,nan,nan,nan,nan,nan,nan,4.667444574095735987e-04,nan,nan,nan,nan,nan,nan,nan,1.376896149358226504e-02,nan,nan,nan,nan,nan,nan,nan,nan,nan,-9.334889148191694236e-04,nan,nan,nan,nan,nan,nan,nan,0.000000000000000000e+00,0.000000000000000000e+00,nan,nan,nan,nan,nan,nan,nan,nan,1.166861143523922895e-02,nan,nan,nan,4.434072345390882401e-03,-7.001166861143559746e-03,nan,nan,nan,nan,nan,nan,0.000000000000000000e+00,2.100350058343056908e-02,nan,nan,nan,nan
nan,nan,nan,nan,nan,nan,nan,nan,nan,nan,nan,-3.674832962138085968e-02,nan,nan,nan,nan,nan,nan,nan,2.227171492204638279e-04,-6.458797327394227676e-03,nan,nan,nan,nan,nan,nan,nan,nan,-3.273942093541206549e-02,nan,nan,nan,nan,nan,nan,nan,0.000000000000000000e+00,0.000000000000000000e+00,nan,nan,nan,nan,nan,nan,nan,nan,nan,nan,nan,nan,-1.113585746102452225e-03,-1.314031180400892021e-02,nan,nan,nan,nan,nan,nan,0.000000000000000000e+00,-1.625835189309576823e-02,nan,nan,nan,nan
nan,nan,nan,nan,nan,nan,nan,nan,nan,nan,nan,nan,nan,nan,nan,nan,nan,nan,nan,-4.624277456647419085e-03,nan,nan,nan,nan,nan,nan,nan,nan,nan,-1.387283236994241078e-03,nan,nan,nan,nan,nan,nan,nan,nan,0.000000000000000000e+00,8.092485549132910974e-03,nan,nan,nan,2.427745664739879711e-02,1.479768786127164636e-02,nan,nan,1.965317919075140057e-02,nan,nan,nan,nan,-6.936416184971205389e-04,1.664739884393060670e-02,nan,nan,nan,nan,nan,0.000000000000000000e+00,nan,nan,nan,nan,nan
nan,nan,nan,nan,nan,nan,nan,nan,nan,nan,nan,-3.544303797468349032e-02,nan,nan,-4.602991944764078455e-03,nan,nan,nan,nan,nan,nan,nan,1.726121979286541347e-02,nan,nan,nan,nan,nan,nan,nan,1.680092059838900198e-02,nan,nan,nan,nan,nan,nan,0.000000000000000000e+00,0.000000000000000000e+00,nan,nan,nan,nan,6.444188722669763440e-03,nan,nan,0.000000000000000000e+00,nan,nan,nan,nan,nan,nan,nan,nan,nan,nan,nan,nan,0.000000000000000000e+00,nan,nan,-9.205983889527758141e-04,nan,nan
nan,nan,nan,nan,nan,nan,nan,nan,nan,nan,nan,nan,nan,nan,nan,nan,-1.063583815028912305e-02,nan,nan,nan,-1.826589595375729264e-02,nan,nan,nan,nan,nan,nan,nan,nan,0.000000000000000000e+00,nan,nan,nan,nan,nan,nan,nan,0.000000000000000000e+00,nan,nan,nan,nan,nan,0.000000000000000000e+00,nan,0.000000000000000000e+00,nan,4.855491329479755085e-03,nan,nan,nan,-7.630057803468259792e-03,nan,nan,nan,nan,nan,nan,nan,0.000000000000000000e+00,nan,nan,6.936416184970761950e-04,nan,nan
nan,nan,nan,nan,nan,nan,nan,nan,nan,nan,nan,nan,nan,nan,nan,nan,nan,nan,nan,nan,1.239570917759236224e-02,nan,nan,nan,nan,nan,nan,nan,nan,7.389749702026215950e-03,nan,nan,nan,nan,3.289630512514896132e-02,nan,nan,0.000000000000000000e+00,nan,nan,nan,nan,nan,nan,2.455303933253871751e-02,nan,nan,-1.072705601907031348e-02,nan,nan,nan,1.883194278903455032e-02,1.620977353992847370e-02,nan,nan,nan,nan,nan,nan,0.000000000000000000e+00,-2.145411203814062695e-03,nan,nan,nan,nan
nan,nan,nan,nan,1.550218340611351185e-02,nan,nan,nan,nan,nan,nan,3.995633187772919953e-02,nan,nan,nan,nan,nan,nan,nan,nan,nan,nan,nan,nan,nan,nan,nan,nan,nan,9.170305676855861413e-03,nan,nan,nan,nan,nan,nan,nan,0.000000000000000000e+00,nan,nan,nan,nan,nan,nan,2.358078602620083952e-02,nan,nan,-6.768558951965109212e-03,nan,nan,nan,nan,-2.183406113537511518e-04,nan,nan,nan,nan,nan,nan,0.000000000000000000e+00,nan,nan,4.781659388646284509e-02,nan,2.292576419213967348e-02
nan,nan,nan,nan,nan,nan,nan,nan,0.000000000000000000e+00,nan,3.070175438596467379e-03,nan,nan,nan,nan,nan,nan,nan,nan,nan,nan,nan,nan,nan,nan,nan,nan,nan,nan,-4.385964912280715389e-03,nan,nan,nan,nan,nan,nan,nan,nan,0.000000000000000000e+00,-1.403508771929826669e-02,nan,0.000000000000000000e+00,nan,nan,-2.478070175438600378e-02,nan,nan,-1.162280701754390098e-02,nan,nan,0.000000000000000000e+00,nan,6.578947368420573266e-04,nan,nan,nan,nan,nan,nan,nan,nan,nan,nan,nan,nan
nan,nan,nan,nan,nan,nan,nan,nan,nan,nan,nan,1.626016260162543945e-03,nan,nan,1.556329849012769682e-02,nan,nan,nan,nan,nan,nan,nan,nan,nan,nan,nan,nan,nan,nan,nan,nan,nan,nan,nan,2.926829268292678934e-02,nan,nan,0.000000000000000000e+00,0.000000000000000000e+00,nan,nan,nan,nan,4.459930313588842538e-02,8.362369337979047232e-03,nan,0.000000000000000000e+00,1.138211382113816193e-02,nan,nan,nan,nan,nan,nan,nan,nan,nan,nan,nan,0.000000000000000000e+00,nan,nan,nan,nan,nan
nan,nan,nan,nan,nan,nan,nan,nan,nan,nan,nan,nan,nan,nan,2.771362586605108543e-03,nan,nan,nan,nan,nan,nan,nan,nan,nan,nan,nan,nan,nan,nan,0.000000000000000000e+00,nan,nan,nan,nan,2.609699769053121926e-02,nan,nan,nan,0.000000000000000000e+00,-2.078521939953770041e-03,nan,nan,nan,nan,1.963048498845272258e-02,nan,nan,3.579676674364899724e-02,nan,nan,nan,nan,1.385681293302540827e-02,4.642032332563515024e-02,nan,nan,nan,nan,nan,nan,nan,nan,3.464203233256424493e-03,nan,nan
nan,nan,nan,nan,nan,nan,nan,nan,nan,nan,nan,7.305936073059337947e-03,nan,nan,nan,nan,nan,nan,nan,5.022831050228293917e-03,9.589041095890381977e-03,nan,nan,nan,nan,nan,nan,nan,nan,0.000000000000000000e+00,nan,nan,nan,nan,nan,nan,nan,0.000000000000000000e+00,0.000000000000000000e+00,nan,nan,nan,nan,nan,nan,nan,nan,-3.424657534246589030e-03,nan,nan,nan,1.095890410958901863e-02,nan,nan,nan,nan,nan,nan,nan,0.000000000000000000e+00,1.164383561643833609e-02,nan,nan,nan,nan
nan,0.000000000000000000e+00,nan,nan,nan,nan,nan,nan,nan,nan,nan,-7.807118254879452657e-03,nan,nan,nan,nan,nan,nan,nan,nan,nan,nan,nan,nan,nan,nan,nan,nan,nan,nan,5.051664753157302998e-03,nan,nan,nan,nan,nan,nan,0.000000000000000000e+00,0.000000000000000000e+00,nan,nan,nan,nan,0.000000000000000000e+00,-1.377726750861074613e-03,nan,nan,nan,nan,nan,nan,nan,nan,nan,nan,nan,nan,nan,nan,0.000000000000000000e+00,nan,nan,1.033295063145809288e-02,nan,2.732491389207809471e-02
nan,nan,nan,nan,nan,nan,nan,nan,nan,nan,nan,-6.157354618015942541e-03,nan,nan,nan,nan,nan,nan,nan,nan,5.381984036488030032e-02,nan,nan,nan,nan,nan,nan,nan,nan,3.648802736602107903e-03,nan,nan,nan,nan,nan,nan,nan,0.000000000000000000e+00,nan,nan,nan,nan,nan,4.424173318129993870e-02,nan,nan,nan,-4.789053591790159992e-03,nan,nan,nan,6.681870011402510356e-02,2.052451539338684232e-03,nan,nan,nan,nan,nan,nan,0.000000000000000000e+00,2.143671607753707548e-02,nan,nan,nan,nan
nan,nan,nan,nan,nan,nan,nan,nan,nan,nan,nan,nan,nan,nan,nan,nan,nan,nan,nan,nan,-3.176064441887225392e-02,nan,nan,nan,nan,nan,nan,nan,nan,nan,nan,nan,nan,nan,-1.127733026467201381e-02,nan,nan,0.000000000000000000e+00,0.000000000000000000e+00,-1.311852704257765456e-02,nan,nan,nan,nan,-9.896432681242784551e-03,nan,nan,-4.833141542002272924e-03,nan,nan,nan,nan,-9.896432681242762000e-03,-4.602991944764078455e-03,nan,nan,nan,nan,nan,0.000000000000000000e+00,nan,nan,nan,nan,nan
nan,0.000000000000000000e+00,nan,nan,nan,nan,nan,nan,nan,nan,nan,1.958525345622119662e-02,nan,nan,3.410138248847924963e-02,nan,nan,nan,nan,nan,nan,nan,nan,nan,nan,nan,nan,nan,nan,nan,4.608294930875574125e-02,nan,nan,nan,nan,nan,nan,0.000000000000000000e+00,0.000000000000000000e+00,nan,nan,nan,nan,nan,7.603686635944684191e-03,nan,0.000000000000000000e+00,nan,nan,nan,nan,nan,nan,nan,nan,nan,nan,nan,nan,0.000000000000000000e+00,nan,nan,2.534562211981517162e-03,nan,nan
nan,nan,nan,nan,-2.296211251435087419e-03,nan,nan,nan,nan,nan,nan,-1.446613088404131650e-02,nan,nan,2.043628013777267632e-02,nan,nan,nan,nan,nan,nan,nan,nan,nan,nan,nan,nan,nan,6.130884041331803591e-02,nan,nan,nan,nan,nan,nan,nan,nan,0.000000000000000000e+00,0.000000000000000000e+00,nan,nan,nan,nan,nan,nan,nan,nan,nan,nan,nan,nan,nan,3.030998851894377635e-02,nan,nan,nan,nan,nan,nan,0.000000000000000000e+00,nan,nan,3.214695752009188914e-03,nan,7.577497129735944088e-03
nan,nan,nan,nan,nan,nan,nan,nan,nan,nan,nan,nan,nan,nan,1.946697566628039638e-02,nan,nan,nan,nan,7.415990730011557189e-03,nan,nan,nan,nan,nan,nan,nan,nan,nan,-2.155272305909618907e-02,nan,nan,nan,nan,nan,nan,nan,nan,0.000000000000000000e+00,-2.549246813441485848e-02,nan,nan,nan,nan,-2.363847045191194013e-02,nan,nan,5.561993047508683938e-03,nan,nan,0.000000000000000000e+00,nan,4.634994206257192668e-03,nan,nan,nan,nan,nan,nan,0.000000000000000000e+00,nan,nan,nan,nan,nan
nan,nan,nan,nan,nan,nan,nan,nan,nan,nan,nan,nan,nan,nan,nan,nan,4.128440366972485967e-03,nan,nan,nan,-4.587155963302836032e-04,nan,nan,nan,nan,nan,nan,nan,nan,-1.605504587155959229e-02,nan,nan,nan,nan,nan,nan,nan,0.000000000000000000e+00,nan,nan,nan,nan,nan,-8.027522935779796143e-03,nan,0.000000000000000000e+00,nan,-1.376146788990824030e-02,nan,nan,nan,-4.587155963302391509e-04,-4.816513761467878033e-03,nan,nan,nan,nan,nan,nan,0.000000000000000000e+00,nan,nan,nan,nan,nan
nan,nan,nan,nan,nan,nan,nan,nan,nan,nan,nan,-3.990825688073394023e-02,nan,nan,-1.146788990825686749e-02,nan,nan,nan,nan,nan,nan,nan,nan,nan,nan,nan,nan,nan,nan,-9.862385321100886754e-03,2.155963302752297167e-02,nan,nan,nan,nan,nan,nan,0.000000000000000000e+00,nan,nan,nan,nan,nan,0.000000000000000000e+00,-8.256880733944904280e-03,nan,nan,nan,nan,nan,nan,nan,1.972477064220188453e-02,nan,nan,nan,nan,nan,nan,0.000000000000000000e+00,nan,nan,0.000000000000000000e+00,nan,nan
nan,nan,nan,nan,nan,nan,nan,nan,nan,nan,nan,1.590909090909091786e-02,nan,nan,nan,nan,nan,nan,nan,nan,9.545454545454568757e-03,nan,nan,nan,nan,nan,nan,nan,nan,0.000000000000000000e+00,nan,nan,nan,nan,nan,nan,nan,0.000000000000000000e+00,0.000000000000000000e+00,nan,nan,nan,nan,0.000000000000000000e+00,nan,0.000000000000000000e+00,nan,-1.636363636363637880e-02,nan,nan,nan,2.340909090909091411e-02,nan,nan,nan,nan,nan,nan,nan,0.000000000000000000e+00,nan,nan,nan,nan,nan
nan,nan,nan,nan,nan,nan,nan,nan,nan,nan,nan,-5.643340857787814899e-03,nan,nan,nan,nan,nan,nan,nan,5.349887133182840149e-02,nan,nan,nan,nan,nan,nan,nan,nan,nan,2.708803611738153268e-03,nan,nan,nan,nan,nan,nan,nan,0.000000000000000000e+00,0.000000000000000000e+00,nan,nan,nan,nan,0.000000000000000000e+00,nan,0.000000000000000000e+00,nan,nan,nan,nan,nan,3.972911963882619357e-02,nan,nan,nan,nan,nan,nan,nan,0.000000000000000000e+00,7.449209932279909560e-03,nan,nan,nan,nan
nan,nan,nan,nan,nan,nan,nan,nan,nan,nan,nan,1.753171856978088389e-02,nan,nan,nan,nan,nan,nan,nan,nan,2.998846597462516764e-02,nan,nan,nan,nan,nan,nan,nan,nan,2.998846597462545473e-03,nan,nan,nan,nan,nan,nan,nan,0.000000000000000000e+00,nan,nan,nan,nan,nan,nan,nan,nan,nan,-3.921568627450966460e-03,nan,nan,nan,4.890426758938874741e-02,2.652825836216841232e-02,nan,nan,nan,nan,nan,5.074971164936568219e-02,0.000000000000000000e+00,4.544405997693199556e-02,nan,nan,nan,nan
nan,nan,nan,nan,nan,nan,nan,nan,nan,nan,nan,-4.362801377726687954e-03,nan,nan,nan,nan,nan,nan,nan,8.725602755453532033e-03,nan,nan,nan,nan,nan,nan,nan,nan,nan,0.000000000000000000e+00,nan,nan,nan,nan,nan,nan,nan,0.000000000000000000e+00,0.000000000000000000e+00,nan,nan,nan,nan,nan,nan,nan,-2.525832376578595988e-03,nan,nan,nan,nan,6.888633754305461751e-03,nan,nan,nan,nan,nan,nan,5.051664753157325549e-03,0.000000000000000000e+00,5.281285878300856669e-03,nan,nan,nan,nan
nan,nan,nan,nan,nan,nan,nan,nan,nan,nan,nan,-2.977725674091442551e-02,nan,nan,nan,nan,nan,nan,nan,nan,nan,nan,nan,nan,nan,nan,nan,nan,nan,nan,-1.383352872215712868e-02,nan,nan,nan,-1.570926143024622273e-02,nan,nan,0.000000000000000000e+00,nan,nan,nan,nan,nan,nan,-1.313012895662373294e-02,nan,nan,-7.971864009378682239e-03,nan,nan,0.000000000000000000e+00,nan,nan,-1.406799531066860219e-03,nan,nan,nan,nan,nan,0.000000000000000000e+00,nan,nan,-3.563892145369285114e-02,nan,nan
nan,nan,nan,nan,1.076746849942733508e-02,nan,nan,nan,nan,nan,nan,-1.351660939289800467e-02,nan,nan,-2.290950744558983843e-04,nan,nan,nan,nan,nan,nan,nan,nan,nan,nan,nan,nan,nan,nan,nan,nan,nan,nan,nan,-3.894616265750294650e-03,nan,nan,0.000000000000000000e+00,0.000000000000000000e+00,nan,nan,nan,nan,nan,1.030927835051553831e-02,nan,0.000000000000000000e+00,nan,nan,nan,nan,nan,nan,nan,nan,nan,nan,nan,nan,0.000000000000000000e+00,nan,nan,7.101947308132916699e-03,nan,nan
nan,nan,nan,nan,nan,nan,nan,nan,nan,nan,nan,2.277904328018332035e-04,nan,nan,nan,nan,nan,nan,nan,5.694760820045563672e-03,6.150341685649207690e-03,nan,nan,nan,nan,nan,nan,nan,nan,-1.366742596810910371e-03,nan,nan,nan,nan,nan,nan,nan,0.000000000000000000e+00,0.000000000000000000e+00,nan,nan,nan,nan,nan,nan,nan,nan,1.138952164009121538e-03,nan,nan,nan,4.783599088838319871e-03,nan,nan,nan,nan,nan,nan,7.972665148063806315e-03,0.000000000000000000e+00,nan,nan,nan,nan,nan
nan,nan,nan,nan,nan,nan,nan,nan,nan,nan,nan,-2.416570771001156498e-02,nan,nan,-1.127733026467210228e-02,nan,nan,nan,nan,nan,nan,nan,nan,nan,nan,nan,nan,nan,nan,0.000000000000000000e+00,nan,nan,nan,nan,nan,nan,nan,0.000000000000000000e+00,0.000000000000000000e+00,nan,nan,nan,nan,nan,4.142692750287668702e-03,nan,0.000000000000000000e+00,nan,nan,nan,nan,nan,5.293440736478705229e-03,nan,nan,nan,nan,nan,nan,0.000000000000000000e+00,nan,nan,1.219792865362485587e-02,nan,nan
