nan,-1.132812499999999965e-02,nan,1.210937500000000035e-02,nan,nan,nan,nan,-1.054687500000000069e-02,nan,nan,nan,nan,nan,nan,nan,nan,nan,nan,nan,nan,nan,nan,nan,nan,nan,nan,nan,nan,nan,nan,nan,-5.468749999999999653e-03,nan,nan,nan,nan,nan,nan,nan,nan,nan,nan,nan,nan,nan,nan,-1.484374999999999931e-02,nan,nan,-1.601562499999999861e-02,nan,-1.992187499999999861e-02,-1.796874999999999861e-02,nan,nan,-1.562500000000000087e-03,nan,nan,nan,-8.984374999999999306e-03,nan,nan,nan,nan
nan,nan,nan,nan,nan,nan,nan,nan,nan,nan,nan,nan,nan,nan,nan,nan,nan,nan,nan,-5.490196078431463719e-03,-1.176470588235334347e-03,1.843137254901954306e-02,1.254901960784309337e-02,2.705882352941169078e-02,2.156862745098031553e-02,nan,nan,nan,nan,-1.568627450980453241e-03,nan,nan,nan,nan,nan,nan,nan,nan,nan,nan,nan,nan,nan,nan,nan,nan,nan,nan,nan,nan,nan,nan,nan,nan,nan,nan,nan,nan,nan,3.921568627450744415e-04,-1.098039215686281642e-02,nan,nan,-6.666666666666753831e-03,nan
nan,nan,nan,nan,nan,nan,nan,nan,2.729044834307958571e-03,-4.678362573099459527e-03,nan,nan,5.847953216374257406e-03,nan,nan,nan,nan,nan,nan,nan,nan,nan,nan,nan,nan,nan,nan,nan,nan,nan,nan,nan,nan,nan,nan,nan,-1.169590643274887000e-03,nan,nan,nan,nan,nan,nan,nan,nan,nan,nan,-1.052631578947371693e-02,nan,nan,nan,nan,1.715399610136449787e-02,-9.356725146198873952e-03,4.678362573099415292e-03,nan,5.847953216374257406e-03,nan,nan,nan,7.797270955165469530e-04,nan,nan,nan,nan
nan,nan,nan,nan,nan,nan,nan,nan,nan,nan,nan,nan,nan,nan,nan,nan,1.904761904761900076e-02,3.847619047619042082e-02,2.742857142857137859e-02,8.380952380952332720e-03,1.104761904761899539e-02,2.057142857142852874e-02,nan,nan,nan,nan,nan,nan,nan,nan,nan,nan,nan,nan,2.666666666666617138e-03,nan,nan,nan,nan,nan,nan,nan,nan,nan,nan,nan,nan,-9.904761904761949162e-03,nan,nan,-8.761904761904837011e-03,nan,nan,-9.523809523809555894e-03,nan,nan,nan,nan,nan,nan,nan,nan,nan,nan,nan
nan,1.789264413518889402e-02,nan,nan,nan,nan,nan,nan,nan,3.339960238568593504e-02,nan,nan,nan,nan,nan,nan,nan,nan,nan,4.015904572564617248e-02,nan,nan,nan,nan,nan,nan,nan,nan,nan,-3.976143141152910340e-04,nan,nan,nan,nan,nan,nan,3.538767395626245260e-02,nan,nan,nan,nan,nan,nan,nan,nan,nan,nan,nan,nan,nan,nan,nan,2.465208747514913146e-02,2.902584493041755406e-02,5.168986083499050102e-03,nan,2.027833001988075395e-02,nan,nan,nan,2.266401590457258614e-02,nan,nan,nan,nan
nan,-2.264150943396226086e-03,nan,nan,nan,nan,nan,nan,-1.169811320754716652e-02,nan,nan,nan,-1.283018867924528086e-02,nan,nan,nan,nan,nan,nan,nan,nan,nan,nan,nan,nan,nan,nan,nan,nan,nan,nan,nan,nan,nan,-7.547169811320530997e-04,nan,nan,nan,nan,nan,nan,nan,nan,nan,nan,nan,nan,-3.396226415094338695e-03,nan,nan,-7.547169811320753041e-03,nan,nan,-9.811320754716978260e-03,-6.792452830188655706e-03,nan,3.396226415094383364e-03,nan,nan,nan,-1.886792452830188260e-03,nan,nan,nan,nan
nan,2.362204724409511236e-03,nan,7.480314960629974932e-03,nan,nan,nan,nan,-2.755905511810952026e-03,4.724409448818978237e-03,nan,nan,2.362204724409533354e-03,nan,nan,nan,nan,nan,nan,nan,nan,nan,nan,nan,nan,nan,nan,nan,nan,nan,nan,nan,nan,nan,nan,nan,1.220472440944890893e-02,nan,nan,nan,nan,nan,nan,nan,nan,nan,nan,nan,nan,nan,nan,nan,5.511811023622148649e-03,nan,9.842519685039441066e-03,nan,1.338582677165360904e-02,nan,nan,nan,1.062992125984258893e-02,nan,nan,nan,nan
nan,-1.467181467181464215e-02,nan,nan,nan,nan,nan,nan,-9.266409266409248585e-03,-8.108108108108070394e-03,nan,nan,nan,nan,nan,nan,nan,nan,nan,nan,nan,0.000000000000000000e+00,nan,nan,nan,nan,nan,nan,nan,nan,nan,nan,nan,nan,nan,nan,nan,0.000000000000000000e+00,nan,nan,nan,nan,nan,nan,nan,8.880308880308884767e-03,nan,nan,nan,nan,nan,nan,-1.930501930501926644e-02,-8.880308880308862216e-03,nan,nan,1.235521235521237424e-02,nan,nan,nan,5.019305019305008927e-03,nan,nan,nan,nan
nan,-3.005780346820805665e-02,nan,nan,nan,nan,nan,nan,nan,-2.697495183044251905e-03,nan,-1.194605009633904411e-02,nan,nan,nan,nan,nan,nan,nan,nan,nan,nan,nan,nan,nan,nan,nan,nan,nan,-2.774566473988435839e-02,nan,nan,nan,nan,nan,nan,-1.811175337186892234e-02,nan,nan,nan,nan,nan,nan,nan,nan,nan,nan,nan,nan,nan,nan,nan,-9.633911368015368390e-03,-5.780346820809190156e-03,-2.967244701348745878e-02,nan,-6.165703275529832265e-03,nan,nan,nan,-2.774566473988435839e-02,nan,nan,nan,nan
nan,-8.761904761904771091e-03,nan,nan,nan,nan,nan,nan,-1.523809523809520686e-02,nan,nan,nan,nan,nan,nan,nan,nan,nan,2.095238095238096537e-02,nan,nan,7.619047619047636388e-03,nan,nan,nan,nan,nan,nan,nan,nan,nan,nan,1.904761904761907015e-02,nan,nan,nan,-1.638095238095236411e-02,nan,nan,nan,nan,9.904761904761905794e-03,nan,nan,nan,nan,-5.333333333333301063e-03,nan,nan,nan,nan,1.409523809523813807e-02,-8.380952380952355271e-03,nan,nan,nan,nan,nan,nan,nan,nan,nan,nan,nan,nan
nan,6.177606177606232221e-03,nan,nan,nan,nan,nan,nan,7.335907335907410412e-03,nan,nan,nan,5.405405405405416981e-03,nan,nan,nan,nan,nan,2.277992277992284612e-02,nan,nan,2.857142857142862605e-02,nan,nan,nan,nan,2.548262548262554203e-02,nan,nan,nan,nan,nan,nan,nan,nan,nan,nan,-3.088803088803082717e-03,nan,nan,nan,nan,nan,nan,nan,nan,nan,nan,nan,nan,nan,nan,nan,nan,8.880308880308973238e-03,nan,5.405405405405461217e-03,nan,nan,nan,-7.722007722007484531e-04,nan,nan,nan,nan
nan,nan,nan,nan,1.160541586073504574e-03,nan,nan,nan,nan,nan,nan,-2.321083172147031699e-03,nan,nan,nan,nan,nan,-6.576402321083163818e-03,nan,nan,nan,nan,nan,nan,-5.029013539651838553e-03,-8.897485493230151282e-03,-7.350096711798803466e-03,-2.707930367504829405e-03,-3.868471953578200948e-04,nan,nan,nan,-4.255319148936176354e-03,nan,nan,nan,nan,nan,nan,-2.321083172147009148e-03,nan,nan,nan,nan,nan,nan,nan,nan,nan,nan,nan,nan,nan,nan,nan,nan,nan,nan,nan,nan,nan,nan,nan,nan,nan
nan,2.261904761904760461e-02,nan,nan,nan,nan,nan,nan,8.730158730158721694e-03,nan,nan,nan,nan,nan,nan,nan,nan,nan,1.984126984126977078e-03,nan,nan,nan,nan,nan,nan,nan,nan,nan,nan,1.587301587301581662e-03,nan,nan,nan,nan,nan,nan,nan,nan,nan,nan,nan,nan,nan,nan,nan,1.984126984126977078e-03,nan,nan,nan,nan,nan,nan,-2.738095238095239470e-02,-7.936507936507974231e-03,nan,nan,3.968253968253954156e-03,nan,nan,1.587301587301581662e-03,-1.825396825396830014e-02,nan,nan,nan,nan
nan,9.815950920245364655e-03,nan,nan,nan,nan,nan,nan,5.725971370143101771e-03,nan,nan,nan,nan,nan,nan,nan,nan,nan,3.271983640081792266e-02,3.271983640081743694e-03,-4.440892098500626408e-17,nan,nan,nan,nan,nan,nan,nan,nan,nan,nan,nan,nan,nan,1.022494887525557915e-02,nan,nan,2.044989775051053813e-03,nan,nan,nan,nan,nan,nan,nan,nan,1.226993865030667763e-02,nan,nan,nan,nan,nan,1.145194274028622436e-02,-6.134969325153427286e-03,nan,nan,nan,nan,nan,nan,nan,nan,nan,nan,nan
nan,2.702702702702741884e-03,nan,1.621621621621627263e-02,nan,nan,nan,nan,nan,nan,nan,nan,nan,nan,1.660231660231665726e-02,nan,nan,nan,nan,nan,nan,nan,nan,nan,nan,nan,nan,nan,nan,2.220446049250313204e-17,nan,nan,nan,nan,nan,nan,nan,nan,nan,nan,nan,nan,nan,nan,nan,1.969111969111976210e-02,nan,nan,nan,nan,nan,7.335907335907387861e-03,-1.158301158301133739e-03,nan,8.494208494208588603e-03,nan,8.108108108108181417e-03,nan,nan,nan,-3.861003861003831170e-03,nan,nan,nan,nan
nan,1.949317738791456287e-03,nan,nan,nan,nan,nan,nan,nan,nan,nan,nan,nan,nan,nan,nan,nan,nan,nan,nan,nan,nan,nan,nan,nan,nan,nan,nan,nan,5.068226120857733004e-03,nan,nan,nan,nan,nan,nan,nan,-5.458089668615962245e-03,2.339181286549729764e-03,nan,nan,nan,nan,nan,nan,nan,nan,nan,nan,nan,nan,nan,-3.898635477582845787e-03,-3.898635477582734765e-04,-1.754385964912277135e-02,nan,-6.627680311890804359e-03,2.884990253411308034e-02,nan,nan,-2.962962962962960647e-02,nan,nan,nan,nan
nan,nan,nan,nan,nan,nan,nan,nan,nan,nan,nan,nan,nan,nan,nan,-3.853564547206200785e-03,nan,nan,nan,nan,nan,nan,nan,-4.624277456647419085e-03,-7.321772639691715226e-03,-3.853564547206200785e-03,-4.238921001926776108e-03,-5.394990366088636517e-03,-7.707129094412402005e-04,-1.156069364161860192e-03,nan,nan,nan,nan,nan,nan,nan,nan,nan,nan,nan,nan,nan,nan,nan,nan,nan,nan,nan,nan,nan,nan,nan,nan,nan,nan,nan,nan,nan,nan,-5.780346820809278627e-03,nan,nan,nan,1.156069364161860192e-03
nan,nan,nan,nan,nan,nan,nan,nan,nan,nan,nan,nan,5.870841487279831843e-03,nan,nan,nan,nan,nan,1.761252446183947384e-02,-2.348336594911981570e-03,1.682974559686884961e-02,1.839530332681014319e-02,7.436399217221101136e-03,nan,nan,nan,nan,nan,nan,4.305283757338518313e-03,nan,nan,nan,nan,nan,nan,nan,nan,nan,nan,nan,nan,nan,nan,nan,nan,nan,nan,nan,nan,nan,nan,nan,nan,-1.956947162426647766e-03,nan,nan,nan,nan,nan,nan,0.000000000000000000e+00,nan,-1.956947162426625648e-03,nan
nan,-2.026266416510318427e-02,1.688555347091933584e-02,nan,nan,nan,nan,nan,nan,-1.726078799249530782e-02,nan,nan,-2.251407129455911330e-02,nan,nan,nan,nan,nan,nan,nan,nan,-1.238273921200747606e-02,nan,nan,nan,nan,nan,nan,nan,7.504690431519711949e-03,nan,nan,nan,nan,nan,nan,-1.613508442776732249e-02,nan,nan,nan,nan,nan,nan,nan,nan,nan,nan,nan,nan,nan,nan,nan,nan,nan,5.628517823639778324e-03,nan,4.878048780487831762e-03,nan,nan,nan,1.500938086303960127e-03,nan,nan,nan,nan
nan,1.956947162426647766e-03,nan,nan,nan,nan,nan,nan,nan,-1.839530332681014319e-02,nan,nan,-1.252446183953028792e-02,nan,nan,nan,nan,nan,nan,nan,nan,nan,nan,nan,nan,nan,nan,nan,nan,nan,nan,nan,nan,nan,nan,nan,nan,nan,nan,nan,nan,nan,nan,nan,nan,nan,1.017612524461841694e-02,nan,nan,nan,-1.409001956947157977e-02,nan,1.213307240704502091e-02,-1.487279843444222482e-02,6.262230919765188197e-03,nan,1.135029354207437412e-02,nan,nan,nan,5.088062622309208471e-03,nan,nan,nan,nan
nan,4.135338345864636098e-03,nan,nan,nan,nan,nan,nan,nan,nan,nan,nan,nan,nan,nan,nan,nan,nan,nan,nan,nan,nan,nan,nan,nan,nan,nan,nan,nan,-9.022556390977487517e-03,nan,nan,nan,nan,nan,nan,nan,nan,nan,nan,nan,nan,nan,nan,nan,nan,1.127819548872175358e-02,-6.390977443609080835e-03,nan,nan,nan,nan,-9.398496240601539667e-03,-1.090225563909779163e-02,4.135338345864636098e-03,nan,4.511278195488688247e-03,nan,nan,1.015037593984959886e-02,-9.774436090225612633e-03,nan,nan,nan,nan
nan,2.298850574712640871e-02,nan,nan,nan,nan,nan,nan,1.111111111111109419e-02,nan,nan,nan,1.226053639846740387e-02,nan,nan,nan,nan,1.340996168582371181e-02,2.490421455938694045e-02,6.896551724137878030e-03,nan,nan,nan,nan,nan,nan,nan,nan,nan,nan,nan,nan,nan,nan,nan,nan,nan,nan,nan,nan,nan,nan,nan,nan,nan,nan,nan,1.111111111111109419e-02,nan,nan,-3.831417624521127243e-03,nan,1.532567049808397728e-03,2.911877394636010891e-02,nan,nan,nan,nan,nan,nan,nan,nan,nan,nan,nan
nan,nan,nan,nan,nan,nan,nan,nan,nan,nan,nan,nan,nan,nan,nan,nan,nan,nan,2.687140115163146742e-02,6.525911708253317664e-03,-7.677543186180435866e-03,2.571976967370441861e-02,1.036468330134356942e-02,3.186180422264872636e-02,nan,nan,nan,nan,nan,4.222648752399194017e-03,nan,nan,nan,nan,nan,nan,nan,nan,nan,nan,nan,nan,nan,nan,nan,nan,nan,nan,nan,nan,nan,nan,nan,nan,nan,nan,nan,nan,nan,2.034548944337810639e-02,-2.687140115163177793e-03,nan,nan,nan,1.996161228406909821e-02
nan,3.536345776031390824e-03,nan,nan,nan,nan,nan,nan,3.929273084479367566e-03,nan,nan,nan,9.037328094302510967e-03,nan,nan,nan,nan,nan,nan,nan,nan,nan,nan,1.925343811394888277e-02,nan,nan,1.414538310412569687e-02,nan,nan,nan,nan,nan,nan,nan,nan,nan,nan,nan,nan,nan,nan,nan,nan,nan,nan,nan,1.807465618860504275e-02,6.679764243614871692e-03,nan,nan,-7.072691552062915221e-03,nan,nan,-7.465618860510825176e-03,nan,nan,1.060903732809428436e-02,nan,nan,nan,nan,nan,nan,nan,nan
nan,2.107279693486594635e-02,4.022988505747129157e-02,nan,nan,nan,nan,nan,nan,nan,nan,nan,nan,nan,nan,nan,nan,nan,nan,nan,nan,2.873563218390806639e-02,6.130268199233746169e-03,nan,nan,nan,nan,nan,nan,nan,nan,nan,nan,nan,nan,nan,1.877394636015328189e-02,nan,nan,nan,nan,nan,nan,nan,nan,nan,nan,nan,nan,nan,nan,nan,1.072796934865900484e-02,nan,-1.149425287356309246e-03,nan,-1.149425287356309246e-03,nan,nan,nan,-2.298850574712640871e-02,nan,1.417624521072802235e-02,nan,nan
nan,-1.811320754716980869e-02,nan,nan,nan,nan,nan,nan,-2.075471698113211597e-02,-1.698113207547171516e-02,nan,nan,-1.999999999999999695e-02,nan,nan,nan,nan,nan,1.509433962264150652e-03,nan,nan,nan,nan,nan,nan,nan,nan,nan,nan,nan,nan,nan,nan,nan,nan,nan,nan,nan,nan,nan,nan,nan,nan,nan,nan,nan,nan,nan,nan,nan,nan,nan,-1.283018867924528086e-02,-9.056603773584904343e-03,3.773584905660376521e-03,nan,-2.641509433962263478e-03,nan,nan,nan,-9.056603773584904343e-03,nan,nan,nan,nan
nan,-6.909788867562416045e-03,1.650671785028792055e-02,nan,nan,nan,nan,nan,nan,nan,nan,nan,nan,nan,nan,nan,nan,nan,nan,nan,nan,1.228406909788870571e-02,nan,nan,nan,nan,nan,1.880998080614202511e-02,nan,nan,nan,nan,nan,nan,nan,nan,nan,0.000000000000000000e+00,nan,nan,nan,1.305182341650672553e-02,nan,nan,nan,7.293666026871403404e-03,nan,nan,nan,nan,nan,nan,nan,nan,-3.838771593090317571e-04,nan,-6.909788867562394361e-03,nan,nan,nan,-4.990403071017279757e-03,nan,nan,nan,nan
nan,-5.405405405405394430e-03,nan,nan,nan,nan,nan,nan,-2.316602316602312146e-03,-1.930501930501926644e-03,nan,nan,nan,nan,nan,nan,nan,nan,nan,nan,nan,nan,nan,nan,nan,nan,nan,nan,nan,nan,nan,nan,-1.930501930501926644e-03,nan,nan,nan,nan,nan,nan,7.722007722007706793e-04,nan,nan,nan,nan,nan,8.108108108108091211e-03,nan,nan,nan,nan,nan,nan,-9.652509652509633220e-03,nan,nan,nan,7.722007722007706576e-03,nan,nan,nan,-1.544401544401541359e-03,nan,nan,6.949806949806935572e-03,nan
nan,-1.142857142857134269e-03,nan,nan,3.809523809523818194e-03,nan,nan,nan,-1.028571428571429733e-02,2.666666666666683925e-03,nan,nan,-2.666666666666661807e-03,nan,nan,nan,nan,nan,nan,nan,nan,nan,nan,nan,nan,nan,nan,nan,nan,nan,nan,nan,nan,nan,nan,nan,nan,nan,nan,nan,nan,nan,nan,nan,nan,nan,9.904761904761883243e-03,-6.857142857142828167e-03,nan,nan,5.714285714285738567e-03,-3.809523809523929433e-04,nan,4.190476190476188911e-03,nan,nan,nan,nan,nan,nan,nan,nan,nan,nan,nan
nan,4.206500956022996181e-03,nan,nan,1.261950286806887665e-02,nan,nan,nan,1.529636711281101525e-03,nan,nan,nan,nan,nan,nan,nan,nan,nan,nan,nan,nan,nan,nan,nan,nan,nan,2.370936902485660733e-02,nan,nan,5.736137667304052820e-03,nan,nan,nan,nan,nan,nan,nan,nan,nan,nan,nan,nan,nan,nan,nan,2.294455066921674731e-03,nan,nan,nan,nan,nan,4.971319311663524934e-03,nan,nan,8.413001912045969810e-03,nan,3.059273422562180933e-03,nan,nan,nan,-8.030592734225594845e-03,nan,nan,nan,nan
nan,-6.130268199233723618e-03,nan,nan,nan,nan,nan,nan,-9.578544061302674342e-03,7.662835249042209817e-04,nan,nan,nan,nan,nan,nan,nan,nan,nan,nan,nan,nan,nan,nan,nan,nan,nan,nan,nan,nan,nan,nan,nan,nan,nan,nan,-6.896551724137900581e-03,nan,nan,nan,nan,nan,nan,nan,nan,nan,-7.662835249042209817e-04,nan,nan,nan,nan,nan,-1.379310344827586708e-02,-4.597701149425259537e-03,nan,nan,-3.831417624521104908e-04,4.980842911877436489e-03,nan,nan,-2.298850574712618493e-03,nan,nan,nan,nan
nan,nan,nan,nan,nan,nan,nan,nan,nan,nan,nan,nan,nan,nan,nan,nan,nan,-5.283018867924526955e-03,nan,nan,nan,nan,nan,nan,nan,-3.773584905660376629e-04,2.641509433962263478e-03,-3.773584905660376629e-04,-4.150943396226414346e-03,-3.773584905660376629e-04,4.150943396226414346e-03,7.547169811320753258e-04,nan,nan,nan,nan,nan,nan,nan,nan,nan,nan,nan,nan,nan,nan,nan,nan,nan,nan,nan,nan,nan,nan,nan,nan,nan,nan,nan,nan,-1.886792452830188260e-03,nan,nan,nan,7.547169811320753258e-04
nan,-1.928166351606808160e-02,nan,nan,-4.914933837429136254e-03,nan,nan,nan,nan,nan,nan,-3.364839319470700613e-02,nan,nan,nan,nan,nan,nan,nan,-1.890359168241963900e-02,-3.780718336483968045e-03,1.020793950850660235e-02,6.427221172022656859e-03,nan,nan,nan,nan,nan,nan,-3.440453686200382194e-02,nan,nan,nan,nan,nan,nan,nan,nan,nan,nan,nan,nan,nan,nan,-3.516068052930056836e-02,nan,nan,nan,nan,nan,nan,nan,nan,nan,nan,nan,nan,nan,nan,nan,nan,nan,nan,-3.175803402646506374e-02,nan
nan,1.194605009633915513e-02,nan,nan,nan,nan,nan,nan,1.156069364161882527e-03,nan,nan,nan,-6.165703275529810581e-03,nan,nan,nan,nan,nan,1.001926782273607729e-02,2.851637764932566516e-02,6.165703275529921604e-03,nan,nan,nan,nan,nan,nan,nan,nan,nan,nan,nan,nan,nan,nan,nan,nan,nan,nan,nan,nan,nan,nan,nan,nan,nan,2.312138728323702777e-02,nan,nan,nan,nan,nan,-1.233140655105973219e-02,-1.040462427745663179e-02,nan,nan,nan,nan,nan,nan,nan,nan,nan,nan,2.080924855491335032e-02
nan,nan,nan,nan,5.243445692883885907e-03,nan,nan,nan,-2.958801498127348190e-02,-1.198501872659179027e-02,nan,-1.198501872659179027e-02,-2.322097378277159299e-02,nan,nan,nan,nan,nan,2.134831460674151485e-02,nan,nan,nan,nan,nan,nan,nan,nan,nan,nan,nan,nan,nan,nan,nan,nan,nan,nan,nan,nan,-4.119850187265928013e-03,nan,nan,nan,nan,nan,nan,nan,nan,nan,nan,nan,nan,nan,-1.722846441947569612e-02,nan,nan,-5.617977528089901362e-03,nan,nan,nan,-1.048689138576781518e-02,nan,nan,nan,nan
nan,6.165703275529876501e-03,nan,nan,nan,nan,nan,nan,nan,nan,nan,nan,1.502890173410402833e-02,nan,nan,nan,nan,nan,nan,nan,nan,nan,nan,nan,nan,nan,nan,nan,nan,nan,nan,nan,nan,nan,1.387283236994216705e-02,nan,1.464354527938343045e-02,nan,nan,nan,nan,nan,nan,nan,nan,nan,1.464354527938343045e-02,9.633911368015413493e-03,nan,nan,nan,nan,nan,2.312138728323676149e-03,5.394990366088614833e-03,nan,2.312138728323720385e-03,nan,nan,nan,7.321772639691715226e-03,nan,nan,nan,nan
nan,-3.522504892367872391e-03,nan,nan,nan,nan,nan,nan,-1.565557729941286988e-02,-3.913894324852895679e-04,nan,nan,-1.487279843444224738e-02,nan,nan,nan,nan,nan,nan,nan,nan,nan,nan,nan,nan,nan,nan,nan,nan,nan,nan,nan,2.739726027397293255e-03,nan,nan,nan,nan,nan,nan,nan,nan,nan,nan,nan,nan,nan,7.827788649706679319e-04,nan,nan,nan,nan,nan,-7.827788649706434940e-03,-7.045009784735767333e-03,nan,nan,7.045009784735834120e-03,nan,nan,nan,5.088062622309231023e-03,nan,nan,nan,nan
nan,nan,nan,nan,-3.076923076923066078e-03,nan,nan,nan,nan,nan,nan,-3.846153846153832598e-04,nan,nan,nan,nan,nan,nan,nan,-1.923076923076916245e-03,1.153846153846149834e-03,5.384615384615365312e-03,5.769230769230748734e-03,5.384615384615365312e-03,3.461538461538449067e-03,nan,nan,nan,nan,nan,nan,nan,-3.846153846153832598e-04,nan,nan,nan,nan,nan,nan,3.461538461538449067e-03,nan,nan,nan,nan,nan,nan,nan,nan,nan,nan,nan,nan,nan,nan,nan,nan,nan,nan,nan,nan,nan,nan,nan,nan,nan
nan,nan,nan,nan,7.392996108949456864e-03,nan,nan,nan,nan,nan,nan,nan,nan,nan,nan,nan,nan,nan,nan,nan,nan,nan,nan,nan,2.334630350194555337e-02,2.529182879377434023e-02,2.178988326848252388e-02,3.540856031128405274e-02,nan,-3.112840466926058980e-03,nan,nan,nan,nan,nan,nan,nan,nan,-1.167315175097272117e-03,nan,nan,nan,nan,nan,-3.891050583657573725e-04,nan,nan,nan,nan,nan,-1.945525291828786862e-03,nan,nan,nan,nan,nan,nan,nan,nan,nan,7.003891050583655256e-03,nan,nan,nan,nan
nan,nan,nan,nan,nan,nan,nan,nan,nan,-1.060903732809428436e-02,nan,nan,-1.060903732809428436e-02,nan,nan,nan,nan,nan,6.286836935167005973e-03,-3.182711198428289645e-02,nan,nan,nan,nan,nan,nan,nan,nan,nan,-1.886051080550095113e-02,nan,nan,nan,nan,nan,nan,nan,nan,nan,nan,nan,nan,nan,nan,nan,-3.143418467583458751e-03,nan,nan,nan,nan,nan,nan,-9.037328094302554335e-03,nan,-2.278978388998034038e-02,nan,-1.728880157170922111e-02,nan,nan,nan,-4.361493123772101910e-02,nan,nan,nan,nan
nan,nan,nan,nan,7.421150278292820701e-04,3.339517625231836102e-03,nan,nan,-3.710575139146610277e-03,nan,nan,-5.194805194805240771e-03,nan,nan,-2.968460111317328207e-03,nan,nan,nan,nan,nan,nan,nan,nan,nan,nan,2.152133580705006821e-02,1.335807050092760982e-02,2.374768089053800463e-02,nan,nan,nan,nan,nan,nan,nan,nan,nan,nan,nan,nan,nan,nan,nan,nan,nan,nan,nan,nan,nan,nan,nan,nan,nan,6.679035250463760676e-03,2.226345083487890446e-03,nan,nan,nan,nan,nan,nan,nan,nan,nan,nan
nan,nan,nan,4.952380952380974581e-03,nan,nan,nan,3.809523809523818194e-03,nan,nan,nan,nan,nan,nan,nan,nan,6.095238095238086733e-03,nan,4.952380952380952897e-03,1.523809523809571773e-03,-4.190476190476166360e-03,0.000000000000000000e+00,7.619047619047858867e-04,6.095238095238086733e-03,nan,2.285714285714313208e-03,nan,nan,nan,nan,nan,nan,nan,nan,nan,nan,nan,nan,nan,nan,nan,nan,nan,nan,nan,nan,nan,nan,nan,nan,nan,nan,nan,nan,nan,nan,nan,nan,nan,nan,nan,nan,nan,nan,nan
nan,nan,nan,nan,nan,nan,nan,nan,nan,nan,nan,nan,nan,nan,nan,-7.604562737643094650e-04,nan,nan,nan,nan,nan,nan,nan,6.083650190114054182e-03,3.041825095056993698e-03,-2.281368821292817373e-03,2.661596958174872359e-03,3.802281368821258493e-03,6.844106463878274309e-03,-7.604562737642872388e-04,nan,nan,nan,nan,nan,nan,nan,nan,2.661596958174849807e-03,nan,nan,nan,nan,nan,nan,nan,nan,nan,nan,nan,nan,nan,nan,nan,nan,nan,nan,nan,nan,nan,3.422053231939137154e-03,nan,nan,nan,nan
nan,-9.019607843137267267e-03,nan,nan,nan,nan,nan,nan,-2.666666666666668226e-02,nan,nan,nan,-2.627450980392158700e-02,nan,nan,nan,nan,nan,nan,-3.137254901960795459e-03,-2.000000000000001776e-02,1.176470588235289895e-03,-1.450980392156864252e-02,nan,nan,nan,nan,nan,nan,nan,nan,nan,nan,nan,nan,nan,-2.509803921568629775e-02,nan,nan,nan,nan,nan,nan,nan,nan,nan,nan,nan,nan,nan,nan,nan,-1.568627450980395605e-02,-2.431372549019605867e-02,nan,nan,nan,nan,nan,nan,nan,nan,nan,nan,nan
nan,nan,-7.265774378585043540e-03,nan,nan,nan,nan,nan,-1.912045889101332552e-02,-9.942638623326916295e-03,nan,nan,-2.103250478011466779e-02,nan,nan,nan,nan,nan,nan,nan,nan,nan,nan,nan,nan,nan,nan,nan,nan,nan,nan,nan,nan,nan,nan,nan,-1.988527724665385341e-02,nan,nan,nan,nan,nan,nan,nan,nan,nan,-3.441682600382378523e-03,nan,nan,nan,nan,nan,-1.185468451242826030e-02,-1.873804971319308413e-02,nan,nan,3.059273422562158815e-03,nan,nan,nan,7.648183556405507627e-04,nan,nan,nan,nan
nan,5.233644859813124314e-03,nan,1.084112149532716687e-02,nan,nan,nan,nan,nan,nan,nan,nan,nan,nan,nan,nan,nan,nan,nan,nan,nan,nan,1.196261682242993896e-02,nan,nan,nan,nan,nan,nan,-2.242990654205567584e-03,nan,nan,nan,nan,nan,nan,nan,nan,nan,nan,1.121495327102839303e-03,nan,nan,nan,nan,nan,nan,nan,nan,nan,nan,-1.009345794392519854e-02,-7.102803738317753704e-03,nan,5.981308411215002438e-03,nan,1.121495327102817186e-03,nan,nan,nan,-7.102803738317708601e-03,nan,nan,nan,nan
nan,nan,nan,nan,nan,nan,nan,nan,3.529411764705869901e-03,9.803921568627461253e-03,nan,nan,nan,nan,nan,nan,nan,nan,1.921568627450982378e-02,nan,nan,nan,nan,nan,nan,nan,nan,nan,nan,nan,nan,nan,nan,nan,nan,nan,nan,nan,nan,nan,nan,nan,nan,nan,nan,1.607843137254905130e-02,nan,-8.627450980392126906e-03,nan,nan,-7.843137254901932920e-03,nan,nan,-8.627450980392126906e-03,7.843137254901933354e-04,nan,-7.843137254901933354e-04,nan,nan,nan,-1.176470588235289938e-02,nan,nan,nan,nan
nan,nan,nan,nan,nan,5.189620758483015801e-03,nan,nan,nan,nan,nan,nan,-4.391217564870287041e-03,nan,5.988023952095811349e-03,nan,nan,nan,nan,nan,nan,nan,nan,nan,nan,nan,nan,nan,nan,-1.636726546906188545e-02,nan,nan,nan,nan,nan,nan,-2.035928143712573135e-02,nan,nan,nan,nan,nan,nan,nan,nan,nan,nan,nan,nan,nan,-1.037924151696607497e-02,nan,nan,-6.387225548902186571e-03,-3.992015968063889267e-03,nan,-4.790419161676662263e-03,nan,nan,nan,-1.477045908183633946e-02,nan,nan,nan,nan
nan,-1.538461538461544098e-02,nan,nan,nan,nan,nan,nan,-2.346153846153848851e-02,-1.615384615384620609e-02,nan,nan,-2.384615384615387107e-02,nan,nan,nan,nan,nan,nan,nan,nan,nan,nan,nan,nan,nan,nan,nan,nan,-2.692307692307704774e-03,nan,nan,nan,nan,nan,nan,nan,nan,nan,nan,nan,nan,nan,nan,nan,7.692307692307442935e-04,nan,nan,nan,nan,nan,-6.538461538461559815e-03,nan,nan,3.461538461538449067e-03,nan,5.384615384615365312e-03,nan,nan,nan,-3.846153846153876725e-03,nan,nan,nan,nan
nan,nan,nan,-2.990654205607490377e-03,nan,nan,nan,nan,nan,nan,nan,nan,nan,nan,nan,nan,nan,nan,nan,1.495327102803734130e-03,-6.355140186915875580e-03,nan,-1.308411214953271104e-02,-1.495327102803734130e-03,-5.233644859813080079e-03,nan,nan,nan,nan,4.112149532710285445e-03,nan,nan,nan,nan,nan,nan,nan,nan,nan,nan,nan,nan,nan,nan,-5.233644859813102630e-03,nan,nan,nan,nan,nan,nan,nan,nan,nan,nan,nan,nan,nan,nan,nan,-8.971962616822449013e-03,nan,nan,nan,-1.495327102803756247e-03
nan,nan,nan,nan,nan,nan,nan,nan,nan,nan,nan,nan,nan,nan,nan,nan,nan,2.633587786259543664e-02,2.633587786259543664e-02,7.251908396946582860e-03,2.671755725190805460e-03,6.870229007633588472e-03,7.633587786259532146e-03,2.022900763358781440e-02,nan,nan,nan,nan,nan,nan,nan,nan,nan,nan,nan,nan,nan,nan,nan,nan,nan,nan,nan,nan,nan,nan,nan,nan,nan,nan,nan,nan,nan,nan,nan,nan,1.412213740458014878e-02,nan,nan,nan,-7.633587786259665503e-04,nan,nan,nan,3.816793893129743955e-03
nan,6.896551724137989052e-03,nan,nan,nan,nan,nan,nan,nan,nan,nan,nan,nan,nan,nan,nan,nan,1.685823754789277443e-02,1.992337164750963494e-02,-3.831417624520439208e-04,nan,1.302681992337169012e-02,nan,nan,nan,nan,nan,nan,nan,nan,nan,nan,nan,nan,nan,nan,nan,-8.045977011494209394e-03,nan,nan,nan,nan,nan,nan,nan,1.072796934865907249e-02,nan,nan,nan,nan,nan,nan,nan,nan,nan,nan,7.662835249042187699e-03,nan,nan,nan,-5.363984674329458184e-03,nan,nan,nan,1.111111111111113756e-02
nan,-2.528301886792452130e-02,nan,nan,nan,nan,nan,nan,-4.075471698113206781e-02,nan,nan,nan,-2.830188679245282390e-02,nan,nan,nan,nan,1.811320754716980869e-02,nan,nan,nan,nan,nan,nan,nan,nan,1.509433962264150652e-03,1.245283018867924217e-02,9.056603773584904343e-03,nan,nan,1.999999999999999695e-02,nan,nan,nan,nan,-2.603773584905659869e-02,nan,nan,nan,nan,nan,nan,nan,nan,nan,-1.735849056603773130e-02,nan,nan,nan,nan,nan,nan,nan,nan,nan,nan,nan,nan,nan,nan,nan,nan,nan,nan
nan,-9.811320754716978260e-03,nan,nan,nan,nan,nan,nan,-3.018867924528312319e-02,nan,nan,nan,-2.830188679245293493e-02,nan,nan,nan,nan,nan,4.905660377358489130e-03,-3.396226415094338695e-03,nan,nan,nan,nan,nan,nan,nan,nan,nan,nan,nan,nan,nan,nan,nan,nan,-1.773584905660383765e-02,nan,nan,nan,nan,nan,nan,nan,nan,nan,-3.396226415094338695e-03,nan,nan,nan,nan,nan,-2.603773584905670971e-02,-2.641509433962263478e-03,nan,nan,nan,nan,nan,nan,nan,nan,nan,nan,7.547169811320753258e-04
nan,1.077844311377247274e-02,nan,nan,nan,nan,nan,nan,nan,nan,nan,nan,nan,nan,nan,nan,nan,nan,nan,nan,nan,nan,nan,nan,nan,1.197604790419126751e-03,6.387225548902209123e-03,nan,nan,-3.193612774451115403e-03,nan,nan,nan,nan,nan,nan,nan,nan,nan,nan,nan,nan,nan,nan,nan,nan,nan,nan,nan,nan,nan,nan,4.790419161676618028e-03,3.992015968063533757e-04,-1.636726546906188545e-02,nan,-2.554890219560879139e-02,nan,nan,nan,-3.073852295409183061e-02,nan,nan,-2.834331337325350988e-02,nan
nan,1.838235294117640528e-03,nan,1.470588235294112422e-03,3.676470588235281056e-04,nan,nan,nan,nan,nan,nan,nan,nan,nan,nan,nan,nan,nan,nan,-2.573529411764696739e-03,6.617647058823505901e-03,nan,nan,nan,nan,nan,nan,nan,nan,-3.676470588235281056e-04,nan,nan,nan,nan,nan,nan,nan,1.470588235294112422e-03,nan,nan,nan,nan,nan,nan,nan,nan,4.779411764705865373e-03,nan,nan,nan,nan,-2.573529411764718857e-03,-1.323529411764707772e-02,nan,nan,nan,nan,nan,nan,nan,nan,nan,nan,nan,nan
nan,1.538461538461533039e-03,nan,nan,nan,nan,nan,nan,-3.846153846153832490e-03,nan,nan,nan,-6.923076923076898134e-03,nan,nan,nan,nan,nan,1.153846153846154257e-02,nan,nan,1.615384615384614017e-02,nan,nan,nan,nan,nan,nan,nan,nan,nan,nan,nan,nan,nan,nan,nan,nan,nan,nan,nan,nan,nan,nan,nan,2.538461538461540476e-02,nan,nan,nan,nan,nan,8.461538461538454375e-03,-2.692307692307682656e-03,nan,nan,nan,1.269230769230769197e-02,nan,nan,nan,9.615384615384581224e-03,nan,nan,nan,nan
nan,-2.272727272727266198e-02,1.893939393939403316e-03,-1.325757575757569029e-02,nan,-1.363636363636360274e-02,nan,nan,-1.477272727272720479e-02,-1.780303030303027542e-02,nan,nan,nan,nan,nan,nan,nan,nan,nan,nan,nan,nan,nan,nan,nan,nan,nan,nan,nan,nan,nan,nan,nan,nan,nan,nan,nan,nan,nan,nan,nan,nan,nan,nan,nan,nan,nan,nan,nan,nan,nan,nan,-1.628787878787876092e-02,nan,4.545454545454586000e-03,nan,-6.060606060606011161e-03,nan,nan,nan,-3.030303030303005581e-03,nan,nan,nan,nan
nan,nan,nan,nan,nan,nan,nan,nan,nan,nan,nan,nan,0.000000000000000000e+00,nan,nan,nan,nan,nan,9.861932938856000225e-03,nan,nan,nan,nan,1.459566074950686618e-02,nan,nan,nan,nan,nan,nan,nan,nan,nan,nan,nan,nan,7.889546351084852482e-04,nan,nan,nan,nan,nan,nan,nan,nan,1.380670611439840413e-02,nan,nan,nan,nan,nan,-4.339250493096668757e-03,-9.072978303747581547e-03,nan,6.311637080867837750e-03,nan,8.284023668639072663e-03,nan,nan,nan,-5.128205128205154222e-03,nan,nan,nan,nan
nan,nan,nan,nan,nan,nan,nan,nan,nan,nan,nan,nan,nan,nan,nan,nan,8.467741935483830140e-03,nan,1.774193548387092978e-02,-1.612903225806472428e-03,-1.209677419354870855e-03,7.661290322580604877e-03,9.677419354838656326e-03,1.249999999999997814e-02,nan,nan,nan,nan,nan,nan,nan,nan,nan,nan,nan,nan,nan,nan,nan,nan,nan,nan,nan,nan,nan,nan,nan,nan,nan,nan,nan,nan,nan,nan,9.274193548387077088e-03,nan,6.451612903225800374e-03,nan,nan,nan,nan,nan,nan,nan,-1.612903225806494546e-03
nan,2.230919765166337193e-02,1.565557729941269294e-03,nan,nan,nan,nan,nan,nan,1.722113502935416346e-02,nan,3.913894324853206194e-03,nan,nan,nan,nan,nan,nan,nan,nan,nan,3.248532289628178887e-02,nan,nan,nan,nan,nan,nan,nan,-2.348336594911959452e-03,nan,nan,nan,nan,nan,nan,-3.913894324853561921e-04,nan,nan,nan,nan,nan,nan,nan,nan,nan,nan,nan,nan,nan,nan,nan,nan,nan,2.348336594911937334e-03,nan,2.387475538160464122e-02,nan,nan,nan,-2.739726027397293255e-03,nan,nan,nan,nan
nan,nan,nan,nan,nan,nan,nan,nan,nan,nan,nan,nan,nan,nan,nan,nan,nan,2.061068702290080878e-02,1.259541984732828225e-02,4.961832061068749238e-03,8.778625954198492759e-03,1.068702290076337623e-02,8.015267175572571637e-03,nan,nan,nan,nan,nan,nan,-3.816793893129499901e-04,nan,nan,nan,nan,nan,nan,nan,nan,nan,nan,nan,nan,nan,nan,-7.633587786258999803e-04,nan,nan,nan,nan,nan,nan,nan,nan,nan,nan,nan,nan,nan,nan,-3.435114503816727449e-03,-5.725190839694605308e-03,nan,nan,nan,nan
nan,1.190019193857960733e-02,nan,nan,nan,nan,nan,nan,1.151631477927061997e-02,nan,nan,nan,1.842610364683299265e-02,nan,nan,nan,nan,nan,2.303262955854121913e-02,nan,nan,nan,nan,nan,nan,nan,nan,nan,nan,3.454894433781152512e-03,nan,nan,nan,nan,nan,nan,nan,nan,nan,nan,nan,nan,nan,nan,nan,1.458733205374276344e-02,nan,nan,nan,nan,nan,nan,1.190019193857960733e-02,nan,9.213051823416473773e-03,nan,3.416506717850285174e-02,nan,nan,nan,8.829174664107463863e-03,nan,nan,nan,nan
nan,1.158301158301160497e-02,nan,nan,nan,nan,nan,nan,1.544401544401547907e-02,1.158301158301178191e-03,nan,nan,-1.235521235521230832e-02,nan,nan,nan,nan,nan,nan,nan,nan,nan,nan,nan,nan,nan,nan,nan,nan,nan,nan,nan,nan,nan,nan,nan,nan,3.088803088803149070e-03,nan,nan,nan,nan,nan,nan,nan,nan,nan,nan,nan,nan,nan,nan,1.158301158301200309e-03,-1.119691119691117523e-02,6.177606177606276457e-03,nan,1.196911196911205552e-02,nan,nan,nan,1.428571428571434598e-02,nan,nan,nan,nan
nan,nan,nan,nan,nan,nan,nan,nan,nan,nan,nan,nan,nan,nan,nan,nan,nan,nan,nan,1.556420233463051608e-03,-1.556420233463029490e-03,5.836575875486471610e-03,-6.614785992217875332e-03,2.220446049250313204e-17,-1.167315175097250000e-03,nan,nan,nan,nan,nan,nan,nan,nan,nan,nan,nan,nan,nan,nan,nan,nan,nan,nan,nan,nan,nan,nan,nan,nan,nan,nan,nan,nan,nan,-2.334630350194544235e-03,nan,-1.284046692606999329e-02,nan,nan,nan,-1.322957198443575066e-02,nan,nan,nan,-7.782101167315147450e-04
nan,1.482965931863728867e-02,nan,nan,nan,nan,nan,nan,1.803607214428857436e-02,1.482965931863728867e-02,nan,nan,2.164328657314631282e-02,nan,2.164328657314629201e-02,nan,nan,nan,nan,nan,nan,nan,nan,nan,nan,nan,nan,nan,nan,5.611222444889785513e-03,nan,nan,nan,nan,nan,nan,nan,nan,nan,nan,nan,nan,nan,nan,nan,nan,nan,nan,nan,nan,nan,nan,5.210420841683371766e-03,-4.408817635270545141e-03,nan,nan,1.162324649298596135e-02,nan,nan,nan,8.416833667334677402e-03,nan,nan,nan,nan
nan,-6.949806949806935572e-03,nan,nan,5.019305019305008927e-03,nan,nan,nan,nan,nan,nan,nan,nan,nan,nan,nan,nan,1.969111969111967536e-02,nan,nan,nan,nan,nan,nan,nan,nan,nan,1.737451737451736061e-02,1.660231660231657053e-02,2.316602316602312146e-03,nan,nan,-1.544401544401541359e-03,nan,nan,nan,nan,0.000000000000000000e+00,nan,nan,nan,nan,nan,nan,nan,-7.722007722007706576e-03,nan,nan,nan,nan,nan,nan,-4.633204633204624293e-03,nan,nan,nan,nan,nan,nan,nan,nan,nan,nan,nan,nan
nan,-5.426356589147296287e-03,nan,7.751937984496137801e-03,nan,nan,nan,nan,-1.201550387596901290e-02,8.139534883720943997e-03,nan,nan,nan,nan,nan,nan,nan,nan,nan,nan,nan,8.139534883720943997e-03,nan,nan,nan,nan,nan,nan,nan,nan,nan,nan,nan,nan,nan,nan,nan,1.162790697674420757e-03,nan,-7.751937984496138018e-04,nan,nan,nan,nan,-3.875968992248068901e-03,-3.875968992248068901e-03,nan,nan,nan,nan,nan,nan,-6.976744186046523674e-03,nan,nan,nan,nan,nan,nan,nan,nan,nan,nan,nan,nan
nan,-1.317829457364343496e-02,nan,nan,nan,nan,nan,nan,-1.085271317829459257e-02,-1.162790697674420670e-02,nan,nan,nan,nan,nan,nan,nan,nan,nan,nan,nan,nan,nan,nan,nan,nan,nan,nan,nan,nan,nan,nan,nan,nan,nan,nan,nan,nan,nan,nan,nan,nan,nan,nan,nan,nan,nan,-2.093023255813957276e-02,nan,nan,-1.162790697674420670e-02,nan,-6.589147286821717478e-03,-1.279069767441862703e-02,-1.550387596899227604e-03,nan,7.751937984496138018e-04,nan,nan,nan,-1.162790697674420757e-03,nan,nan,nan,nan
nan,-1.050583657587544906e-02,nan,nan,nan,nan,nan,nan,-2.723735408560279490e-03,-5.058365758754823291e-03,nan,nan,-1.322957198443575066e-02,nan,nan,nan,nan,nan,nan,nan,nan,nan,nan,nan,nan,nan,nan,nan,nan,nan,nan,nan,nan,nan,nan,nan,nan,nan,nan,nan,nan,nan,nan,nan,nan,nan,1.556420233463040592e-02,nan,nan,nan,nan,nan,-1.634241245136180964e-02,-7.392996108949390077e-03,8.949416342412530589e-03,nan,-1.945525291828742410e-03,nan,nan,nan,-2.723735408560301607e-03,nan,nan,nan,nan
nan,nan,8.679245283018865650e-03,-4.528301886792452172e-03,nan,nan,nan,nan,-7.924528301886789999e-03,-6.792452830188677390e-03,nan,nan,-1.056603773584905391e-02,nan,nan,nan,nan,nan,nan,nan,nan,-7.169811320754715216e-03,nan,nan,nan,nan,nan,nan,nan,1.132075471698113043e-03,nan,nan,nan,nan,nan,nan,nan,nan,nan,nan,nan,nan,nan,nan,nan,5.660377358490564781e-03,nan,nan,nan,nan,nan,nan,nan,nan,nan,nan,7.169811320754715216e-03,nan,nan,nan,-4.528301886792452172e-03,nan,nan,nan,nan
nan,-5.313092979127099005e-03,nan,nan,nan,nan,nan,nan,nan,nan,nan,nan,nan,nan,nan,nan,nan,nan,nan,-2.694497153700188205e-02,-2.466793168880452441e-02,-1.138519924098657567e-03,-3.795066413662207070e-03,4.933586337760931424e-03,-3.036053130929761319e-03,nan,nan,nan,nan,-4.554079696394652821e-03,nan,nan,nan,nan,nan,nan,nan,nan,nan,nan,nan,nan,nan,nan,nan,nan,nan,nan,nan,nan,nan,nan,nan,nan,nan,nan,-1.783681214421251049e-02,nan,nan,nan,-2.087286527514229523e-02,nan,nan,nan,nan
nan,-3.100775193798455207e-03,nan,nan,nan,nan,nan,nan,nan,nan,nan,nan,-3.100775193798455207e-03,nan,nan,nan,nan,nan,nan,nan,1.550387596899227604e-03,-3.875968992248069009e-04,nan,nan,nan,nan,8.139534883720943997e-03,9.689922480620172252e-03,nan,nan,nan,nan,nan,nan,nan,nan,nan,nan,nan,nan,nan,nan,nan,nan,nan,nan,nan,nan,nan,nan,nan,nan,nan,nan,-2.325581395348841514e-03,nan,nan,nan,-2.325581395348841514e-03,nan,nan,0.000000000000000000e+00,nan,-8.527131782945751928e-03,nan
nan,nan,1.663442940038679582e-02,nan,nan,8.123791102514465665e-03,nan,nan,-1.934235976789211442e-03,1.547388781431280379e-03,nan,2.707930367504807288e-03,nan,nan,2.359767891682782587e-02,nan,nan,nan,nan,1.160541586073460339e-03,nan,nan,nan,nan,nan,2.940038684719530407e-02,nan,nan,nan,nan,nan,nan,nan,nan,-4.642166344294040847e-03,nan,nan,nan,nan,nan,nan,nan,nan,1.276595744680846314e-02,nan,nan,nan,nan,nan,nan,nan,nan,nan,nan,nan,nan,nan,nan,nan,nan,nan,nan,nan,nan,nan
nan,7.835820895522326718e-03,nan,nan,nan,nan,nan,nan,nan,nan,nan,nan,nan,nan,nan,nan,nan,3.507462686567162230e-02,4.216417910447758238e-02,nan,nan,nan,-3.731343283582133716e-03,nan,nan,nan,nan,nan,nan,-3.731343283582377987e-04,nan,nan,nan,nan,nan,nan,nan,nan,nan,nan,nan,nan,nan,nan,nan,nan,nan,nan,nan,nan,nan,nan,-3.358208955223895755e-03,-7.462686567164533713e-04,-4.440892098500626408e-17,nan,-1.119402985074691116e-03,nan,nan,nan,-9.701492537313494841e-03,nan,nan,nan,nan
nan,-1.804511278195486401e-02,nan,-1.804511278195488483e-02,nan,nan,nan,nan,-3.045112781954886078e-02,nan,nan,nan,nan,nan,nan,nan,5.639097744360910616e-03,nan,nan,nan,nan,nan,nan,nan,-4.887218045112784633e-03,1.879699248120303466e-03,-7.518796992481191314e-03,nan,nan,nan,nan,nan,nan,nan,nan,nan,nan,nan,nan,nan,nan,nan,nan,nan,nan,nan,nan,-9.774436090225569265e-03,nan,nan,-1.428571428571430088e-02,nan,nan,-1.165413533834582828e-02,nan,nan,nan,nan,nan,nan,nan,nan,nan,nan,nan
nan,-3.780718336483967937e-04,nan,nan,nan,nan,nan,nan,nan,nan,nan,nan,nan,nan,-8.317580340264663433e-03,nan,nan,nan,2.419659735349715193e-02,nan,nan,5.671077504725885281e-03,nan,nan,nan,nan,nan,nan,nan,-1.663516068052932687e-02,nan,nan,nan,nan,nan,nan,nan,nan,nan,nan,nan,nan,nan,nan,nan,nan,nan,nan,nan,nan,nan,nan,-1.890359168241961905e-03,-1.096408317580341817e-02,-7.561436672967891855e-03,nan,-1.436672967863894534e-02,nan,nan,nan,-2.457466918714554943e-02,nan,nan,nan,nan
nan,nan,nan,nan,nan,nan,nan,nan,nan,nan,nan,nan,nan,nan,9.920634920634907941e-03,nan,nan,nan,nan,nan,nan,nan,1.507936507936502579e-02,2.499999999999993200e-02,2.777777777777769991e-02,1.706349206349202369e-02,nan,nan,nan,nan,nan,nan,nan,nan,nan,nan,nan,nan,nan,nan,nan,nan,nan,nan,nan,nan,nan,-9.920634920634973861e-03,nan,nan,-8.730158730158810165e-03,nan,nan,-9.523809523809600996e-03,nan,nan,nan,nan,nan,nan,nan,0.000000000000000000e+00,nan,-7.936507936508352835e-04,nan
nan,nan,1.647058823529410493e-02,nan,nan,nan,nan,nan,-1.450980392156868762e-02,-7.450980392156881030e-03,nan,nan,nan,nan,nan,nan,nan,nan,1.333333333333333072e-02,nan,nan,-3.529411764705869901e-03,7.058823529411739801e-03,nan,nan,nan,nan,nan,nan,nan,nan,nan,nan,nan,nan,nan,nan,nan,nan,7.843137254901933354e-04,nan,nan,nan,nan,nan,nan,nan,nan,nan,nan,nan,nan,-1.803921568627453453e-02,nan,nan,nan,3.921568627450966677e-04,nan,nan,nan,-1.215686274509806229e-02,nan,nan,nan,nan
nan,nan,nan,4.206500956022940496e-02,1.529636711281057073e-03,nan,nan,nan,nan,nan,nan,-9.177820267686454328e-03,nan,nan,nan,nan,nan,nan,nan,2.065009560229442639e-02,2.753346080305925023e-02,2.600382409177817017e-02,2.141491395793495428e-02,nan,nan,nan,nan,nan,nan,nan,nan,nan,nan,nan,nan,nan,nan,nan,nan,-6.500956022944559889e-03,nan,nan,nan,nan,-7.648183556405729888e-04,nan,nan,nan,nan,nan,nan,nan,nan,nan,nan,nan,nan,nan,nan,nan,nan,nan,nan,nan,6.500956022944559889e-03
nan,2.681992337164706974e-03,nan,1.226053639846740387e-02,nan,nan,nan,nan,-8.045977011494277048e-03,nan,nan,nan,nan,nan,nan,nan,nan,nan,nan,-5.747126436781635136e-03,7.279693486590010747e-03,1.149425287356309246e-03,nan,nan,nan,nan,nan,nan,nan,nan,nan,nan,nan,nan,1.187739463601529197e-02,nan,nan,7.662835249041988640e-04,nan,nan,nan,nan,nan,nan,nan,nan,nan,nan,nan,nan,nan,nan,-1.226053639846746979e-02,-7.279693486590100085e-03,nan,nan,nan,nan,nan,nan,nan,nan,nan,nan,nan
nan,7.874015748031482076e-03,nan,nan,nan,nan,nan,nan,nan,nan,nan,nan,nan,nan,nan,nan,nan,nan,nan,nan,nan,nan,nan,nan,2.086614173228342611e-02,1.653543307086611375e-02,nan,nan,nan,7.086614173228334215e-03,nan,nan,nan,nan,nan,nan,nan,-1.220472440944890893e-02,nan,nan,nan,nan,nan,nan,nan,1.299212598425194577e-02,nan,nan,nan,nan,nan,nan,-3.937007874015785273e-03,nan,4.724409448818888899e-03,nan,1.968503937007870519e-03,nan,nan,nan,-2.125984251968511193e-02,nan,nan,nan,nan
nan,-9.633911368015456861e-03,nan,nan,nan,nan,nan,nan,nan,nan,nan,nan,nan,nan,nan,nan,nan,nan,3.082851637764871897e-03,nan,nan,nan,nan,nan,nan,nan,nan,nan,nan,-8.863198458574217745e-03,nan,nan,-2.427745664739890813e-02,nan,nan,nan,nan,nan,nan,nan,nan,nan,nan,nan,nan,-5.009633911368082879e-03,nan,nan,nan,nan,nan,nan,-2.504816955684012816e-02,-5.009633911368061195e-03,-7.707129094412401571e-03,nan,-1.657032755298657595e-02,nan,nan,nan,-2.504816955684012816e-02,nan,nan,nan,nan
nan,-4.615384615384599334e-03,nan,-7.692307692307665196e-04,nan,nan,nan,nan,nan,nan,nan,nan,-7.307692307692304108e-03,nan,nan,nan,nan,nan,1.384615384615379627e-02,nan,nan,-1.923076923076916245e-03,nan,nan,nan,nan,nan,nan,nan,nan,nan,nan,nan,nan,nan,nan,nan,nan,nan,nan,nan,nan,nan,nan,nan,nan,7.692307692307442935e-04,-1.076923076923077573e-02,nan,nan,-7.307692307692304108e-03,nan,nan,-9.999999999999986330e-03,nan,nan,nan,nan,nan,nan,nan,nan,nan,1.576923076923075762e-02,nan
nan,-1.386138613861387370e-02,nan,nan,nan,nan,nan,nan,-1.386138613861387370e-02,nan,nan,nan,nan,nan,nan,nan,nan,nan,3.564356435643567522e-03,nan,nan,nan,nan,nan,nan,nan,nan,nan,nan,nan,nan,nan,nan,nan,-1.148514851485149535e-02,nan,nan,nan,nan,nan,nan,nan,nan,nan,nan,nan,nan,-1.346534653465347731e-02,nan,nan,-1.980198019801981957e-02,nan,nan,-2.019801980198021596e-02,2.772277227722774740e-03,nan,5.544554455445549479e-03,nan,nan,nan,7.920792079207927827e-04,nan,nan,nan,nan
nan,nan,nan,nan,-2.745098039215683114e-02,nan,nan,nan,nan,nan,nan,-3.294117647058823067e-02,nan,nan,nan,nan,nan,nan,nan,nan,-1.058823529411763095e-02,-1.019607843137257906e-02,2.823529411764707023e-02,3.647058823529410188e-02,nan,nan,nan,nan,nan,-3.372549019607842119e-02,nan,nan,nan,nan,nan,nan,nan,nan,nan,-1.098039215686270539e-02,nan,nan,nan,nan,-2.901960784313723993e-02,nan,nan,nan,nan,nan,nan,nan,nan,nan,nan,nan,nan,nan,nan,nan,nan,nan,nan,nan,4.705882352941159578e-03
nan,nan,nan,nan,nan,3.396226415094338695e-03,nan,nan,-1.056603773584905391e-02,nan,nan,nan,nan,nan,nan,nan,nan,nan,nan,nan,nan,nan,nan,3.132075471698118896e-02,3.018867924528305727e-02,2.641509433962268075e-02,nan,nan,nan,nan,nan,nan,nan,nan,nan,nan,nan,nan,nan,nan,nan,nan,nan,nan,nan,nan,nan,-2.415094339622641043e-02,nan,nan,-2.150943396226414478e-02,nan,nan,-2.264150943396225912e-02,nan,nan,nan,nan,nan,nan,nan,3.773584905660376629e-04,nan,1.660377358490565738e-02,nan
nan,-2.923076923076923725e-02,nan,nan,nan,nan,nan,nan,-9.615384615384647143e-03,-2.576923076923078731e-02,nan,nan,-2.538461538461538394e-02,nan,nan,nan,nan,nan,nan,nan,nan,nan,nan,nan,nan,nan,nan,nan,nan,nan,nan,nan,nan,nan,nan,nan,nan,nan,nan,nan,nan,nan,nan,nan,nan,nan,-4.230769230769260147e-03,-1.038461538461539144e-02,nan,nan,nan,nan,nan,-1.192307692307699105e-02,0.000000000000000000e+00,nan,-5.384615384615365312e-03,nan,nan,nan,-9.615384615384603775e-03,nan,nan,nan,nan
nan,-1.942857142857146169e-02,3.047619047619054642e-03,-6.095238095238086733e-03,nan,nan,nan,nan,nan,nan,nan,nan,-2.361904761904758468e-02,nan,nan,nan,nan,nan,nan,nan,nan,-1.371428571428570144e-02,nan,nan,nan,nan,nan,nan,nan,nan,nan,nan,nan,nan,nan,nan,-1.904761904761907015e-02,nan,nan,nan,nan,nan,nan,nan,nan,nan,nan,nan,nan,nan,nan,nan,-1.523809523809525023e-02,nan,-2.285714285714291090e-03,nan,8.761904761904748540e-03,nan,nan,nan,-7.619047619047414344e-04,nan,nan,nan,nan
nan,nan,nan,nan,3.185483870967740355e-02,nan,nan,nan,2.580645161290322578e-02,3.225806451612902442e-02,nan,1.693548387096772620e-02,5.241935483870951637e-03,nan,nan,nan,nan,nan,nan,nan,nan,nan,nan,nan,nan,nan,nan,nan,nan,nan,nan,nan,nan,nan,nan,nan,nan,nan,nan,nan,nan,nan,nan,nan,-2.822580645161320949e-03,nan,nan,nan,nan,nan,nan,nan,nan,-1.048387096774197093e-02,3.629032258064517069e-02,nan,3.427419354838708021e-02,nan,nan,nan,4.112903225806450319e-02,nan,nan,nan,nan
nan,1.821493624772307874e-03,nan,nan,nan,nan,nan,nan,nan,nan,nan,nan,-3.642987249544704653e-04,nan,nan,nan,nan,nan,5.828779599271393871e-03,3.278688524590167401e-03,-9.471766848816032605e-03,9.471766848816010054e-03,nan,nan,nan,nan,1.275045537340617832e-02,1.092896174863386936e-02,nan,nan,nan,1.493624772313295601e-02,nan,nan,nan,nan,nan,nan,nan,nan,nan,nan,nan,nan,nan,5.464480874316945958e-03,nan,nan,nan,nan,nan,nan,nan,nan,nan,nan,nan,nan,nan,nan,nan,nan,nan,nan,nan
nan,1.089494163424120643e-02,nan,1.945525291828786862e-03,nan,nan,nan,nan,nan,nan,nan,nan,nan,nan,nan,nan,nan,nan,nan,nan,nan,nan,nan,nan,nan,nan,nan,nan,nan,nan,nan,nan,nan,nan,1.089494163424125153e-02,nan,nan,nan,nan,nan,nan,nan,nan,nan,nan,-5.836575875486383139e-03,nan,5.836575875486338036e-03,nan,nan,5.447470817120580663e-03,nan,1.167315175097250000e-03,1.011673151750969168e-02,nan,nan,1.206225680933850110e-02,nan,nan,nan,1.595330739299607309e-02,nan,nan,nan,nan
nan,nan,nan,nan,nan,nan,nan,nan,nan,nan,nan,2.414486921529168488e-03,nan,nan,nan,nan,9.255533199195142835e-03,nan,2.655935613682090107e-02,0.000000000000000000e+00,-8.048289738430636437e-04,1.086519114688124822e-02,2.092555331991947584e-02,nan,nan,nan,nan,nan,nan,nan,nan,nan,nan,nan,nan,nan,nan,nan,nan,0.000000000000000000e+00,nan,nan,nan,nan,-8.048289738430636437e-04,nan,nan,nan,nan,nan,nan,nan,nan,nan,nan,nan,nan,nan,nan,nan,nan,nan,nan,nan,4.024144869215318218e-04
nan,-8.092485549132910974e-03,nan,nan,nan,nan,nan,nan,nan,-1.117533718689784836e-02,nan,nan,-1.271676300578033006e-02,nan,nan,nan,8.092485549132933526e-03,nan,nan,nan,nan,7.321772639691715226e-03,nan,nan,nan,5.780346820809256943e-03,6.551059730250496926e-03,nan,nan,nan,nan,nan,nan,nan,nan,nan,nan,nan,nan,nan,nan,nan,nan,nan,nan,nan,nan,nan,nan,nan,nan,nan,nan,-1.926782273603078275e-03,nan,nan,-6.936416184971094800e-03,nan,nan,nan,-1.965317919075144568e-02,nan,nan,nan,nan
nan,-3.251417769376178935e-02,nan,nan,nan,nan,nan,nan,nan,nan,nan,-2.948960302457466140e-02,-3.327032136105856353e-02,nan,nan,nan,nan,nan,nan,-1.436672967863894534e-02,7.561436672967713612e-04,-2.873345935727789069e-02,2.268431001890380654e-03,nan,nan,nan,nan,nan,nan,nan,nan,nan,nan,-6.049149338374304463e-03,nan,nan,nan,nan,nan,nan,nan,nan,nan,-1.890359168241966328e-02,nan,-1.814744801512284747e-02,nan,nan,nan,nan,nan,nan,nan,nan,nan,nan,nan,nan,nan,nan,nan,nan,nan,nan,nan
nan,nan,nan,nan,nan,nan,nan,nan,nan,nan,nan,nan,nan,nan,nan,nan,nan,nan,nan,nan,nan,nan,-8.494208494208477581e-03,4.247104247104238790e-03,-1.930501930501926644e-03,-1.235521235521233087e-02,-1.158301158301156073e-03,4.247104247104238790e-03,nan,nan,-3.861003861003853288e-03,nan,nan,nan,nan,nan,nan,nan,-2.702702702702697215e-03,nan,nan,nan,nan,nan,-3.861003861003853288e-03,nan,nan,-2.702702702702697215e-03,nan,nan,nan,nan,nan,nan,nan,nan,nan,nan,nan,nan,nan,nan,nan,nan,nan
nan,8.118081180811831735e-03,nan,nan,nan,nan,nan,nan,nan,nan,nan,nan,nan,nan,nan,nan,nan,nan,nan,nan,nan,nan,nan,nan,nan,nan,nan,nan,nan,9.225092250922561216e-03,nan,nan,nan,nan,nan,nan,-8.118081180811809183e-03,-1.328413284132838948e-02,-6.273062730627288093e-03,nan,nan,nan,nan,nan,nan,-2.952029520295185085e-03,1.217712177121774673e-02,nan,nan,nan,nan,-7.380073800738018441e-03,-9.225092250922472745e-03,nan,nan,nan,nan,nan,nan,nan,-9.963099630996286038e-03,nan,nan,nan,nan
nan,-2.188679245283018521e-02,nan,nan,nan,nan,nan,nan,-2.301886792452829608e-02,nan,nan,nan,-3.018867924528301216e-02,nan,nan,nan,nan,nan,nan,nan,nan,nan,-1.886792452830121690e-03,1.056603773584916493e-02,nan,nan,nan,nan,nan,nan,nan,nan,nan,nan,nan,nan,nan,nan,nan,nan,nan,nan,nan,nan,nan,nan,nan,nan,nan,nan,-9.811320754716978260e-03,nan,-3.433962264150942911e-02,-9.433962264150941301e-03,nan,nan,nan,nan,nan,nan,nan,1.886792452830188260e-03,nan,-7.169811320754693532e-03,nan
nan,nan,7.003891050583632705e-03,4.669260700389088470e-03,nan,nan,nan,nan,-1.595330739299611819e-02,nan,nan,nan,-1.517509727626464855e-02,nan,nan,nan,nan,nan,nan,nan,nan,nan,3.891050583657351463e-04,nan,nan,nan,nan,nan,nan,nan,nan,nan,nan,nan,nan,nan,nan,nan,nan,-3.891050583657795986e-04,nan,nan,nan,nan,nan,nan,nan,nan,nan,nan,nan,nan,-1.050583657587551498e-02,-1.245136186770428102e-02,nan,nan,1.478599221789880271e-02,nan,nan,nan,-3.891050583657573725e-04,nan,nan,nan,nan
nan,-1.147227533460803972e-02,nan,nan,nan,nan,nan,nan,-2.906309751434033029e-02,nan,nan,nan,nan,nan,nan,nan,nan,nan,nan,1.912045889101339144e-02,4.206500956022951945e-03,2.103250478011473718e-02,4.971319311663479831e-03,nan,nan,nan,nan,nan,nan,nan,nan,nan,nan,nan,nan,nan,nan,nan,nan,3.021032504780114467e-02,nan,nan,nan,nan,nan,nan,nan,nan,nan,nan,-1.988527724665391933e-02,nan,nan,-1.682600382409173839e-02,nan,nan,nan,nan,nan,nan,nan,nan,nan,-2.676864244741850203e-03,nan
