1.339950372208433861e-02,nan,nan,9.429280397022310814e-03,nan,1.488833746898254786e-03,nan,nan,nan,nan,nan,nan,nan,nan,nan,nan,nan,1.637717121588087160e-02,nan,nan,nan,1.985111662531013899e-03,nan,nan,-7.940446650124078146e-03,nan,nan,nan,nan,2.481389578163773011e-03,nan,nan,nan,nan,nan,nan,nan,nan,nan,nan,nan,nan,nan,nan,nan,nan,nan,nan,nan,nan,nan,nan,nan,nan,1.439205955334985597e-02,nan,0.000000000000000000e+00,nan,nan,0.000000000000000000e+00,nan,nan,nan,nan,nan
nan,nan,nan,nan,nan,5.853658536585371053e-03,nan,nan,nan,nan,nan,nan,nan,nan,nan,nan,nan,nan,nan,nan,nan,nan,1.365853658536586579e-02,9.268292682926837500e-03,nan,nan,nan,nan,nan,nan,nan,nan,nan,nan,nan,nan,nan,-1.414634146341464671e-02,-9.756097560975618421e-04,nan,-8.780487804878056579e-03,-9.268292682926837500e-03,nan,nan,nan,nan,-7.804878048780494737e-03,nan,nan,nan,nan,nan,nan,nan,nan,nan,nan,nan,nan,1.951219512195123684e-03,nan,nan,nan,nan,4.390243902439028290e-03
nan,nan,-6.372549019607820497e-03,nan,nan,nan,nan,nan,nan,nan,nan,nan,-1.960784313725483230e-03,nan,1.960784313725483230e-03,nan,nan,-6.862745098039191305e-03,nan,nan,nan,nan,nan,nan,nan,-4.901960784313708075e-03,nan,nan,nan,9.803921568627416150e-04,nan,nan,-5.392156862745078882e-03,nan,nan,nan,nan,nan,nan,nan,nan,nan,nan,nan,nan,nan,nan,nan,nan,nan,nan,-4.901960784313708075e-03,nan,nan,nan,nan,nan,nan,nan,nan,nan,nan,-3.921568627450966460e-03,nan,0.000000000000000000e+00
nan,nan,nan,1.743341404358349570e-02,nan,nan,nan,7.748184019370408029e-03,nan,nan,nan,nan,nan,nan,nan,nan,nan,nan,nan,nan,nan,nan,nan,2.082324455205806363e-02,4.358353510895862648e-03,nan,nan,nan,nan,nan,1.501210653753022248e-02,nan,nan,nan,1.259079903147695099e-02,nan,2.421307506053227247e-03,nan,nan,nan,nan,nan,nan,nan,nan,nan,nan,nan,nan,nan,nan,nan,nan,nan,nan,nan,1.646489104116220098e-02,nan,nan,4.842615012106366240e-04,3.389830508474522830e-03,nan,nan,nan,nan
nan,nan,nan,nan,nan,nan,nan,nan,nan,nan,nan,nan,nan,nan,nan,nan,nan,-2.020202020202011093e-03,2.020202020202033211e-03,2.220446049250313204e-17,1.212121212121213334e-02,-5.555555555555558370e-03,-5.050505050504972438e-04,5.050505050505038791e-03,-1.010101010101016605e-03,nan,nan,nan,nan,nan,nan,nan,nan,nan,nan,nan,nan,nan,nan,nan,nan,nan,nan,nan,nan,nan,nan,nan,nan,nan,nan,nan,nan,nan,nan,nan,nan,nan,nan,nan,-1.010101010100994488e-03,nan,nan,nan,-1.010101010100994488e-03
nan,nan,nan,nan,nan,nan,nan,-1.148325358851673937e-02,nan,nan,nan,nan,nan,nan,nan,nan,nan,nan,nan,nan,nan,nan,nan,nan,-1.435406698564594200e-02,nan,nan,-1.004784688995217189e-02,nan,nan,-6.698564593301470187e-03,nan,nan,nan,nan,nan,1.435406698564567485e-03,nan,nan,nan,nan,nan,nan,nan,-4.784688995215668930e-04,nan,nan,-1.435406698564634055e-03,nan,nan,nan,nan,nan,nan,nan,nan,-1.435406698564656389e-03,nan,nan,-2.392344497607723497e-03,-7.655502392344537728e-03,nan,nan,nan,nan
nan,nan,nan,nan,nan,nan,nan,-1.435643564356436919e-02,nan,nan,nan,nan,nan,nan,nan,nan,nan,nan,nan,nan,nan,nan,nan,nan,nan,nan,-2.227722772277229701e-02,-1.980198019801981957e-02,nan,-4.950495049504954892e-04,-2.029702970297031506e-02,-2.128712871287130604e-02,nan,nan,nan,nan,nan,nan,nan,nan,nan,nan,nan,nan,nan,nan,nan,nan,nan,nan,nan,-5.445544554455450381e-03,nan,nan,nan,nan,-4.950495049504954892e-03,nan,nan,nan,-5.940594059405945870e-03,nan,nan,-4.950495049504954892e-03,nan
nan,-9.615384615384647143e-03,nan,nan,nan,nan,nan,nan,nan,3.653846153846154049e-02,nan,nan,nan,nan,nan,nan,nan,nan,nan,nan,nan,nan,nan,nan,nan,nan,nan,nan,nan,nan,nan,nan,nan,nan,nan,nan,nan,0.000000000000000000e+00,4.182692307692306016e-02,nan,4.759615384615382971e-02,-1.009615384615385539e-02,nan,nan,nan,1.971153846153845743e-02,nan,nan,nan,nan,nan,nan,nan,nan,nan,nan,6.730769230769206857e-03,nan,nan,nan,nan,nan,2.211538461538458192e-02,nan,2.355769230769228992e-02
nan,nan,6.341463414634040952e-03,nan,nan,nan,nan,nan,nan,nan,nan,nan,nan,nan,1.219512195121941200e-02,nan,nan,nan,nan,nan,nan,nan,nan,nan,nan,6.829268292682821873e-03,2.439024390243837818e-03,nan,nan,nan,nan,nan,4.390243902438961503e-03,nan,nan,nan,-3.902439024390269486e-03,nan,nan,nan,nan,nan,nan,nan,nan,nan,nan,nan,nan,nan,nan,nan,nan,nan,nan,nan,9.268292682926726478e-03,nan,1.414634146341453569e-02,nan,nan,1.512195121951209753e-02,nan,nan,2.097560975609746858e-02
nan,nan,nan,nan,nan,nan,nan,nan,nan,nan,nan,nan,nan,nan,nan,nan,nan,nan,nan,nan,nan,nan,nan,nan,nan,nan,-8.941176470588252725e-03,-3.764705882352959061e-03,nan,2.352941176470557672e-03,-4.235294117647048044e-03,-2.220446049250313204e-17,2.823529411764691324e-03,nan,nan,nan,nan,nan,nan,nan,nan,nan,nan,nan,nan,4.235294117647048044e-03,nan,nan,nan,nan,nan,4.705882352941115343e-04,nan,nan,nan,nan,1.882352941176446137e-03,nan,nan,nan,2.352941176470579789e-03,nan,nan,nan,nan
nan,nan,nan,nan,nan,nan,nan,nan,nan,nan,nan,nan,nan,nan,nan,nan,nan,nan,nan,nan,nan,nan,nan,nan,nan,nan,nan,3.701923076923076955e-02,nan,nan,nan,3.461538461538460343e-02,nan,nan,nan,nan,1.009615384615389876e-02,2.403846153846189541e-03,nan,nan,nan,1.874999999999999931e-02,nan,nan,nan,1.250000000000004406e-02,nan,nan,nan,nan,nan,nan,6.730769230769251092e-03,nan,nan,nan,2.548076923076925127e-02,nan,nan,nan,-5.769230769230748734e-03,nan,nan,nan,4.326923076923061551e-03
nan,nan,nan,nan,nan,nan,nan,nan,nan,nan,nan,nan,nan,nan,nan,nan,nan,1.867321867321864934e-02,1.081081081081078886e-02,4.570024570024564664e-02,3.685503685503679211e-02,1.965601965601961737e-02,nan,nan,nan,nan,nan,nan,nan,nan,nan,nan,nan,nan,nan,nan,nan,nan,4.422604422604381295e-03,nan,nan,nan,nan,nan,nan,nan,nan,nan,nan,nan,9.828009828009686821e-04,nan,nan,-2.220446049250313204e-17,nan,nan,nan,nan,nan,0.000000000000000000e+00,nan,nan,nan,nan,3.144963144963142110e-02
nan,nan,nan,nan,nan,nan,-1.377551020408158619e-02,nan,nan,nan,nan,nan,nan,nan,nan,nan,nan,nan,2.040816326530612429e-02,nan,nan,nan,nan,nan,nan,2.295918367346940631e-02,nan,1.887755102040820226e-02,nan,3.571428571428580858e-03,nan,nan,nan,nan,nan,nan,nan,nan,nan,nan,nan,nan,nan,nan,3.571428571428580858e-03,nan,nan,nan,nan,nan,nan,nan,nan,nan,nan,nan,2.193877551020413305e-02,nan,nan,0.000000000000000000e+00,-4.081632653061184959e-03,nan,nan,nan,1.785714285714285962e-02
nan,nan,2.352941176470586468e-02,nan,1.278772378516623842e-02,nan,nan,nan,nan,nan,nan,nan,5.115089514066584620e-04,nan,nan,nan,nan,nan,nan,nan,nan,-3.069053708439906103e-03,nan,nan,nan,nan,2.046035805626598286e-02,nan,nan,nan,nan,nan,nan,nan,nan,nan,nan,nan,nan,nan,nan,nan,nan,nan,nan,6.138107416879789655e-03,nan,nan,nan,nan,nan,nan,nan,2.046035805626611297e-03,nan,nan,-1.125319693094628537e-02,nan,nan,5.115089514066584620e-04,-8.184143222506379267e-03,nan,nan,nan,nan
nan,nan,-1.065375302663438238e-02,nan,nan,nan,nan,-3.874092009685204015e-03,nan,nan,nan,nan,nan,nan,nan,nan,nan,nan,nan,nan,nan,nan,nan,nan,nan,nan,-1.355932203389829081e-02,nan,nan,-2.469733656174335351e-02,-7.263922518159793631e-03,nan,nan,-1.404358353510892776e-02,nan,nan,nan,nan,nan,nan,nan,nan,nan,nan,nan,nan,nan,nan,nan,nan,nan,-1.355932203389826826e-02,nan,nan,nan,nan,-1.937046004842613066e-03,nan,nan,0.000000000000000000e+00,-3.002421307506053516e-02,nan,nan,nan,nan
nan,nan,nan,nan,nan,nan,nan,nan,nan,nan,nan,nan,nan,nan,nan,nan,nan,nan,-9.200968523002428165e-03,-9.685230024213175920e-04,-9.685230024213065114e-03,-1.210653753026635915e-02,-2.905569007263930550e-03,-8.716707021791770399e-03,nan,nan,nan,nan,nan,1.452784503631954216e-03,nan,nan,nan,nan,nan,nan,nan,nan,nan,nan,nan,nan,nan,nan,nan,nan,nan,nan,nan,nan,nan,nan,nan,nan,nan,nan,nan,nan,nan,0.000000000000000000e+00,0.000000000000000000e+00,nan,nan,nan,7.263922518159815316e-03
nan,nan,nan,nan,nan,nan,nan,nan,nan,nan,nan,nan,-3.398058252427183130e-03,nan,nan,nan,nan,-1.456310679611627548e-03,nan,nan,nan,nan,nan,nan,-1.019417475728154852e-02,-2.912621359223277646e-03,3.883495145631066063e-03,nan,nan,2.427184466019416398e-03,-1.456310679611649882e-03,nan,nan,nan,nan,nan,nan,nan,nan,nan,nan,nan,nan,nan,nan,nan,nan,nan,nan,nan,nan,-4.854368932038610859e-04,nan,nan,nan,nan,1.456310679611649882e-03,nan,nan,nan,-9.708737864077665158e-04,nan,nan,nan,nan
nan,nan,nan,nan,nan,nan,nan,nan,nan,5.940594059405945870e-03,nan,nan,nan,nan,nan,nan,nan,nan,nan,nan,nan,nan,nan,nan,nan,nan,nan,nan,nan,nan,3.019801980198022484e-02,nan,nan,nan,nan,nan,1.089108910891090076e-02,nan,nan,nan,3.613861386138617071e-02,2.227722772277229701e-02,nan,nan,nan,nan,-3.465346534653468424e-03,nan,nan,nan,nan,9.900990099009909784e-04,nan,nan,nan,nan,7.920792079207927827e-03,nan,nan,nan,5.445544554455450381e-03,nan,3.465346534653468424e-03,nan,nan
nan,nan,nan,nan,nan,-4.640371229698736391e-04,nan,-4.640371229698380881e-03,nan,nan,nan,nan,nan,nan,nan,nan,nan,nan,nan,nan,nan,nan,nan,nan,1.856148491879316964e-03,nan,nan,0.000000000000000000e+00,nan,1.856148491879339082e-03,-9.744779582366636106e-03,nan,3.712296983758656046e-03,nan,nan,nan,nan,nan,nan,nan,nan,nan,nan,nan,nan,nan,nan,nan,nan,nan,nan,-4.640371229698736391e-04,nan,nan,nan,nan,5.104408352668210122e-03,nan,nan,nan,-4.440892098500626408e-17,nan,nan,nan,nan
nan,nan,nan,nan,nan,-6.265060240963871499e-03,9.156626506024089993e-03,nan,nan,nan,nan,nan,nan,nan,nan,nan,1.831325301204820427e-02,nan,nan,nan,nan,nan,nan,1.204819277108435359e-02,nan,nan,nan,nan,nan,nan,nan,nan,nan,nan,nan,nan,nan,nan,nan,nan,nan,nan,nan,nan,2.409638554216875055e-03,nan,nan,nan,nan,nan,-8.674698795180724870e-03,nan,nan,-7.228915662650580928e-03,nan,nan,1.012048192771084452e-02,nan,nan,4.819277108433661530e-04,-9.156626506024089993e-03,nan,nan,nan,nan
nan,nan,nan,nan,nan,nan,nan,nan,nan,nan,nan,nan,nan,nan,nan,nan,-1.209302325581393910e-02,-1.023255813953485339e-02,-1.488372093023253642e-02,-3.720930232558106350e-03,-4.186046511627838744e-03,-4.651162790697616241e-03,nan,nan,nan,nan,nan,nan,nan,nan,nan,nan,nan,nan,nan,nan,nan,nan,nan,nan,nan,nan,nan,nan,nan,nan,nan,2.325581395348863632e-03,nan,nan,4.651162790697771715e-04,nan,nan,9.302325581395543431e-04,nan,nan,nan,nan,nan,nan,nan,nan,nan,nan,5.116279069767503893e-03
nan,nan,nan,nan,nan,nan,nan,nan,nan,-2.679425837320581483e-02,nan,nan,nan,nan,nan,nan,nan,nan,nan,nan,nan,nan,nan,nan,nan,nan,nan,nan,nan,nan,-1.148325358851680703e-02,nan,nan,nan,nan,nan,-2.009569377990434377e-02,nan,nan,nan,-1.578947368421055458e-02,-4.306220095693836028e-03,nan,nan,nan,-1.387559808612444032e-02,-1.626794258373209789e-02,nan,nan,nan,nan,nan,nan,nan,nan,nan,-2.248803827751202217e-02,nan,nan,nan,-2.679425837320581483e-02,nan,nan,nan,-8.612440191387626953e-03
nan,-1.421800947867297646e-02,nan,nan,-2.654028436018958034e-02,nan,nan,9.478672985781977367e-03,nan,nan,nan,nan,nan,nan,nan,nan,nan,nan,nan,nan,nan,nan,nan,nan,nan,nan,nan,nan,nan,nan,9.478672985782088389e-04,nan,nan,nan,nan,nan,nan,nan,-5.213270142180093103e-03,nan,nan,1.421800947867302200e-03,nan,nan,nan,-1.374407582938390673e-02,-2.274881516587676927e-02,nan,nan,nan,nan,nan,nan,nan,nan,nan,-6.635071090047373402e-03,nan,nan,nan,-2.796208530805688319e-02,nan,nan,nan,nan
nan,-1.463414634146342763e-02,nan,nan,nan,nan,nan,nan,-2.292682926829270329e-02,nan,nan,nan,nan,nan,nan,nan,nan,3.219512195121947140e-02,7.804878048780472186e-03,nan,nan,-2.000000000000001776e-02,nan,nan,nan,nan,nan,nan,nan,nan,nan,nan,nan,nan,-1.512195121951220855e-02,nan,nan,nan,nan,nan,nan,nan,nan,nan,nan,nan,nan,-4.878048780487809211e-04,nan,nan,-5.365853658536590132e-03,nan,nan,-4.390243902439028290e-03,nan,nan,nan,nan,nan,0.000000000000000000e+00,nan,nan,nan,nan,nan
nan,nan,-8.192771084337358012e-03,nan,nan,nan,nan,nan,nan,nan,nan,nan,nan,nan,nan,nan,-8.674698795180702318e-03,nan,nan,nan,nan,nan,nan,-6.265060240963871499e-03,-8.192771084337335460e-03,nan,-1.012048192771084452e-02,nan,nan,nan,-1.493975903614457382e-02,nan,nan,nan,nan,nan,nan,nan,nan,nan,nan,nan,nan,nan,nan,nan,nan,-1.397590361445781929e-02,nan,nan,nan,nan,nan,nan,nan,nan,-5.301204819277116967e-03,nan,nan,-3.855421686746996011e-03,-2.120481927710844358e-02,nan,nan,nan,nan
nan,nan,-3.301886792452845935e-03,nan,nan,nan,nan,nan,nan,nan,nan,nan,nan,nan,7.547169811320753041e-03,nan,6.603773584905647635e-03,nan,nan,nan,nan,nan,nan,nan,nan,nan,1.415094339622657892e-03,nan,nan,nan,nan,nan,5.660377358490564781e-03,nan,nan,nan,nan,6.603773584905625951e-03,nan,nan,nan,9.433962264151051890e-04,nan,nan,nan,0.000000000000000000e+00,nan,nan,nan,nan,nan,nan,nan,nan,nan,nan,nan,nan,nan,4.716981132075525945e-04,nan,nan,nan,nan,7.547169811320730490e-03
nan,nan,nan,nan,nan,nan,nan,nan,nan,-2.372881355932197206e-02,nan,nan,nan,nan,nan,nan,nan,nan,nan,nan,nan,nan,nan,nan,nan,nan,nan,nan,nan,nan,-4.842615012106143979e-04,nan,nan,nan,nan,nan,-2.276029055690069816e-02,nan,nan,nan,nan,-1.452784503631909764e-03,nan,nan,nan,-2.808716707021785552e-02,nan,nan,nan,nan,-1.259079903147695099e-02,nan,nan,nan,nan,nan,-4.842615012106499597e-03,nan,nan,nan,-1.888619854721544991e-02,nan,-2.421307506053205130e-03,nan,1.162227602905572220e-02
nan,nan,nan,nan,nan,nan,nan,nan,nan,nan,nan,nan,nan,nan,nan,nan,nan,nan,nan,nan,nan,nan,nan,6.618004866180053625e-02,4.574209245742096031e-02,6.618004866180056400e-02,nan,nan,nan,nan,1.995133819951342563e-02,nan,nan,nan,nan,nan,nan,nan,4.866180048661794761e-04,nan,nan,nan,nan,nan,4.440892098500626408e-17,nan,-3.892944038929413257e-03,-7.299270072992691816e-03,nan,nan,nan,nan,nan,nan,nan,nan,2.919708029197121309e-03,nan,nan,nan,2.919708029197098757e-03,nan,nan,nan,nan
nan,nan,nan,nan,nan,nan,nan,nan,nan,nan,nan,nan,nan,nan,nan,nan,nan,nan,nan,nan,nan,nan,nan,nan,-8.411214953271017869e-03,nan,-1.869158878504673191e-03,-1.355140186915890742e-02,nan,nan,-8.411214953271040420e-03,nan,nan,nan,nan,nan,nan,nan,nan,nan,-8.411214953271040420e-03,-4.672897196261738273e-04,nan,nan,nan,-2.336448598130891254e-03,nan,nan,nan,nan,nan,nan,nan,nan,nan,nan,-6.542056074766389347e-03,nan,nan,nan,-2.803738317757042964e-03,nan,nan,nan,-2.220446049250313204e-17
nan,nan,nan,nan,nan,nan,nan,nan,nan,nan,nan,nan,nan,nan,nan,0.000000000000000000e+00,nan,nan,nan,nan,nan,nan,nan,2.857142857142847166e-03,-1.428571428571423583e-03,-5.238095238095219659e-03,-2.857142857142847166e-03,9.523809523809490191e-04,-9.523809523809490191e-04,1.428571428571423583e-03,nan,nan,nan,nan,nan,nan,nan,nan,nan,nan,nan,nan,nan,nan,nan,nan,nan,nan,nan,nan,nan,nan,nan,nan,nan,nan,-6.190476190476168136e-03,nan,nan,nan,4.761904761904745095e-04,nan,nan,nan,nan
nan,nan,1.904761904761900076e-02,nan,nan,nan,nan,nan,nan,nan,nan,nan,1.380952380952376116e-02,nan,nan,nan,nan,nan,nan,nan,nan,nan,nan,nan,nan,nan,nan,nan,2.666666666666663715e-02,nan,-2.380952380952439280e-03,nan,nan,nan,nan,nan,4.095238095238092069e-02,nan,nan,nan,nan,nan,nan,nan,nan,2.666666666666663715e-02,nan,nan,nan,nan,nan,nan,2.047619047619042565e-02,-3.333333333333410309e-03,nan,nan,1.047619047619041677e-02,nan,nan,nan,-6.666666666666732147e-03,nan,nan,nan,nan
nan,nan,nan,nan,nan,nan,nan,nan,nan,nan,nan,nan,nan,nan,nan,nan,nan,nan,nan,nan,nan,nan,nan,1.877934272300474427e-03,-8.920187793427247075e-03,-8.920187793427247075e-03,-5.164319248826321207e-03,-3.755868544600948853e-03,1.408450704225372354e-03,-7.042253521126773733e-03,-9.389671361502349364e-03,nan,nan,nan,nan,nan,nan,nan,nan,nan,nan,nan,nan,nan,nan,nan,nan,nan,nan,nan,nan,nan,nan,nan,nan,nan,nan,nan,nan,nan,nan,nan,nan,-1.877934272300496544e-03,-2.816901408450744708e-03
nan,nan,nan,nan,nan,2.422802850356296084e-02,nan,5.225653206650848585e-03,nan,nan,nan,nan,nan,1.900237529691240022e-03,nan,nan,nan,nan,nan,nan,nan,nan,nan,1.282660332541569678e-02,nan,nan,nan,nan,nan,nan,1.805225653206652542e-02,nan,nan,nan,nan,nan,nan,nan,nan,nan,1.947743467933491651e-02,nan,nan,nan,nan,4.275534441805228791e-02,nan,nan,nan,nan,nan,nan,-3.800475059382435374e-03,nan,nan,nan,-2.375296912114022163e-03,nan,nan,nan,9.501187648456088436e-04,nan,nan,nan,nan
nan,nan,nan,nan,nan,nan,nan,nan,nan,-8.962264150943411584e-03,nan,nan,nan,nan,nan,nan,nan,nan,nan,nan,nan,nan,nan,nan,-3.773584905660420756e-03,nan,nan,-4.245283018867973893e-03,nan,nan,-6.603773584905714422e-03,nan,-8.962264150943432400e-03,nan,nan,nan,-5.188679245283056747e-03,nan,nan,nan,-4.245283018867951341e-03,nan,nan,nan,nan,-5.660377358490609016e-03,nan,nan,nan,nan,nan,nan,nan,nan,nan,nan,-3.301886792452868487e-03,nan,nan,nan,-6.603773584905670187e-03,nan,nan,nan,nan
nan,nan,nan,nan,5.128205128205132537e-03,nan,nan,nan,nan,nan,nan,nan,nan,nan,nan,nan,nan,-2.517482517482521123e-02,-2.517482517482521123e-02,-3.729603729603780775e-03,-5.594405594405627360e-03,-1.072261072261073735e-02,nan,-1.911421911421915670e-02,nan,nan,nan,nan,nan,nan,nan,nan,nan,nan,nan,nan,nan,nan,nan,nan,nan,nan,nan,nan,nan,nan,nan,nan,nan,nan,nan,nan,nan,nan,nan,nan,nan,nan,nan,9.324009324009451937e-04,-2.331002331002340975e-03,nan,nan,-4.662004662004681950e-03,nan
nan,nan,nan,nan,nan,nan,nan,nan,nan,nan,nan,nan,nan,nan,nan,nan,nan,nan,nan,nan,nan,-7.281553398058337664e-03,nan,nan,-4.854368932038921267e-03,nan,-1.456310679611716452e-03,-2.912621359223366117e-03,nan,nan,2.912621359223255095e-03,nan,nan,-3.883495145631132850e-03,nan,nan,nan,nan,nan,nan,nan,nan,nan,nan,nan,nan,nan,nan,nan,nan,nan,nan,nan,nan,nan,nan,1.310679611650484785e-02,nan,nan,4.854368932038832579e-04,4.854368932038832796e-03,nan,nan,nan,4.368932038834949863e-03
nan,nan,nan,nan,nan,nan,nan,nan,nan,nan,nan,nan,nan,nan,nan,nan,nan,nan,nan,nan,nan,-8.312958435207873711e-03,4.889975550121716591e-04,-4.440892098500626408e-17,4.889975550121716591e-04,nan,nan,nan,nan,nan,nan,nan,nan,nan,nan,nan,nan,1.466992665036626108e-03,-6.845965770171225269e-03,nan,nan,-1.955990220048975468e-03,nan,nan,nan,nan,4.889975550121716591e-04,-2.933985330073385356e-03,nan,nan,nan,nan,nan,nan,nan,nan,nan,nan,nan,4.889975550122161113e-04,nan,nan,nan,nan,nan
nan,nan,nan,nan,4.878048780487809211e-04,nan,nan,nan,nan,nan,nan,nan,nan,nan,nan,nan,nan,nan,nan,nan,nan,nan,nan,nan,-1.121951219512196118e-02,-5.853658536585371053e-03,-7.317073170731713816e-03,-1.121951219512196118e-02,-1.219512195121952303e-02,-3.902439024390247369e-03,nan,nan,nan,nan,nan,nan,nan,nan,nan,nan,nan,nan,nan,nan,-8.780487804878056579e-03,nan,nan,nan,nan,nan,nan,nan,nan,nan,nan,nan,-1.463414634146342763e-03,nan,nan,0.000000000000000000e+00,nan,nan,nan,nan,nan
nan,nan,-1.638554216867471602e-02,nan,nan,nan,nan,nan,nan,-2.120481927710842276e-02,nan,-1.831325301204820427e-02,nan,nan,-1.686746987951808288e-02,nan,nan,nan,nan,nan,nan,nan,nan,nan,nan,nan,nan,nan,nan,nan,nan,nan,nan,nan,nan,nan,nan,-1.493975903614457382e-02,nan,6.265060240963848948e-03,-7.710843373493969470e-03,nan,nan,nan,nan,-1.879518072289159195e-02,nan,nan,nan,nan,nan,nan,nan,nan,nan,nan,nan,nan,nan,-4.819277108433661530e-04,nan,nan,nan,nan,-7.710843373493969470e-03
nan,-7.614213197969533012e-03,-3.045685279187804184e-03,nan,nan,nan,nan,nan,nan,nan,nan,nan,nan,nan,nan,nan,nan,nan,nan,nan,nan,nan,nan,nan,nan,-4.568527918781728828e-03,-5.583756345177670784e-03,-1.167512690355327828e-02,-1.116751269035534157e-02,5.076142131979821453e-04,nan,nan,nan,nan,nan,nan,nan,nan,nan,nan,nan,nan,nan,nan,nan,nan,nan,1.015228426395964291e-03,nan,nan,nan,nan,nan,nan,nan,nan,nan,nan,nan,0.000000000000000000e+00,-4.568527918781728828e-03,nan,nan,nan,nan
nan,nan,-7.339449541284426629e-03,nan,nan,nan,nan,nan,nan,nan,nan,nan,nan,nan,nan,nan,nan,nan,nan,nan,nan,nan,nan,nan,nan,nan,nan,nan,nan,nan,nan,nan,nan,nan,nan,nan,-2.247706422018349443e-02,-4.862385321100919089e-02,nan,nan,nan,-3.715596330275232340e-02,nan,nan,nan,-2.431192660550460932e-02,nan,nan,nan,nan,nan,-1.743119266055048744e-02,nan,nan,nan,nan,2.752293577981612498e-03,nan,nan,nan,-6.651376146788992583e-02,nan,-1.697247706422022606e-02,nan,-2.981651376146789850e-02
nan,nan,6.698564593301492738e-03,nan,nan,-8.133971291865993436e-03,nan,nan,nan,4.440892098500626408e-17,nan,nan,nan,nan,nan,nan,nan,nan,nan,nan,nan,nan,nan,nan,nan,nan,nan,nan,nan,nan,nan,nan,5.263157894736881018e-03,nan,nan,nan,nan,nan,nan,nan,1.339712918660291782e-02,2.727272727272733732e-02,nan,nan,nan,1.387559808612444032e-02,nan,nan,nan,nan,nan,1.148325358851680703e-02,nan,nan,nan,nan,3.684210526315796763e-02,nan,nan,nan,9.569377990431115599e-04,nan,nan,nan,nan
nan,5.108433734939758775e-02,nan,nan,nan,-2.409638554216875055e-03,nan,nan,nan,4.578313253012049333e-02,nan,nan,nan,nan,nan,nan,nan,nan,nan,5.301204819277116967e-03,4.289156626506025749e-02,nan,nan,nan,nan,nan,nan,nan,nan,nan,nan,nan,nan,nan,nan,nan,nan,2.409638554216875055e-03,7.228915662650626031e-03,nan,nan,9.638554216867323060e-04,nan,-4.337349397590362435e-03,nan,nan,nan,5.783132530120482957e-03,nan,nan,nan,nan,nan,nan,nan,nan,nan,nan,nan,nan,nan,nan,nan,nan,nan
nan,nan,nan,nan,nan,nan,nan,nan,nan,nan,nan,nan,nan,nan,nan,nan,nan,4.878048780487809211e-03,4.341463414634150197e-02,3.024390243902441711e-02,2.926829268292685526e-03,3.268292682926832171e-02,nan,nan,nan,nan,nan,nan,nan,5.853658536585371053e-03,nan,nan,nan,nan,nan,nan,nan,nan,nan,4.878048780487809211e-04,nan,nan,nan,nan,nan,nan,nan,nan,nan,nan,nan,nan,nan,nan,nan,nan,nan,nan,nan,-4.878048780487809211e-04,2.439024390243904605e-03,nan,nan,7.317073170731713816e-03,nan
nan,nan,nan,2.220446049250313204e-17,nan,nan,nan,nan,nan,nan,nan,nan,nan,nan,nan,nan,nan,8.192771084337380563e-03,1.397590361445786265e-02,-3.855421686746951342e-03,-4.337349397590317332e-03,3.373493975903652138e-03,6.746987951807281725e-03,nan,nan,nan,nan,nan,nan,nan,nan,nan,nan,nan,nan,nan,nan,nan,nan,nan,nan,nan,nan,nan,nan,nan,nan,nan,nan,nan,nan,nan,nan,nan,nan,nan,nan,nan,nan,4.819277108433883791e-04,nan,nan,4.819277108434105511e-04,nan,3.855421686747018128e-03
-4.640371229698403432e-03,nan,nan,nan,nan,nan,nan,nan,nan,nan,nan,nan,nan,nan,nan,-4.640371229698514672e-04,nan,-7.888631090487274039e-03,nan,nan,nan,nan,nan,nan,-1.624129930394435650e-02,nan,-1.577726218097452726e-02,-8.352668213457103280e-03,-1.392111368909516519e-02,nan,nan,nan,-5.104408352668255225e-03,nan,nan,nan,nan,nan,nan,4.640371229698292410e-04,nan,nan,nan,nan,nan,nan,nan,nan,nan,nan,0.000000000000000000e+00,nan,nan,nan,nan,nan,nan,nan,nan,nan,nan,nan,nan,nan,nan
nan,nan,nan,nan,nan,nan,nan,nan,nan,nan,nan,nan,nan,nan,nan,nan,6.451612903225778690e-03,nan,nan,nan,nan,nan,nan,9.925558312655069493e-03,5.955334987593064247e-03,3.473945409429246567e-03,nan,7.940446650124033043e-03,7.444168734491274364e-03,1.488833746898277121e-03,nan,nan,nan,nan,nan,nan,nan,nan,nan,nan,nan,nan,nan,nan,4.962779156327590041e-04,nan,nan,nan,nan,nan,nan,nan,nan,nan,nan,nan,nan,nan,nan,nan,4.962779156327367779e-04,nan,nan,nan,5.955334987593041696e-03
nan,-4.974874371859294708e-02,nan,-6.532663316582887694e-03,nan,nan,nan,nan,nan,nan,nan,nan,nan,nan,nan,nan,nan,nan,nan,nan,nan,nan,nan,nan,nan,nan,2.010050251256290284e-03,-1.055276381909546826e-02,nan,-4.321608040201004031e-02,nan,nan,-4.020100502512535465e-03,nan,nan,nan,nan,nan,nan,-2.060301507537685289e-02,nan,nan,nan,nan,-3.517587939698492427e-02,nan,nan,-4.522613065326630544e-02,nan,nan,nan,nan,nan,nan,nan,nan,nan,nan,nan,-2.512562814070329244e-03,nan,nan,nan,nan,nan
nan,nan,1.937046004842619615e-02,nan,nan,nan,nan,nan,nan,nan,nan,-1.937046004842590732e-03,nan,nan,nan,nan,nan,nan,nan,nan,nan,nan,nan,nan,nan,nan,2.857142857142862605e-02,nan,nan,nan,3.486682808716712323e-02,nan,1.743341404358354080e-02,nan,nan,nan,nan,1.646489104116224261e-02,nan,nan,nan,4.358353510895906884e-03,nan,nan,nan,nan,nan,nan,nan,nan,nan,nan,nan,nan,nan,nan,1.501210653753029013e-02,nan,nan,nan,-3.389830508474522830e-03,nan,nan,nan,9.685230024213131034e-03
nan,nan,nan,nan,nan,nan,nan,2.764976958525378146e-03,nan,nan,nan,nan,nan,nan,nan,nan,nan,nan,nan,nan,nan,nan,nan,-5.990783410138233664e-03,nan,nan,nan,nan,-1.843317972350200272e-03,nan,-6.912442396313345401e-03,-2.304147465437766766e-03,nan,nan,nan,nan,-4.147465437787989373e-03,nan,nan,nan,nan,nan,nan,nan,nan,-5.990783410138256215e-03,nan,nan,nan,nan,nan,nan,-4.147465437787989373e-03,nan,nan,nan,-1.843317972350222390e-03,nan,nan,nan,4.608294930875667106e-04,nan,nan,nan,nan
nan,-1.346153846153845882e-02,nan,nan,nan,nan,nan,nan,nan,-1.538461538461541843e-02,nan,nan,nan,nan,nan,nan,nan,nan,nan,nan,nan,nan,nan,nan,nan,nan,nan,3.846153846153832490e-03,nan,nan,nan,nan,nan,nan,-1.826923076923081535e-02,nan,nan,nan,5.288461538461542225e-03,nan,nan,nan,nan,nan,nan,nan,-1.730769230769233641e-02,-9.615384615384581224e-04,nan,nan,1.923076923076916245e-03,nan,nan,nan,nan,nan,-9.615384615385025747e-04,nan,nan,nan,5.288461538461519673e-03,nan,nan,nan,nan
nan,nan,2.023529411764710823e-02,nan,nan,nan,nan,nan,nan,nan,nan,nan,nan,nan,nan,nan,nan,nan,nan,nan,3.011764705882356147e-02,nan,nan,nan,nan,nan,8.000000000000029657e-03,nan,nan,3.294117647058847527e-03,1.552941176470590268e-02,nan,nan,nan,nan,nan,nan,nan,2.211764705882355436e-02,nan,nan,1.835294117647063780e-02,nan,nan,nan,2.164705882352941854e-02,nan,nan,nan,nan,nan,nan,nan,nan,nan,nan,3.058823529411769382e-02,nan,nan,nan,4.705882352941203814e-03,nan,nan,nan,nan
nan,nan,-8.372093023255765959e-03,nan,-1.069767441860460834e-02,nan,nan,nan,nan,nan,nan,nan,nan,nan,nan,nan,nan,nan,nan,nan,nan,-1.581395348837202203e-02,nan,nan,nan,nan,-9.302325581395298401e-03,nan,nan,-7.906976744185990197e-03,-1.860465116279019782e-03,nan,-1.720930232558133197e-02,nan,nan,nan,-1.999999999999995184e-02,nan,nan,nan,nan,nan,nan,nan,nan,nan,nan,nan,nan,nan,nan,nan,nan,nan,nan,nan,-2.790697674418573908e-03,nan,nan,nan,-2.325581395348832320e-02,nan,nan,nan,nan
nan,-1.327014218009481272e-02,nan,nan,nan,-1.232227488151658133e-02,nan,nan,nan,nan,nan,nan,nan,nan,nan,nan,nan,nan,nan,nan,nan,nan,nan,nan,nan,nan,nan,nan,nan,5.213270142180115654e-03,-2.369668246445510822e-03,nan,-2.606635071090048633e-02,nan,nan,nan,-2.559241706161141661e-02,nan,nan,nan,nan,nan,nan,nan,nan,-1.042654028436023131e-02,nan,nan,nan,nan,nan,nan,nan,nan,nan,nan,8.056872037914653700e-03,nan,nan,0.000000000000000000e+00,-6.161137440758301942e-03,nan,nan,nan,nan
nan,nan,nan,nan,nan,nan,nan,nan,nan,nan,nan,nan,nan,nan,nan,1.097256857855357683e-02,nan,nan,nan,nan,nan,2.493765586034890538e-03,1.396508728179546299e-02,9.975062344139584702e-03,nan,nan,nan,nan,nan,nan,nan,9.975062344139629805e-03,nan,nan,nan,nan,nan,nan,3.990024937655811503e-03,5.985037406483750648e-03,nan,nan,nan,nan,nan,nan,nan,-4.987531172070180712e-04,nan,nan,-4.987531172069847862e-03,nan,nan,-3.990024937655878290e-03,nan,nan,nan,nan,nan,nan,nan,nan,nan,nan,nan
nan,nan,nan,nan,nan,nan,nan,nan,nan,nan,nan,nan,nan,nan,nan,nan,nan,nan,-1.173708920187794755e-02,4.225352112676050709e-03,-9.389671361502371916e-03,-8.920187793427269626e-03,1.549295774647887515e-02,4.225352112676028157e-03,nan,nan,nan,nan,nan,nan,nan,-9.389671361502482721e-04,nan,nan,nan,nan,nan,nan,nan,nan,nan,nan,nan,nan,nan,nan,nan,nan,nan,nan,nan,nan,nan,nan,nan,nan,nan,nan,nan,-4.694835680751463622e-04,-6.103286384976569154e-03,nan,nan,nan,1.408450704225328119e-03
nan,nan,nan,nan,nan,nan,nan,nan,nan,nan,nan,nan,3.261390887290169932e-02,nan,nan,nan,nan,4.412470023980816919e-02,nan,nan,nan,nan,nan,nan,nan,nan,nan,nan,nan,nan,-5.275779376498768332e-03,nan,nan,nan,5.659472422062350461e-02,nan,nan,nan,-3.357314148681012078e-03,nan,nan,nan,nan,nan,nan,nan,nan,-8.633093525179824645e-03,nan,nan,nan,nan,2.206235011990411582e-02,nan,nan,nan,6.330935251798561203e-02,nan,nan,1.918465227817756037e-03,-4.316546762589901047e-03,nan,nan,nan,nan
nan,nan,1.397590361445779673e-02,nan,nan,nan,nan,nan,nan,nan,nan,nan,nan,nan,nan,nan,nan,nan,nan,nan,nan,nan,nan,nan,4.337349397590339883e-03,nan,9.638554216867434299e-03,8.674698795180657215e-03,nan,nan,nan,nan,nan,nan,nan,nan,nan,nan,nan,nan,7.710843373493947786e-03,nan,nan,nan,nan,1.638554216867467092e-02,nan,nan,nan,nan,nan,nan,-1.927710843373553517e-03,nan,nan,nan,2.120481927710839848e-02,nan,nan,4.819277108433661530e-04,9.638554216867323060e-04,nan,nan,nan,nan
nan,nan,nan,nan,2.693266832917706743e-02,nan,nan,4.638403990024937695e-02,nan,nan,nan,nan,nan,nan,nan,nan,nan,nan,nan,nan,nan,nan,nan,nan,nan,5.187032418952619572e-02,nan,nan,nan,4.488778054862830116e-03,nan,nan,nan,nan,nan,nan,2.992518703241895534e-02,nan,nan,nan,nan,nan,nan,nan,nan,nan,nan,nan,nan,nan,nan,nan,nan,9.975062344139474547e-04,4.239401496259351948e-02,nan,4.039900249376555952e-02,nan,nan,4.987531172069737274e-04,-9.975062344139916902e-04,nan,nan,nan,nan
nan,nan,nan,nan,-4.071246819338436226e-03,nan,nan,nan,nan,nan,nan,nan,nan,nan,nan,nan,nan,nan,-2.442748091603055144e-02,-7.124681933842236074e-03,-1.628498727735367899e-02,-1.323155216284988001e-02,-2.035623409669229389e-03,nan,-9.160305343511443779e-03,nan,nan,nan,nan,1.526717557251910983e-03,nan,nan,nan,nan,nan,nan,nan,nan,nan,nan,nan,nan,nan,nan,nan,nan,nan,nan,nan,nan,nan,nan,nan,5.089058524172962884e-04,nan,nan,nan,nan,nan,nan,nan,nan,nan,nan,3.053435114503821966e-03
nan,nan,nan,nan,nan,-2.399999999999995540e-02,nan,nan,-3.599999999999992095e-02,nan,nan,nan,nan,nan,nan,nan,nan,nan,nan,nan,nan,nan,nan,8.000000000000052208e-03,5.000000000000026992e-03,nan,nan,nan,nan,nan,nan,nan,nan,nan,nan,nan,-3.549999999999995520e-02,nan,nan,nan,nan,nan,nan,nan,nan,nan,nan,-9.999999999999564359e-04,nan,nan,nan,-6.999999999999961982e-03,nan,nan,nan,nan,-2.999999999999980547e-03,nan,nan,-8.999999999999985442e-03,-5.999999999999982778e-03,nan,nan,nan,nan
nan,nan,nan,nan,nan,nan,nan,nan,-2.369668246445510822e-03,nan,nan,nan,nan,nan,nan,nan,nan,nan,nan,nan,nan,2.369668246445510822e-03,nan,nan,1.421800947867324317e-03,nan,nan,3.317535545023719661e-03,1.895734597156395560e-03,nan,3.317535545023719661e-03,nan,nan,nan,nan,nan,nan,nan,nan,nan,nan,8.056872037914697068e-03,nan,nan,nan,nan,nan,nan,nan,nan,nan,nan,nan,nan,nan,nan,2.369668246445510822e-03,nan,nan,nan,2.369668246445488704e-03,nan,nan,nan,2.369668246445488704e-03
nan,nan,2.169811320754715459e-02,nan,nan,nan,nan,nan,nan,8.018867924528239391e-03,nan,nan,2.358490566037696294e-03,nan,nan,nan,nan,nan,nan,nan,nan,nan,nan,nan,nan,nan,3.632075471698111013e-02,nan,nan,nan,nan,nan,nan,nan,nan,nan,nan,1.509433962264146098e-02,nan,nan,1.509433962264146098e-02,-7.547169811320819828e-03,nan,nan,nan,2.688679245283014455e-02,nan,nan,nan,nan,nan,nan,nan,nan,nan,nan,9.905660377358450203e-03,nan,nan,nan,-2.358490566037785199e-03,nan,nan,nan,nan
nan,-3.373493975903674256e-03,nan,nan,nan,nan,nan,nan,nan,nan,nan,nan,nan,3.855421686746929224e-03,nan,nan,nan,nan,nan,nan,nan,nan,nan,nan,nan,nan,nan,1.397590361445777418e-02,nan,nan,5.301204819277071864e-03,-6.746987951807259173e-03,nan,nan,nan,2.409638554216830819e-03,nan,nan,nan,nan,nan,nan,nan,nan,nan,4.337349397590317332e-03,nan,nan,nan,nan,nan,-3.373493975903652138e-03,nan,nan,nan,nan,-9.638554216867767583e-04,nan,nan,nan,-9.638554216867767583e-04,nan,nan,nan,nan
nan,2.433090024330895190e-02,nan,nan,nan,-2.287104622871043505e-02,nan,nan,nan,nan,nan,nan,nan,nan,nan,nan,nan,nan,nan,-4.866180048661794761e-04,nan,nan,nan,nan,nan,nan,nan,nan,nan,nan,nan,nan,3.503649635036494570e-02,nan,nan,nan,1.021897810218972379e-02,nan,nan,-4.866180048661794761e-04,nan,nan,nan,nan,nan,nan,nan,nan,nan,nan,nan,nan,-3.406326034063300676e-03,-8.759124087591229485e-03,nan,nan,1.995133819951338053e-02,nan,nan,nan,-3.892944038929435809e-03,nan,nan,nan,nan
nan,nan,nan,nan,nan,nan,nan,nan,nan,nan,nan,nan,nan,nan,nan,nan,nan,-1.970443349753670144e-03,-3.448275862068972408e-03,3.940886699507406207e-03,1.477832512315280147e-03,-1.970443349753670144e-03,2.955665024630582845e-03,3.448275862068972408e-03,nan,nan,nan,nan,nan,nan,nan,nan,nan,nan,nan,nan,nan,nan,nan,4.433497536945840874e-03,nan,nan,nan,nan,nan,nan,nan,-4.926108374383897804e-04,nan,nan,nan,nan,nan,nan,nan,nan,nan,nan,nan,4.926108374384341243e-04,nan,nan,nan,nan,nan
nan,nan,nan,nan,-1.425178147268413211e-03,nan,nan,nan,nan,nan,nan,nan,nan,nan,nan,nan,nan,-4.750593824228044218e-04,-4.750593824228044326e-03,-1.615201900237532920e-02,-5.700712589073652845e-03,nan,6.650831353919239679e-03,nan,nan,nan,nan,nan,nan,-1.425178147268413211e-03,nan,nan,nan,nan,nan,nan,nan,nan,nan,nan,nan,nan,nan,nan,nan,nan,nan,nan,nan,nan,nan,nan,nan,nan,nan,nan,5.225653206650826901e-03,nan,nan,4.750593824228044218e-04,-4.750593824228044326e-03,nan,nan,nan,nan
nan,nan,nan,-8.780487804878056579e-03,nan,nan,nan,nan,nan,nan,nan,nan,nan,nan,nan,nan,nan,-1.756097560975611316e-02,-9.268292682926837500e-03,-9.756097560975618421e-04,-7.804878048780494737e-03,nan,-1.317073170731708487e-02,nan,nan,nan,nan,nan,nan,-1.463414634146342763e-03,nan,nan,nan,nan,nan,nan,nan,nan,nan,nan,nan,nan,nan,nan,nan,nan,nan,nan,nan,nan,nan,nan,nan,nan,nan,nan,-4.878048780487809211e-04,nan,nan,4.878048780487809211e-04,-3.414634146341466447e-03,nan,nan,nan,nan
nan,nan,3.645083932853714070e-02,nan,nan,nan,nan,nan,-2.877697841726600987e-03,nan,nan,nan,nan,nan,nan,nan,nan,nan,nan,nan,nan,nan,nan,nan,6.714628297362090943e-03,nan,nan,3.021582733812948687e-02,nan,nan,nan,nan,nan,nan,nan,nan,nan,-7.673860911271002463e-03,nan,nan,nan,5.755395683453201974e-03,nan,nan,nan,nan,nan,nan,nan,nan,nan,nan,nan,nan,nan,nan,1.726618705035971521e-02,nan,nan,nan,-1.918465227817778371e-03,nan,1.055155875299760258e-02,nan,-9.592326139088669596e-04
nan,-2.211055276381907950e-02,nan,nan,2.220446049250313204e-17,nan,nan,nan,nan,nan,nan,nan,nan,nan,nan,nan,nan,nan,nan,nan,nan,nan,nan,nan,nan,nan,1.507537688442228772e-03,nan,nan,nan,nan,nan,nan,1.507537688442228772e-03,nan,nan,nan,nan,nan,nan,nan,nan,nan,nan,nan,nan,nan,nan,3.517587939698541173e-03,nan,nan,nan,nan,nan,1.507537688442250889e-03,nan,nan,nan,nan,0.000000000000000000e+00,-1.105527638190950679e-02,0.000000000000000000e+00,nan,-9.045226130653238189e-03,nan
nan,nan,nan,nan,nan,-2.505910165484635105e-02,nan,nan,-2.364066193853424716e-02,nan,nan,nan,nan,nan,nan,nan,nan,nan,nan,nan,nan,nan,nan,-5.200945626477548878e-03,-1.654846335697399834e-02,nan,nan,nan,nan,nan,nan,nan,nan,nan,nan,nan,nan,-1.323877068557919277e-02,nan,-1.796690307328605712e-02,nan,-7.565011820330980186e-03,nan,nan,nan,nan,nan,nan,nan,nan,nan,nan,nan,nan,nan,nan,-7.092198581560293924e-03,nan,nan,nan,-1.843971631205674339e-02,nan,nan,nan,-9.456264775413725232e-04
nan,nan,nan,nan,nan,nan,nan,nan,nan,nan,nan,nan,nan,nan,nan,nan,nan,2.422802850356298165e-02,1.330166270783850191e-02,nan,nan,-1.235154394299280492e-02,nan,nan,nan,nan,nan,nan,nan,3.800475059382435374e-03,nan,nan,nan,nan,nan,nan,nan,nan,nan,nan,nan,nan,nan,nan,5.700712589073652845e-03,nan,nan,nan,nan,nan,nan,nan,nan,nan,nan,nan,3.277909738717343924e-02,nan,nan,-1.900237529691217687e-03,-1.900237529691173235e-03,nan,nan,1.947743467933495815e-02,7.125890736342066489e-03
nan,nan,nan,nan,nan,nan,nan,nan,nan,-4.519230769230775380e-02,nan,nan,nan,nan,nan,nan,nan,-8.173076923077005063e-03,nan,nan,nan,nan,nan,nan,nan,nan,-1.346153846153852474e-02,-9.134615384615440634e-03,nan,nan,nan,nan,nan,nan,nan,nan,nan,nan,nan,nan,-1.778846153846160710e-02,nan,nan,nan,nan,-1.778846153846158629e-02,nan,nan,nan,nan,nan,nan,nan,-1.250000000000002151e-02,nan,nan,-2.548076923076929637e-02,nan,nan,nan,-4.038461538461544237e-02,nan,nan,nan,-2.211538461538469294e-02
nan,-4.411764705882425738e-03,nan,nan,nan,nan,nan,nan,nan,nan,nan,nan,-3.921568627451054931e-03,nan,nan,nan,9.803921568627416150e-03,nan,nan,nan,nan,nan,nan,nan,7.352941176470562112e-03,1.470588235294112422e-02,1.029411764705878696e-02,nan,nan,nan,nan,nan,nan,nan,nan,nan,-6.372549019607908968e-03,nan,nan,nan,nan,nan,nan,nan,nan,nan,-7.352941176470650583e-03,nan,nan,nan,nan,nan,nan,nan,nan,nan,8.823529411764674535e-03,nan,nan,nan,-3.431372549019662439e-03,nan,nan,nan,nan
nan,nan,nan,nan,nan,4.739336492890955724e-03,nan,nan,nan,nan,nan,nan,nan,nan,nan,nan,nan,nan,nan,nan,nan,nan,nan,nan,nan,nan,-2.369668246445533373e-03,nan,nan,nan,4.739336492890977408e-03,nan,nan,nan,nan,nan,nan,-1.658767772511848815e-02,-1.421800947867346652e-03,nan,nan,-1.042654028436018621e-02,nan,nan,nan,nan,-1.279620853080571871e-02,4.265402843601884264e-03,nan,nan,nan,nan,nan,nan,nan,nan,-1.421800947867324317e-03,nan,nan,nan,-1.232227488151658133e-02,nan,nan,nan,nan
nan,1.788235294117648116e-02,nan,nan,nan,nan,nan,nan,1.176470588235294448e-02,nan,nan,nan,nan,nan,nan,nan,nan,nan,nan,nan,nan,nan,nan,nan,nan,nan,2.447058823529413285e-02,nan,nan,nan,2.447058823529415367e-02,nan,nan,nan,nan,nan,nan,nan,1.600000000000001421e-02,nan,nan,nan,nan,nan,nan,9.411764705882452947e-04,2.917647058823533840e-02,nan,nan,nan,nan,nan,nan,nan,nan,nan,3.529411764705880916e-02,nan,nan,9.411764705882230686e-04,-9.882352941176475794e-03,nan,nan,nan,nan
nan,nan,nan,nan,nan,5.714285714285712026e-02,nan,nan,nan,7.447306791569081874e-02,nan,nan,nan,nan,nan,nan,nan,nan,nan,nan,nan,nan,nan,nan,nan,nan,nan,nan,nan,nan,nan,nan,nan,nan,nan,nan,nan,nan,1.498829039812641338e-02,nan,nan,9.601873536299761203e-02,nan,8.243559718969550865e-02,nan,nan,7.775175644028102517e-02,4.683840749414525106e-03,nan,nan,-5.152224824355977964e-03,nan,nan,nan,nan,nan,nan,nan,nan,nan,1.105386416861825899e-01,nan,nan,1.170960187353626766e-02,nan
nan,nan,nan,nan,nan,nan,nan,nan,nan,nan,nan,nan,nan,nan,nan,nan,nan,5.853658536585371053e-03,1.268292682926830395e-02,1.951219512195123684e-03,3.902439024390247369e-03,2.926829268292685526e-03,2.926829268292685526e-03,nan,1.658536585365855132e-02,nan,nan,nan,nan,nan,nan,nan,nan,nan,nan,nan,nan,nan,nan,nan,nan,nan,nan,nan,nan,nan,nan,nan,nan,nan,nan,nan,nan,nan,nan,nan,nan,nan,nan,-4.878048780487809211e-04,-6.341463414634151974e-03,nan,nan,nan,1.365853658536586579e-02
nan,nan,nan,nan,nan,-1.955990220048899747e-02,nan,nan,nan,-3.911980440097797412e-02,nan,nan,nan,nan,nan,nan,nan,nan,nan,nan,nan,nan,nan,nan,nan,nan,nan,nan,nan,nan,-1.124694376528117060e-02,nan,nan,nan,nan,nan,nan,nan,nan,nan,-8.312958435207828609e-03,-2.885085574572128150e-02,nan,nan,nan,-1.613691931540341823e-02,nan,nan,nan,nan,nan,nan,nan,nan,nan,nan,-2.444987775061102566e-03,nan,nan,nan,-2.004889975550121564e-02,nan,-1.466992665036674984e-02,nan,-5.867970660146682241e-03
nan,nan,nan,nan,nan,nan,nan,nan,nan,nan,nan,nan,nan,nan,nan,nan,nan,1.891252955082767164e-03,2.220446049250313204e-17,1.087470449172578402e-02,2.505910165484637186e-02,9.456264775413770335e-03,-4.728132387706862616e-03,nan,nan,nan,nan,nan,nan,nan,nan,5.673758865248257691e-03,nan,nan,nan,nan,nan,nan,nan,nan,nan,nan,nan,nan,nan,nan,nan,nan,nan,nan,nan,nan,nan,nan,nan,nan,nan,nan,nan,0.000000000000000000e+00,-5.200945626477548878e-03,nan,nan,1.418439716312058785e-02,nan
nan,nan,nan,nan,nan,nan,nan,nan,-6.746987951807237489e-03,nan,nan,nan,nan,nan,nan,nan,nan,nan,nan,nan,nan,nan,nan,nan,-4.440892098500626408e-17,nan,1.301204819277106475e-02,8.674698795180702318e-03,nan,nan,nan,nan,nan,nan,nan,nan,4.819277108433439811e-04,-8.674698795180745686e-03,nan,nan,nan,-9.156626506024135095e-03,nan,nan,nan,nan,nan,nan,nan,nan,nan,nan,nan,nan,nan,nan,1.253012048192767534e-02,nan,nan,nan,-5.301204819277161202e-03,nan,nan,nan,-9.638554216867767583e-04
nan,nan,-9.290953545232304850e-03,nan,nan,nan,nan,nan,nan,nan,nan,nan,nan,nan,nan,nan,nan,-5.867970660146726476e-03,nan,nan,-9.779951100244987927e-04,nan,nan,-9.779951100244766750e-04,nan,-2.444987775061169353e-03,nan,nan,nan,nan,nan,nan,nan,nan,nan,nan,nan,nan,nan,nan,nan,nan,nan,nan,nan,nan,nan,nan,nan,nan,-3.911980440097817362e-03,nan,nan,nan,nan,nan,-4.889975550122604552e-04,nan,nan,0.000000000000000000e+00,-5.867970660146726476e-03,nan,nan,nan,7.334963325183352367e-03
nan,nan,nan,nan,nan,5.365853658536590132e-03,nan,nan,-1.121951219512196118e-02,nan,nan,nan,7.804878048780494737e-03,nan,nan,nan,nan,nan,nan,nan,nan,nan,nan,2.731707317073166566e-02,nan,nan,nan,3.999999999999996614e-02,nan,nan,nan,nan,nan,nan,nan,nan,-1.317073170731708487e-02,nan,0.000000000000000000e+00,nan,nan,nan,nan,nan,nan,nan,-1.219512195121952303e-02,nan,nan,nan,nan,nan,nan,nan,nan,nan,-3.414634146341466447e-03,nan,nan,nan,4.878048780487809211e-04,nan,nan,nan,nan
nan,nan,6.146572104018943952e-03,nan,nan,-1.418439716312058785e-03,nan,nan,nan,2.080378250591019551e-02,nan,nan,nan,nan,nan,nan,nan,nan,nan,nan,nan,nan,-1.182033096926715654e-02,nan,nan,nan,nan,nan,nan,nan,1.513002364066196037e-02,2.458628841607568560e-02,nan,nan,nan,nan,nan,nan,nan,nan,nan,nan,nan,nan,nan,1.560283687943264663e-02,nan,nan,nan,nan,nan,1.654846335697401916e-02,nan,nan,nan,nan,8.510638297872352709e-03,nan,nan,nan,-1.418439716312058785e-03,nan,nan,nan,nan
nan,nan,4.200000000000001649e-02,nan,nan,nan,nan,nan,nan,nan,nan,nan,nan,nan,nan,nan,nan,nan,nan,nan,nan,nan,nan,nan,nan,nan,1.550000000000000336e-02,nan,nan,nan,nan,nan,nan,nan,nan,nan,2.549999999999998795e-02,1.200000000000001066e-02,nan,nan,2.650000000000001313e-02,-2.999999999999980547e-03,nan,nan,nan,2.900000000000000494e-02,nan,nan,nan,nan,nan,nan,nan,nan,nan,nan,2.850000000000001490e-02,nan,nan,nan,-9.999999999999787705e-04,nan,nan,nan,4.400000000000001826e-02
nan,nan,nan,nan,-3.911980440097750575e-03,nan,nan,nan,nan,nan,nan,nan,nan,nan,nan,nan,nan,-9.290953545232216379e-03,nan,nan,nan,nan,nan,nan,nan,nan,nan,-4.889975550122205132e-03,nan,4.400977995110078034e-03,nan,nan,nan,nan,nan,nan,nan,nan,4.400977995110078034e-03,nan,nan,-8.312958435207806057e-03,nan,nan,nan,-3.911980440097728891e-03,-1.271393643031779562e-02,3.911980440097861597e-03,nan,nan,nan,nan,nan,nan,nan,nan,nan,nan,nan,nan,nan,nan,1.466992665036737130e-03,nan,nan
nan,nan,-2.458628841607568560e-02,nan,nan,nan,nan,-2.553191489361705813e-02,nan,nan,nan,nan,nan,nan,nan,nan,nan,nan,-1.891252955082745046e-02,0.000000000000000000e+00,-1.229314420803784280e-02,nan,-1.418439716312058785e-03,nan,nan,-1.654846335697401916e-02,nan,nan,nan,nan,nan,nan,nan,nan,nan,nan,nan,nan,nan,nan,nan,nan,nan,nan,nan,nan,nan,nan,nan,nan,nan,nan,nan,nan,nan,nan,-2.364066193853431308e-03,nan,nan,nan,-5.673758865248257691e-03,nan,nan,nan,1.891252955082745046e-03
nan,nan,-9.200968523002495819e-03,nan,nan,nan,nan,nan,nan,nan,nan,nan,nan,nan,nan,nan,nan,nan,nan,nan,nan,-5.811138014527905335e-03,nan,nan,-1.355932203389835847e-02,-3.389830508474633852e-03,-1.452784503631965318e-02,-2.033898305084749086e-02,nan,9.685230024212953658e-04,nan,nan,-3.874092009685315037e-03,nan,nan,nan,nan,nan,nan,nan,nan,nan,nan,nan,nan,nan,nan,nan,nan,nan,nan,nan,nan,nan,nan,nan,-9.685230024213153585e-03,nan,nan,nan,-2.905569007263952667e-03,nan,nan,nan,nan
nan,nan,-8.430913348946144498e-03,nan,nan,nan,nan,nan,nan,-5.152224824355977964e-03,nan,nan,nan,nan,nan,nan,nan,nan,nan,nan,nan,nan,nan,nan,-1.030444964871195593e-02,nan,nan,nan,nan,nan,nan,-1.124121779859485991e-02,nan,nan,nan,nan,nan,nan,nan,nan,-7.494145199063240517e-03,-1.592505854800938675e-02,nan,nan,nan,-1.451990632318502818e-02,-5.620608899297429954e-03,nan,nan,nan,nan,-1.592505854800938675e-02,nan,nan,nan,nan,nan,nan,nan,nan,nan,nan,nan,nan,4.215456674473072249e-03
nan,nan,-9.137055837563390001e-03,nan,nan,nan,nan,-1.015228426395933282e-02,nan,nan,nan,nan,nan,nan,nan,nan,nan,nan,nan,nan,nan,nan,nan,-1.065989847715729209e-02,nan,nan,nan,nan,-1.167512690355325747e-02,nan,-4.060913705583679353e-03,-1.269035532994919856e-02,nan,nan,nan,nan,-4.060913705583679353e-03,nan,nan,nan,nan,nan,nan,nan,nan,-2.030456852791839677e-03,nan,nan,nan,nan,nan,nan,nan,nan,nan,nan,-2.030456852791839677e-03,nan,nan,nan,-7.106598984771506089e-03,nan,nan,nan,nan
nan,nan,nan,-6.278026905829614361e-03,nan,nan,nan,nan,nan,nan,nan,nan,nan,nan,nan,nan,2.242152466367719477e-03,nan,nan,nan,nan,nan,nan,nan,nan,nan,nan,-6.278026905829614361e-03,nan,nan,3.139013452914807181e-03,nan,nan,nan,nan,nan,nan,nan,-2.242152466367719477e-03,nan,nan,nan,nan,nan,2.690582959641263545e-03,nan,-4.035874439461894884e-03,nan,nan,nan,nan,nan,nan,nan,nan,nan,8.071748878923789769e-03,nan,nan,4.484304932735439062e-04,1.345291479820631773e-03,nan,nan,nan,nan
nan,nan,nan,nan,nan,nan,nan,nan,nan,nan,nan,nan,nan,nan,nan,nan,nan,nan,nan,nan,nan,nan,-1.523341523341521439e-02,-5.896805896805900997e-03,-1.916461916461918019e-02,-1.621621621621622752e-02,-1.719901719901721984e-02,nan,nan,2.457002457002421814e-03,nan,nan,nan,nan,nan,nan,nan,nan,1.474201474201453132e-03,nan,nan,-9.828009828009910166e-04,nan,nan,nan,nan,nan,3.439803439803390712e-03,nan,nan,nan,nan,nan,nan,nan,nan,nan,nan,nan,0.000000000000000000e+00,nan,nan,nan,nan,nan
nan,nan,1.005025125628167260e-03,nan,nan,nan,nan,nan,nan,nan,nan,nan,nan,nan,nan,nan,nan,nan,nan,nan,nan,nan,nan,5.025125628140836298e-04,5.527638190954786354e-03,nan,-5.025125628140391775e-04,nan,nan,nan,nan,nan,nan,nan,nan,nan,-5.025125628140391775e-04,nan,nan,nan,8.040201005025161135e-03,nan,nan,nan,nan,-3.517587939698496504e-03,nan,nan,nan,nan,nan,nan,nan,nan,nan,nan,3.015075376884457543e-03,nan,nan,0.000000000000000000e+00,1.005025125628189377e-03,nan,nan,nan,nan
nan,nan,nan,nan,nan,nan,nan,nan,nan,nan,nan,nan,nan,nan,nan,nan,nan,nan,nan,nan,nan,nan,nan,nan,-1.531100478468898698e-02,nan,-1.483253588516748531e-02,-1.100478468899521688e-02,nan,nan,-1.435406698564596281e-02,nan,-5.263157894736858466e-03,nan,nan,nan,-4.784688995215447211e-04,nan,nan,nan,nan,nan,nan,nan,-1.387559808612439695e-02,nan,nan,nan,nan,nan,nan,nan,nan,nan,nan,nan,1.913875598086112097e-03,nan,nan,4.784688995215224949e-04,-2.296650717703350303e-02,nan,nan,nan,nan
nan,nan,nan,nan,nan,nan,nan,nan,1.193317422434365602e-02,nan,nan,nan,nan,nan,nan,nan,nan,nan,nan,nan,nan,nan,nan,nan,2.147971360381861761e-02,nan,1.336515513126488273e-02,2.195704057279235233e-02,nan,nan,nan,nan,nan,nan,nan,nan,nan,3.818615751789966681e-03,nan,nan,nan,-2.386634844868784633e-03,nan,nan,nan,nan,nan,nan,nan,nan,nan,nan,1.575178997613364482e-02,nan,nan,nan,2.625298329355607585e-02,nan,nan,nan,-7.637231503579933363e-03,nan,nan,nan,3.198090692124104517e-02
nan,nan,2.043795620437951349e-02,nan,nan,nan,nan,nan,nan,nan,nan,nan,nan,nan,nan,nan,nan,nan,nan,nan,nan,nan,nan,nan,nan,nan,nan,nan,nan,nan,3.892944038929433553e-02,2.579075425790748957e-02,nan,nan,nan,nan,nan,nan,nan,nan,nan,-1.021897810218983481e-02,nan,nan,nan,nan,-8.759124087591274588e-03,-4.379562043795637294e-03,nan,nan,-5.352798053527974345e-03,nan,nan,-4.866180048661794544e-03,nan,nan,1.946472019464717904e-03,nan,nan,nan,-2.433090024330919390e-03,nan,nan,nan,nan
nan,nan,nan,nan,nan,nan,nan,nan,nan,nan,nan,nan,nan,nan,nan,nan,nan,nan,1.388888888888883955e-03,-7.870370370370371321e-03,-5.555555555555535818e-03,-2.361111111111113825e-02,-1.388888888888906072e-03,-5.092592592592604279e-03,nan,nan,nan,nan,nan,-4.629629629629539275e-04,nan,nan,nan,nan,nan,nan,nan,nan,nan,1.388888888888883955e-03,nan,nan,nan,nan,3.240740740740744117e-03,nan,nan,nan,nan,nan,nan,nan,nan,nan,nan,nan,nan,nan,nan,nan,nan,2.314814814814769584e-03,nan,nan,nan
nan,nan,nan,nan,nan,nan,nan,nan,nan,nan,nan,nan,nan,-7.125890736342066489e-03,nan,nan,nan,-1.045130641330169717e-02,nan,nan,nan,nan,nan,nan,nan,-7.125890736342066489e-03,-5.225653206650848585e-03,1.425178147268368976e-03,nan,-1.472684085510695892e-02,-9.501187648456088652e-03,nan,nan,nan,nan,nan,nan,nan,nan,nan,nan,nan,nan,nan,nan,nan,nan,nan,nan,nan,nan,nan,nan,nan,nan,nan,-3.800475059382435374e-03,nan,nan,-4.275534441805240067e-03,-2.422802850356302676e-02,nan,nan,nan,nan
nan,nan,nan,nan,nan,nan,nan,nan,nan,1.182266009852210933e-02,nan,nan,nan,nan,nan,nan,nan,nan,nan,nan,nan,nan,nan,nan,2.463054187192115219e-02,nan,nan,4.285714285714281591e-02,nan,nan,nan,nan,1.477832512315213577e-03,nan,nan,nan,nan,3.694581280788169358e-02,1.379310344827582371e-02,nan,nan,7.389162561576334380e-03,nan,nan,nan,nan,2.857142857142851503e-02,nan,nan,nan,nan,nan,nan,nan,nan,nan,4.433497536945796638e-03,nan,nan,nan,9.852216748768415772e-03,nan,nan,nan,nan
nan,nan,-3.333333333333321404e-03,nan,nan,nan,nan,nan,nan,nan,nan,nan,nan,nan,nan,nan,nan,1.857142857142857206e-02,nan,nan,nan,nan,nan,nan,-2.857142857142824614e-03,nan,nan,nan,nan,nan,-9.999999999999986330e-03,nan,nan,nan,nan,nan,nan,nan,nan,nan,nan,5.714285714285694331e-03,nan,nan,nan,nan,nan,nan,nan,nan,nan,nan,nan,nan,nan,nan,1.047619047619043932e-02,nan,nan,nan,3.809523809523796076e-03,nan,1.047619047619046187e-02,1.047619047619043932e-02,1.047619047619043932e-02
