-1.526946107784423780e-02,-7.485029940119724938e-03,nan,nan,nan,nan,nan,nan,nan,nan,nan,nan,nan,nan,-7.485029940119724938e-03,nan,nan,nan,nan,nan,nan,nan,nan,nan,nan,nan,nan,nan,nan,nan,nan,nan,nan,nan,nan,nan,-8.083832335329277363e-03,nan,nan,nan,nan,nan,-5.389221556886170453e-03,nan,nan,nan,nan,nan,nan,nan,nan,nan,-2.095808383233488566e-03,-2.035928143712571053e-02,-5.688622754490979191e-03,nan,nan,nan,nan,nan,nan,-1.766467065868260189e-02,nan,nan,-6.287425149700531617e-03
nan,-5.934718100890190150e-04,nan,nan,nan,nan,nan,nan,nan,1.186943620178038030e-03,nan,nan,-7.418397626112738230e-03,nan,nan,nan,nan,nan,-6.528189910979209816e-03,-9.792284866468815158e-03,-1.364985163204743800e-02,2.373887240356120729e-03,nan,nan,nan,nan,nan,nan,nan,nan,nan,nan,nan,nan,nan,nan,nan,nan,nan,nan,nan,nan,nan,nan,nan,nan,nan,3.857566765578668375e-03,nan,nan,nan,nan,nan,-5.341246290801171352e-03,nan,nan,nan,nan,nan,nan,nan,nan,nan,nan,6.824925816023785785e-03
nan,-1.107692307692307275e-02,nan,-3.076923076923066078e-03,nan,nan,nan,nan,-2.584615384615385203e-02,-6.153846153845954564e-04,nan,nan,nan,nan,nan,nan,nan,nan,nan,nan,nan,nan,nan,nan,nan,nan,nan,nan,nan,nan,nan,nan,nan,nan,nan,nan,-2.153846153846152717e-02,nan,nan,nan,7.692307692307687531e-03,nan,nan,nan,nan,3.384615384615386087e-03,nan,nan,nan,nan,nan,nan,-4.923076923076918909e-03,nan,nan,nan,1.353846153846154435e-02,nan,nan,nan,-1.107692307692307275e-02,nan,nan,nan,nan
nan,nan,nan,nan,nan,nan,nan,nan,nan,nan,nan,nan,nan,-4.504504504504502731e-03,nan,nan,nan,nan,-3.003003003002979558e-03,-4.504504504504502731e-03,-6.006006006005870212e-04,-6.006006006005649035e-04,-4.804804804804785508e-03,-8.108108108108136314e-03,-7.207207207207200379e-03,nan,nan,nan,nan,nan,nan,nan,nan,nan,nan,nan,nan,nan,nan,nan,nan,nan,nan,nan,nan,nan,nan,nan,nan,nan,nan,nan,nan,nan,nan,nan,nan,nan,1.501501501501501055e-03,nan,nan,nan,nan,nan,5.105105105105112520e-03
nan,-5.943536404160542838e-03,nan,-2.674591381872271252e-03,6.835066864784522522e-03,nan,nan,nan,-3.566121842496339407e-03,nan,nan,nan,nan,-5.943536404160565390e-03,nan,nan,nan,nan,nan,nan,nan,nan,nan,nan,nan,nan,nan,nan,nan,nan,nan,nan,nan,-1.040118870728090616e-02,nan,nan,-7.726597325408679148e-03,nan,nan,nan,nan,nan,nan,nan,nan,nan,nan,nan,nan,nan,nan,nan,nan,-4.440892098500626408e-17,2.971768202080182948e-03,nan,4.160475482912295506e-03,nan,nan,nan,nan,nan,nan,nan,nan
nan,nan,nan,nan,nan,nan,nan,nan,nan,nan,nan,nan,8.011869436201756595e-03,-1.157270029673593791e-02,nan,nan,nan,-1.513353115727007411e-02,-9.495548961424349343e-03,nan,-5.637982195845725637e-03,nan,nan,nan,nan,-1.602373887240360339e-02,nan,nan,nan,nan,nan,nan,nan,nan,nan,nan,nan,nan,nan,nan,nan,-3.264094955489627026e-03,nan,nan,nan,nan,nan,nan,nan,nan,nan,1.483679525222547646e-03,nan,nan,nan,nan,nan,nan,1.780415430267057262e-03,9.198813056379795058e-03,nan,nan,nan,nan,nan
nan,nan,nan,nan,nan,nan,nan,nan,nan,nan,-6.666666666666642808e-03,nan,nan,-1.515151515151518316e-02,nan,nan,nan,nan,nan,-1.151515151515150083e-02,-9.696969696969648389e-03,-6.060606060606099632e-04,-9.696969696969670940e-03,nan,-2.484848484848480726e-02,nan,nan,nan,nan,-3.333333333333343522e-03,nan,nan,nan,nan,nan,nan,nan,nan,nan,nan,nan,nan,nan,nan,nan,nan,nan,nan,nan,nan,nan,nan,nan,nan,nan,nan,nan,nan,-1.030303030303028090e-02,nan,nan,nan,nan,nan,3.030303030303604928e-04
-1.477104874446077964e-03,nan,nan,nan,nan,nan,nan,nan,nan,nan,nan,nan,nan,-9.453471196454944075e-03,nan,nan,nan,-1.270310192023635897e-02,nan,nan,nan,-3.545051698670609232e-03,nan,nan,nan,-1.299852289512555201e-02,nan,nan,nan,nan,nan,nan,nan,nan,nan,nan,nan,-1.477104874446077964e-03,nan,nan,nan,nan,nan,nan,nan,nan,nan,nan,nan,nan,nan,nan,nan,nan,nan,nan,7.976366322008866111e-03,-6.203840472673571686e-03,8.862629246676467787e-04,nan,-3.249630723781371522e-03,nan,nan,nan,nan
nan,nan,nan,-4.712812960235601353e-03,nan,nan,nan,nan,nan,nan,-8.836524300441129121e-04,nan,nan,-5.891016200294529881e-03,nan,nan,nan,nan,-1.354933726067741873e-02,-1.443298969072159821e-02,nan,nan,nan,nan,nan,nan,nan,nan,nan,nan,nan,-1.178203240058905976e-02,nan,-1.001472754050070080e-02,nan,nan,nan,nan,nan,nan,nan,nan,nan,nan,nan,nan,nan,nan,nan,nan,nan,-2.945508100147264940e-03,nan,nan,nan,nan,-1.178203240058883858e-03,nan,-1.030927835051542729e-02,nan,nan,nan,nan,nan,nan
nan,nan,nan,nan,nan,nan,nan,nan,nan,nan,nan,nan,nan,nan,nan,nan,nan,-1.604754829123322679e-02,-4.754829123328363494e-03,nan,-5.349182763744408931e-03,2.080237741456225815e-03,-1.010401188707277242e-02,-1.812778603268940664e-02,nan,nan,nan,nan,nan,4.160475482912384844e-03,nan,nan,nan,nan,nan,nan,nan,nan,nan,nan,nan,nan,nan,nan,nan,nan,nan,nan,nan,nan,nan,nan,nan,nan,nan,nan,7.726597325408679148e-03,nan,nan,nan,2.080237741456203264e-03,nan,nan,nan,4.160475482912384844e-03
-5.389221556886192137e-03,nan,nan,nan,nan,nan,nan,nan,nan,nan,-4.491017964071830973e-03,nan,nan,nan,nan,-6.586826347305341223e-03,-1.137724550898200349e-02,nan,nan,-1.886227544910177439e-02,nan,nan,nan,nan,-1.077844311377240683e-02,nan,nan,nan,nan,nan,nan,nan,nan,nan,nan,nan,nan,2.395209580838342407e-03,nan,nan,nan,nan,nan,nan,nan,nan,nan,nan,nan,nan,nan,nan,nan,nan,nan,nan,nan,nan,-1.137724550898200349e-02,nan,4.790419161676684814e-03,nan,nan,-8.982035928143394798e-04,nan
nan,nan,nan,-8.683068017366134955e-03,nan,nan,nan,nan,-1.013024602026051449e-02,nan,-1.128798842257596781e-02,nan,nan,-7.814761215629517643e-03,nan,nan,nan,nan,nan,nan,nan,-7.235890014471779708e-03,nan,nan,nan,nan,-2.604920405209831986e-03,-1.273516642547032306e-02,nan,nan,nan,nan,nan,nan,nan,nan,nan,nan,nan,nan,nan,nan,nan,nan,nan,nan,nan,nan,nan,nan,nan,nan,nan,nan,nan,nan,-4.920405209840827965e-03,nan,-9.551374819102731450e-03,nan,-7.235890014471757156e-03,nan,nan,nan,nan
nan,-4.392386530014657890e-03,nan,nan,nan,nan,nan,nan,nan,-8.784773060029448920e-04,nan,nan,4.978038067349910105e-03,nan,nan,nan,nan,4.978038067349910105e-03,nan,nan,nan,9.956076134699865313e-03,nan,nan,nan,nan,nan,1.054172767203511753e-02,nan,nan,nan,nan,nan,nan,nan,nan,-2.635431918008790224e-03,nan,nan,nan,nan,nan,nan,nan,nan,nan,nan,nan,nan,nan,nan,nan,-5.856515373352966670e-04,1.288433382137628078e-02,nan,nan,nan,-4.685212298682306549e-03,nan,nan,nan,nan,nan,nan,nan
nan,nan,nan,nan,nan,nan,nan,nan,nan,-6.358381502890165030e-03,nan,nan,-1.156069364161846878e-02,nan,nan,nan,-1.763005780346820275e-02,nan,nan,nan,nan,nan,-9.248554913294793067e-03,-1.416184971098264321e-02,-1.676300578034681937e-02,-1.849710982658963124e-02,nan,nan,nan,nan,nan,nan,nan,nan,nan,nan,nan,nan,nan,nan,nan,nan,nan,nan,-3.468208092485558676e-03,nan,nan,1.734104046242768062e-03,nan,nan,nan,nan,-9.537572254335246677e-03,nan,nan,nan,nan,nan,nan,nan,nan,nan,nan,nan,nan
nan,nan,nan,nan,nan,nan,nan,nan,nan,nan,-6.431852986217423754e-03,nan,nan,-8.575803981623230515e-03,nan,nan,nan,nan,-6.125574272588018947e-03,-5.206738131699806260e-03,-5.513016845329210200e-03,-9.188361408882129034e-04,-6.738131699846805142e-03,-1.102603369065846550e-02,nan,nan,nan,nan,nan,nan,nan,nan,nan,nan,nan,nan,nan,nan,nan,nan,nan,nan,nan,nan,nan,nan,nan,nan,nan,nan,nan,nan,nan,nan,nan,nan,nan,nan,-6.125574272587997263e-03,nan,nan,nan,nan,nan,-1.225114854517594942e-03
nan,nan,nan,-4.531722054380726665e-03,nan,nan,nan,nan,nan,-1.510574018126931151e-03,nan,nan,nan,nan,nan,nan,nan,nan,-8.459214501510613909e-03,nan,nan,nan,nan,nan,nan,nan,-7.250755287009113745e-03,-9.063444108761364859e-03,nan,nan,nan,nan,nan,nan,nan,nan,nan,nan,nan,nan,nan,nan,nan,nan,nan,-3.927492447129954031e-03,nan,nan,nan,nan,nan,-1.359516616314204729e-02,nan,nan,6.042296072507058469e-04,nan,5.438066465256752476e-03,nan,nan,nan,nan,nan,nan,nan,9.063444108761298940e-03
-2.976190476190465617e-04,nan,nan,nan,nan,-4.464285714285698425e-03,nan,nan,nan,nan,-8.928571428571396851e-03,nan,nan,-1.488095238095210691e-03,nan,-6.249999999999977796e-03,nan,nan,nan,-1.190476190476186247e-02,nan,nan,nan,nan,nan,nan,nan,nan,8.928571428571619112e-04,-1.309523809523804871e-02,nan,nan,nan,nan,nan,nan,nan,nan,nan,nan,nan,nan,nan,nan,nan,nan,nan,nan,nan,nan,nan,nan,0.000000000000000000e+00,nan,nan,nan,nan,nan,-8.333333333333303727e-03,nan,nan,nan,nan,nan,nan
nan,nan,nan,nan,nan,nan,4.484304932735372166e-03,nan,nan,nan,nan,nan,nan,-1.046337817638269899e-02,nan,nan,nan,nan,-9.566517189835610849e-03,-3.288490284006040289e-03,-7.174887892376702499e-03,nan,-3.288490284006018172e-03,nan,-1.106128550074740938e-02,nan,nan,nan,nan,nan,nan,nan,nan,nan,nan,nan,nan,nan,nan,nan,nan,nan,nan,nan,nan,nan,nan,nan,nan,nan,nan,nan,nan,nan,nan,nan,nan,nan,3.886397608370639658e-03,nan,nan,2.092675635276486368e-03,nan,2.989536621823574072e-03,nan
nan,nan,nan,-8.083832335329343283e-03,nan,nan,nan,nan,nan,nan,nan,nan,nan,nan,nan,nan,nan,nan,-8.083832335329343283e-03,nan,nan,nan,nan,nan,nan,nan,-7.784431137724557095e-03,-1.197604790419162270e-02,nan,nan,nan,nan,-5.988023952095811349e-03,nan,nan,nan,nan,-1.227544910179640889e-02,nan,nan,nan,nan,nan,nan,nan,nan,nan,nan,nan,nan,nan,-4.790419161676662263e-03,nan,nan,nan,nan,6.586826347305408010e-03,-4.491017964071852657e-03,nan,nan,-1.497005988023936141e-03,nan,nan,nan,nan
nan,-9.705882352941142335e-03,nan,nan,nan,nan,nan,nan,-1.088235294117643158e-02,nan,nan,nan,nan,nan,nan,nan,3.235294117647047156e-03,nan,nan,nan,nan,-9.411764705882319157e-03,nan,nan,nan,nan,nan,-7.941176470588206734e-03,nan,nan,nan,nan,-7.352941176470562112e-03,nan,nan,nan,nan,nan,nan,nan,nan,nan,nan,nan,nan,nan,nan,nan,nan,nan,nan,nan,-7.058823529411739801e-03,nan,nan,nan,2.941176470588224845e-03,nan,nan,nan,-8.823529411764674752e-04,nan,nan,5.882352941176449473e-04,nan
nan,-7.462686567164178095e-03,nan,-1.880597014925371527e-02,nan,nan,nan,nan,-1.373134328358205369e-02,-7.761194029850715555e-03,nan,nan,nan,nan,nan,nan,nan,nan,nan,nan,nan,nan,nan,nan,nan,nan,nan,nan,nan,nan,nan,nan,-2.029850746268653180e-02,nan,nan,nan,-1.611940298507459277e-02,nan,nan,nan,-5.373134328358198167e-03,nan,-5.074626865671593920e-03,nan,nan,nan,nan,nan,nan,nan,nan,nan,nan,7.164179104477641502e-03,nan,nan,5.970149253731627404e-04,nan,nan,nan,nan,nan,nan,nan,nan
nan,nan,nan,nan,nan,nan,nan,nan,nan,nan,nan,nan,nan,-6.079027355623267681e-04,nan,nan,nan,nan,8.814589665653516093e-03,3.343465045592708320e-03,6.686930091185416640e-03,1.033434650455928791e-02,1.215805471124631418e-03,nan,nan,nan,nan,nan,nan,nan,nan,nan,nan,nan,nan,nan,nan,nan,6.686930091185416640e-03,nan,nan,nan,nan,nan,nan,nan,nan,nan,nan,nan,nan,nan,nan,nan,nan,nan,1.702127659574470542e-02,nan,nan,nan,1.124620060790273469e-02,nan,nan,nan,1.337386018237083328e-02
nan,nan,nan,nan,nan,nan,nan,nan,nan,nan,nan,nan,nan,nan,nan,nan,nan,-8.271787296898125072e-03,-5.612998522895163052e-03,1.181683899556862372e-03,5.022156573116665079e-03,1.477104874446077964e-03,-5.908419497784534119e-04,nan,-9.748892171344225588e-03,nan,-4.135893648449062536e-03,nan,nan,nan,nan,nan,nan,nan,nan,nan,nan,nan,nan,nan,nan,nan,nan,nan,nan,nan,nan,nan,nan,nan,nan,nan,nan,nan,nan,nan,nan,nan,nan,nan,2.363367799113724743e-03,nan,nan,6.794682422451958637e-03,nan
nan,nan,nan,nan,nan,nan,nan,nan,nan,nan,nan,nan,nan,-1.370262390670555844e-02,-1.457725947521892971e-03,-6.413994169096226723e-03,nan,nan,nan,nan,nan,nan,nan,nan,-1.224489795918370927e-02,-1.282798833819247600e-02,-1.457725947521892971e-03,-6.413994169096226723e-03,nan,nan,nan,nan,nan,nan,nan,nan,nan,nan,nan,nan,nan,nan,nan,nan,nan,nan,nan,nan,nan,nan,nan,nan,nan,nan,2.915451895043385871e-04,nan,nan,nan,-6.705539358600609220e-03,nan,nan,nan,4.373177842565567457e-03,nan,nan
nan,-1.190476190476192839e-02,nan,nan,nan,nan,nan,nan,-1.101190476190476789e-02,nan,nan,nan,-1.190476190476190757e-02,nan,nan,nan,nan,nan,nan,nan,nan,nan,nan,nan,nan,nan,nan,nan,nan,-4.464285714285698425e-03,nan,nan,nan,nan,nan,nan,-1.160714285714288183e-02,nan,nan,nan,nan,nan,nan,nan,nan,3.273809523809512179e-03,2.976190476190465617e-04,nan,nan,nan,nan,-6.845238095238115154e-03,-1.488095238095243911e-02,nan,nan,nan,nan,nan,nan,nan,nan,nan,nan,nan,3.273809523809512179e-03
nan,nan,nan,nan,nan,nan,nan,nan,nan,nan,-5.309734513274366567e-03,nan,nan,-9.439528023598842479e-03,nan,nan,nan,-1.356932153392331752e-02,2.949852507374117858e-04,4.424778761061886993e-03,-4.719764011799432515e-03,4.129793510324453361e-03,nan,nan,nan,nan,nan,-9.144542772861408847e-03,nan,nan,nan,nan,nan,nan,nan,nan,nan,nan,nan,nan,nan,nan,nan,nan,nan,nan,nan,nan,nan,nan,nan,nan,nan,nan,nan,nan,nan,nan,4.719764011799387413e-03,nan,8.849557522123463254e-04,nan,nan,nan,nan
nan,nan,nan,nan,nan,nan,nan,nan,nan,nan,nan,nan,nan,nan,nan,nan,2.220446049250313204e-17,nan,nan,nan,nan,nan,nan,nan,3.062787136294042650e-04,3.369065849923447240e-03,-3.369065849923402571e-03,-4.594180704441020065e-03,-4.287901990811615258e-03,7.044410413476298420e-03,nan,-2.143950995405785511e-03,2.756508422664638493e-03,-2.450229709035167767e-03,nan,nan,nan,nan,nan,nan,nan,nan,nan,nan,nan,nan,nan,nan,nan,nan,nan,nan,nan,nan,nan,nan,nan,nan,nan,nan,nan,nan,nan,nan,nan
nan,-3.982930298719744230e-03,nan,-5.405405405405372746e-03,nan,7.396870554765322056e-03,nan,nan,-5.120910384068255716e-03,nan,nan,nan,-4.267425320056883811e-03,nan,nan,nan,nan,nan,nan,nan,-3.698435277382605517e-03,nan,nan,nan,7.396870554765344608e-03,nan,nan,nan,nan,nan,nan,nan,nan,nan,nan,nan,-5.120910384068255716e-03,nan,nan,nan,nan,nan,nan,nan,nan,nan,nan,nan,nan,nan,nan,nan,-1.251778093883357777e-02,7.396870554765322056e-03,nan,nan,nan,nan,nan,nan,nan,nan,nan,nan,nan
-4.664723032069950821e-03,nan,nan,2.332361516035019646e-03,nan,nan,nan,nan,nan,nan,nan,nan,nan,-1.107871720116615499e-02,nan,nan,-1.166180758017489917e-02,nan,-8.454810495626774100e-03,nan,nan,nan,-3.498542274052440781e-03,nan,nan,nan,nan,-8.746355685131157465e-03,nan,nan,nan,nan,nan,nan,nan,nan,nan,nan,nan,nan,nan,nan,nan,nan,nan,nan,nan,nan,nan,nan,nan,nan,nan,nan,nan,nan,6.705539358600587536e-03,nan,nan,nan,-5.830903790087216265e-04,nan,nan,5.247813411078739235e-03,nan
nan,1.463414634146340508e-02,nan,nan,nan,nan,nan,-6.097560975609784065e-03,nan,1.402439024390242893e-02,nan,nan,nan,nan,nan,nan,-8.231707317073211003e-03,nan,1.219512195121930185e-03,nan,nan,nan,-9.146341463414664821e-03,nan,-3.048780487804902874e-03,nan,nan,-1.524390243902451437e-03,nan,nan,nan,nan,nan,nan,nan,nan,nan,nan,nan,nan,nan,nan,nan,nan,nan,nan,nan,nan,nan,nan,nan,nan,nan,nan,nan,nan,2.743902439024381405e-03,nan,nan,nan,nan,nan,nan,6.097560975609316990e-04,nan
nan,-6.213017751479288017e-03,nan,nan,nan,nan,nan,nan,nan,-5.029585798816604489e-03,nan,nan,nan,-2.958579881656797726e-03,nan,nan,nan,nan,nan,-7.692307692307687531e-03,nan,nan,nan,nan,nan,nan,nan,nan,-1.301775147928994035e-02,nan,nan,nan,-9.171597633136085309e-03,nan,nan,nan,-7.396449704142038332e-03,nan,nan,nan,-4.142011834319525923e-03,nan,nan,nan,nan,nan,nan,nan,nan,nan,nan,nan,nan,nan,nan,nan,-1.183431952662750098e-03,nan,nan,nan,-4.733727810650889371e-03,nan,nan,nan,nan
nan,nan,nan,-2.339181286549685095e-03,nan,nan,nan,nan,-2.923976608186995780e-04,5.847953216374657259e-04,nan,nan,nan,-1.052631578947367183e-02,nan,nan,nan,nan,-1.081871345029241684e-02,nan,nan,nan,nan,nan,nan,nan,nan,-1.520467836257308712e-02,nan,nan,nan,nan,nan,nan,nan,nan,nan,nan,nan,nan,nan,nan,nan,nan,nan,nan,nan,nan,nan,nan,nan,nan,1.461988304093564351e-03,nan,nan,nan,4.093567251462015485e-03,nan,-2.631578947368407115e-03,nan,1.169590643274842547e-03,nan,nan,nan,nan
nan,nan,nan,1.183431952662661411e-03,nan,nan,nan,nan,nan,1.479289940828376528e-03,nan,nan,-2.662721893491148961e-03,nan,nan,nan,nan,nan,6.804733727810608097e-03,5.917159763312973119e-04,nan,nan,nan,nan,nan,2.958579881656775608e-03,1.183431952662661411e-03,nan,nan,nan,nan,nan,nan,nan,nan,nan,nan,nan,nan,nan,nan,nan,nan,nan,nan,nan,nan,nan,nan,nan,nan,-1.479289940828443315e-03,-5.325443786982275371e-03,nan,nan,nan,nan,nan,nan,nan,nan,nan,nan,nan,6.213017751479266333e-03
nan,-5.507246376811658628e-03,nan,-1.159420289855075427e-02,nan,nan,nan,nan,-4.347826086956563425e-03,nan,nan,nan,nan,nan,nan,nan,nan,nan,1.739130434782576451e-03,nan,nan,nan,nan,nan,nan,nan,1.449275362318802650e-03,-2.898550724637716323e-03,nan,nan,nan,nan,-1.159420289855075427e-02,nan,nan,nan,-4.347826086956585109e-03,nan,nan,nan,nan,nan,nan,nan,nan,-6.956521739130461061e-03,nan,nan,nan,nan,nan,-6.666666666666709595e-03,nan,nan,nan,nan,nan,nan,nan,nan,nan,nan,nan,nan,nan
nan,nan,nan,nan,nan,nan,nan,nan,nan,nan,nan,nan,nan,nan,nan,nan,-3.230543318649115123e-03,nan,nan,nan,nan,nan,nan,nan,-2.936857562408689898e-04,-2.055800293685772304e-03,4.405286343612280567e-03,-3.817914831130741864e-03,-3.524229074889895317e-03,7.342143906020481489e-03,2.936857562408135003e-03,nan,nan,nan,nan,nan,nan,nan,nan,nan,nan,nan,nan,nan,nan,nan,nan,nan,nan,nan,nan,nan,nan,nan,nan,nan,nan,nan,nan,nan,-4.111600587371566293e-03,nan,nan,nan,9.397944199706275911e-03
nan,nan,nan,nan,nan,nan,nan,nan,nan,nan,nan,nan,-7.749627421758531129e-03,nan,nan,nan,nan,nan,nan,-1.222056631892691828e-02,-1.698956780923990134e-02,-1.371087928464973481e-02,-1.609538002980621593e-02,-1.669150521609534879e-02,-1.549925484351710736e-02,nan,nan,nan,nan,nan,nan,nan,nan,nan,nan,nan,nan,nan,nan,nan,nan,nan,nan,nan,nan,nan,nan,nan,nan,nan,nan,nan,nan,nan,nan,nan,nan,nan,nan,nan,-4.470938897168342044e-03,nan,nan,9.239940387481392764e-03,2.220446049250313204e-17
nan,-2.028985507246327917e-03,nan,-5.217391304347773588e-03,nan,nan,nan,nan,nan,-9.275362318840563863e-03,nan,nan,-9.275362318840563863e-03,nan,nan,nan,nan,nan,nan,nan,nan,nan,nan,nan,nan,nan,4.347826086956540874e-03,nan,nan,nan,nan,nan,nan,nan,nan,nan,-1.014492753623186250e-02,nan,nan,nan,nan,nan,nan,nan,nan,5.217391304347862926e-03,nan,nan,nan,nan,nan,nan,-9.855072463768089347e-03,3.768115942028993273e-03,nan,nan,6.956521739130461061e-03,nan,nan,nan,nan,nan,nan,nan,nan
nan,nan,nan,nan,nan,nan,nan,nan,nan,nan,-4.012345679012363324e-03,nan,nan,-1.820987654320984500e-02,nan,nan,nan,nan,-8.024691358024704096e-03,-1.049382716049382901e-02,-8.950617283950657380e-03,-4.012345679012363324e-03,-9.259259259259277827e-03,-1.141975308641975974e-02,nan,nan,nan,nan,nan,nan,nan,nan,nan,nan,nan,nan,nan,nan,nan,nan,nan,nan,nan,nan,nan,nan,nan,nan,nan,nan,nan,nan,nan,nan,nan,nan,nan,nan,-8.024691358024726648e-03,nan,nan,nan,nan,nan,-4.012345679012363324e-03
nan,nan,nan,nan,nan,nan,nan,nan,nan,nan,-4.938271604938293188e-03,nan,nan,-1.265432098765428837e-02,nan,nan,nan,nan,-5.555555555555558370e-03,-8.641975308641991829e-03,-8.641975308641946726e-03,-2.777777777777790027e-03,-1.265432098765431092e-02,-1.111111111111111674e-02,nan,nan,nan,nan,nan,nan,nan,nan,nan,nan,nan,nan,nan,nan,nan,nan,nan,nan,nan,nan,nan,nan,nan,nan,nan,nan,nan,nan,nan,nan,nan,nan,nan,nan,-8.024691358024683280e-03,nan,nan,nan,nan,nan,-6.790123456790153784e-03
nan,-1.013412816691503480e-02,nan,-3.099850968703425982e-02,nan,nan,nan,nan,-2.533532041728758788e-02,nan,nan,nan,nan,nan,-6.557377049180334802e-03,nan,nan,nan,nan,nan,nan,nan,nan,nan,nan,nan,nan,nan,nan,nan,nan,nan,-2.921013412816688554e-02,nan,nan,nan,-2.473919523099847931e-02,nan,nan,nan,-5.365126676602072556e-03,nan,nan,nan,nan,nan,nan,nan,nan,nan,nan,-3.040238450074510615e-02,nan,nan,2.980625931445990634e-04,nan,2.980625931445990634e-04,nan,nan,nan,nan,nan,nan,nan,nan
nan,nan,nan,nan,nan,nan,nan,nan,nan,nan,nan,nan,nan,nan,-1.411411411411414053e-02,nan,-2.042042042042045008e-02,-1.321321321321327139e-02,-9.309309309309333341e-03,-8.708708708708722684e-03,-1.051051051051050608e-02,nan,-1.891891891891894772e-02,nan,nan,nan,nan,nan,nan,nan,nan,nan,nan,nan,nan,nan,nan,nan,nan,nan,nan,nan,nan,nan,nan,nan,nan,nan,nan,nan,nan,nan,nan,nan,5.405405405405372746e-03,nan,-9.009009009009139252e-04,nan,nan,nan,-2.102102102102110411e-03,nan,nan,nan,nan
nan,nan,nan,nan,nan,nan,nan,nan,nan,nan,nan,nan,-9.635036496350401353e-03,nan,nan,nan,nan,nan,-8.467153284671579544e-03,-1.051094890510950730e-02,-5.839416058394997005e-04,-9.051094890510990448e-03,-1.343065693430660693e-02,-1.693430656934311745e-02,nan,nan,nan,nan,nan,nan,nan,nan,nan,nan,nan,nan,nan,nan,nan,nan,nan,nan,nan,nan,nan,nan,nan,nan,nan,nan,nan,nan,nan,nan,nan,nan,-5.839416058394553567e-04,nan,nan,nan,-4.087591240875964801e-03,nan,nan,nan,-5.547445255474525889e-03
nan,-3.016591251885358815e-03,nan,nan,nan,nan,-1.085972850678729174e-02,nan,nan,nan,nan,nan,nan,nan,nan,nan,nan,-1.055806938159877841e-02,-7.541478129713397038e-03,nan,nan,-6.938159879336325275e-03,nan,nan,nan,nan,nan,-1.327300150829562389e-02,nan,nan,nan,nan,nan,nan,nan,nan,4.826546003016574105e-03,nan,nan,nan,nan,nan,nan,nan,nan,-1.508295625942679408e-03,nan,nan,nan,nan,nan,nan,nan,nan,nan,nan,1.508295625942679408e-03,nan,nan,nan,-1.809954751131215289e-03,nan,nan,nan,nan
nan,nan,nan,nan,nan,nan,nan,nan,nan,nan,nan,nan,nan,nan,nan,nan,nan,nan,-1.426533523537742900e-03,-2.054208273894431169e-02,4.564907275320995161e-03,6.276747503566370949e-03,-1.084165477888725596e-02,nan,-1.569186875891579597e-02,nan,nan,nan,nan,-4.279600570613361840e-03,nan,nan,nan,nan,nan,nan,nan,nan,nan,-7.703281027104070047e-03,nan,nan,nan,nan,nan,nan,nan,nan,nan,nan,nan,nan,nan,nan,nan,nan,nan,nan,nan,nan,1.141226818830287605e-03,nan,nan,-5.135520684736017208e-03,nan
nan,3.254437869822446490e-03,nan,nan,nan,nan,nan,nan,nan,nan,-1.686390532544381621e-02,nan,nan,-1.272189349112429202e-02,nan,nan,nan,nan,nan,-1.804733727810656913e-02,nan,nan,-3.846153846153876725e-03,nan,nan,nan,nan,nan,nan,nan,nan,nan,nan,nan,nan,nan,nan,5.917159763313195380e-04,nan,nan,nan,nan,nan,nan,nan,nan,nan,nan,nan,nan,nan,nan,nan,nan,nan,nan,nan,nan,-1.656804733727812451e-02,nan,2.958579881656486560e-04,nan,nan,2.366863905325389174e-03,1.153846153846152002e-02
nan,nan,nan,nan,nan,nan,nan,nan,-7.407407407407373863e-03,nan,nan,nan,nan,nan,nan,nan,-1.866666666666665433e-02,nan,-1.748148148148147632e-02,-2.459259259259258951e-02,-1.748148148148149714e-02,nan,nan,nan,nan,nan,nan,nan,nan,nan,nan,nan,nan,nan,nan,nan,-8.592592592592596112e-03,nan,nan,nan,nan,nan,nan,nan,nan,nan,nan,nan,nan,nan,nan,nan,-7.111111111111134871e-03,nan,nan,nan,-7.407407407407395547e-03,nan,nan,nan,-1.155555555555556370e-02,nan,nan,nan,-4.740740740740756291e-03
-3.293413173652704005e-03,nan,nan,nan,nan,nan,nan,nan,nan,nan,nan,nan,nan,-1.077844311377247274e-02,nan,nan,-1.257485029940119681e-02,nan,-1.197604790419193321e-03,nan,nan,nan,-4.191616766467088154e-03,nan,-1.197604790419164525e-02,nan,nan,nan,nan,nan,nan,nan,nan,nan,nan,nan,nan,nan,nan,nan,nan,nan,nan,nan,nan,nan,nan,nan,nan,nan,nan,nan,nan,nan,nan,nan,nan,-3.892215568862300665e-03,4.191616766467021367e-03,nan,-5.389221556886258924e-03,nan,nan,6.586826347305363774e-03,nan
nan,nan,nan,nan,nan,nan,nan,nan,nan,nan,nan,nan,nan,-1.524663677130047058e-02,nan,nan,nan,-1.823617339312409019e-02,-1.136023916292976457e-02,nan,nan,nan,nan,nan,-1.883408071748880058e-02,nan,nan,nan,-1.165919282511214058e-02,6.875934230194303068e-03,nan,nan,-7.473841554559079378e-03,nan,nan,nan,nan,nan,nan,nan,nan,nan,nan,nan,nan,nan,nan,nan,nan,nan,nan,nan,nan,nan,nan,nan,5.979073243647214930e-03,nan,nan,nan,-1.793721973094175625e-03,nan,nan,4.783258594917771597e-03,nan
nan,nan,nan,nan,nan,nan,nan,nan,nan,nan,-1.167664670658681222e-02,nan,nan,-4.491017964071830973e-03,nan,-4.491017964071830973e-03,nan,nan,-1.497005988023958258e-03,nan,nan,nan,nan,nan,nan,nan,nan,-8.083832335329322466e-03,nan,nan,nan,nan,nan,nan,nan,nan,8.982035928144060499e-04,nan,nan,nan,nan,nan,nan,nan,nan,nan,nan,nan,nan,nan,nan,nan,nan,nan,nan,nan,2.694610778443151580e-03,nan,-8.083832335329322466e-03,nan,1.497005988023958258e-03,nan,nan,-1.197604790419126751e-03,nan
nan,-2.053571428571423357e-02,nan,-1.428571428571423496e-02,nan,nan,nan,nan,-1.071428571428567622e-02,-1.488095238095232808e-02,nan,nan,nan,nan,1.785714285714301488e-03,nan,nan,nan,nan,nan,nan,nan,nan,nan,nan,nan,-9.226190476190443412e-03,nan,nan,nan,nan,nan,nan,nan,nan,nan,nan,nan,nan,nan,nan,nan,nan,nan,nan,nan,nan,nan,nan,nan,nan,nan,-1.041666666666662966e-02,nan,7.142857142857205952e-03,nan,6.547619047619091144e-03,nan,nan,nan,-8.333333333333303727e-03,nan,nan,nan,nan
nan,-3.957382039573786696e-03,-7.305936073059316263e-03,-1.004566210045658783e-02,nan,nan,nan,nan,nan,-6.088280060882356615e-04,nan,nan,nan,nan,nan,nan,nan,nan,-5.175038051750369475e-03,nan,nan,nan,nan,nan,nan,nan,nan,nan,nan,nan,nan,-1.248097412480970655e-02,nan,nan,nan,nan,-2.435312024353075786e-03,nan,nan,nan,nan,nan,nan,nan,nan,nan,nan,nan,nan,nan,nan,nan,nan,nan,3.652968036529702367e-03,nan,1.035007610350080487e-02,nan,nan,nan,nan,nan,nan,nan,1.065449010654493343e-02
nan,nan,nan,-1.959564541213061270e-02,nan,nan,nan,nan,-2.488335925349920499e-02,-2.115085536547432060e-02,nan,nan,nan,nan,-8.398133748055980341e-03,nan,nan,nan,nan,nan,nan,nan,nan,nan,nan,nan,nan,nan,nan,nan,nan,nan,-2.115085536547432060e-02,nan,nan,nan,-2.457231726283044468e-02,nan,nan,nan,nan,nan,nan,nan,nan,nan,nan,nan,nan,nan,nan,nan,nan,-9.642301710730927927e-03,2.799377916018675003e-03,nan,8.087091757387265128e-03,nan,nan,nan,-3.421461897356148363e-03,nan,nan,nan,nan
nan,nan,-1.804733727810654484e-02,nan,nan,nan,nan,nan,nan,nan,nan,nan,nan,nan,nan,nan,nan,nan,-1.686390532544381621e-02,-1.715976331360948709e-02,nan,nan,-2.041420118343197782e-02,nan,nan,nan,nan,nan,nan,nan,nan,nan,nan,nan,nan,nan,nan,nan,nan,nan,nan,nan,-3.254437869822512843e-03,nan,nan,nan,nan,nan,nan,nan,nan,nan,nan,-1.804733727810652402e-02,nan,nan,nan,nan,nan,nan,-2.366863905325500197e-03,nan,-6.508875739645025686e-03,-4.733727810650911923e-03,-1.775147928994114197e-03
nan,nan,nan,nan,nan,nan,nan,nan,nan,nan,0.000000000000000000e+00,nan,nan,-1.147058823529407620e-02,nan,nan,nan,-6.470588235294094312e-03,-7.941176470588206734e-03,-4.411764705882337267e-03,-2.352941176470579789e-03,1.764705882352934950e-03,-9.999999999999963779e-03,nan,nan,nan,nan,nan,nan,nan,nan,nan,nan,nan,nan,nan,nan,nan,nan,nan,nan,nan,nan,nan,nan,nan,nan,nan,nan,nan,nan,nan,nan,nan,nan,nan,nan,nan,-2.058823529411757478e-03,nan,2.058823529411757478e-03,nan,nan,nan,nan
-9.425625920471270361e-03,nan,nan,nan,nan,nan,nan,nan,nan,nan,-3.240058910161991435e-03,nan,nan,-1.325478645066275815e-02,nan,nan,nan,nan,-7.952871870397615339e-03,5.891016200294529881e-04,-4.418262150220897411e-03,-3.829160530191444423e-03,-8.836524300441817373e-03,nan,nan,nan,nan,nan,nan,1.472754050073632470e-03,nan,nan,nan,nan,nan,nan,nan,nan,nan,nan,nan,nan,nan,nan,nan,nan,nan,nan,nan,nan,nan,nan,nan,nan,nan,nan,nan,nan,-1.119293078055960677e-02,nan,nan,nan,nan,nan,nan
nan,-6.794682422451958637e-03,nan,-5.908419497784089596e-04,nan,nan,nan,nan,nan,-2.067946824224509150e-03,nan,nan,-8.271787296898036601e-03,nan,nan,nan,nan,nan,nan,nan,nan,nan,nan,nan,nan,nan,-4.135893648449018301e-03,6.794682422452025423e-03,nan,nan,nan,nan,-8.862629246676023264e-04,nan,nan,nan,-4.431314623338233893e-03,nan,nan,nan,nan,nan,nan,nan,nan,nan,nan,nan,nan,nan,nan,nan,nan,4.431314623338322364e-03,nan,nan,3.545051698670631350e-03,nan,nan,nan,nan,nan,nan,nan,nan
nan,-2.023121387283244223e-03,nan,nan,nan,-1.445086705202314236e-03,nan,nan,nan,nan,nan,nan,5.202312138728326305e-03,nan,nan,nan,nan,nan,-3.468208092485536125e-03,-6.936416184971117352e-03,nan,nan,nan,nan,nan,nan,nan,nan,nan,nan,nan,nan,nan,nan,nan,nan,4.913294797687850143e-03,nan,nan,nan,nan,nan,nan,nan,nan,nan,6.936416184971117352e-03,nan,nan,nan,nan,nan,-2.890173410404539350e-04,-2.890173410404628471e-03,nan,nan,nan,nan,nan,nan,nan,nan,nan,nan,7.514450867052047123e-03
nan,-2.398800599700123739e-03,6.896551724137967368e-03,-8.995502248875242302e-04,nan,nan,nan,nan,nan,-5.397301349325300639e-03,nan,nan,8.995502248876130263e-04,nan,nan,nan,nan,nan,nan,nan,nan,nan,nan,nan,nan,nan,nan,nan,nan,nan,nan,nan,-2.398800599700123739e-03,nan,nan,nan,nan,nan,nan,nan,5.097451274362829569e-03,nan,nan,nan,nan,nan,nan,nan,nan,nan,nan,nan,-1.799100449775092913e-03,6.596701649175429512e-03,nan,nan,nan,nan,nan,nan,nan,5.997001499250398035e-03,nan,nan,nan
5.873715124816048395e-04,nan,nan,nan,nan,nan,nan,nan,nan,nan,2.936857562407579674e-04,nan,nan,nan,nan,nan,nan,5.873715124816048395e-04,2.055800293685705517e-03,4.992657856093929425e-03,8.516886930983801757e-03,1.086637298091037637e-02,2.349486049926530380e-03,nan,nan,nan,nan,nan,nan,nan,nan,nan,nan,nan,nan,nan,nan,nan,nan,nan,nan,nan,nan,nan,nan,nan,nan,nan,nan,nan,nan,nan,nan,nan,nan,nan,nan,nan,5.580029368575578283e-03,nan,2.936857562408179238e-03,nan,nan,nan,nan
nan,nan,nan,nan,nan,nan,nan,nan,nan,nan,nan,nan,nan,-7.385524372230434058e-03,nan,8.862629246676467787e-04,nan,-5.612998522895118816e-03,-5.612998522895096265e-03,-7.385524372230412374e-03,-2.363367799113724743e-03,4.431314623338233893e-03,-3.545051698670609232e-03,nan,nan,nan,nan,nan,nan,nan,nan,nan,nan,nan,nan,nan,nan,nan,nan,nan,nan,nan,nan,nan,nan,nan,nan,nan,nan,nan,nan,nan,nan,nan,nan,nan,nan,nan,-1.211225997045792778e-02,nan,nan,nan,nan,nan,1.477104874446077964e-03
nan,nan,nan,nan,nan,nan,nan,nan,nan,nan,nan,nan,nan,-1.411764705882359063e-02,nan,nan,nan,nan,-1.000000000000007480e-02,-1.205882352941181103e-02,-3.529411764705936254e-03,nan,-1.352941176470594600e-02,nan,nan,nan,nan,nan,nan,nan,nan,nan,nan,nan,nan,nan,nan,nan,-5.882352941176538161e-03,nan,nan,nan,nan,nan,nan,nan,nan,nan,nan,nan,nan,nan,nan,nan,nan,nan,-4.440892098500626408e-17,nan,nan,nan,-2.941176470588890979e-04,nan,nan,3.529411764705869901e-03,-2.352941176470646576e-03
nan,nan,nan,nan,nan,nan,nan,-1.741741741741742455e-02,nan,nan,nan,nan,nan,nan,nan,nan,-1.021021021021024586e-02,-1.381381381381381265e-02,-5.105105105105112520e-03,nan,nan,-6.006006006006092473e-04,nan,nan,nan,nan,nan,-1.021021021021022504e-02,nan,nan,nan,nan,nan,nan,nan,nan,nan,nan,nan,nan,nan,nan,nan,nan,nan,nan,nan,nan,nan,nan,nan,nan,nan,nan,nan,nan,8.408408408408396539e-03,1.501501501501501055e-03,nan,nan,3.903903903903893809e-03,nan,nan,4.804804804804785508e-03,nan
nan,nan,nan,-1.201201201201196377e-03,-2.492492492492490858e-02,nan,nan,nan,nan,nan,nan,nan,nan,nan,-1.351351351351350906e-02,nan,nan,nan,nan,nan,nan,nan,nan,nan,nan,nan,nan,-1.501501501501503223e-02,-1.561561561561559605e-02,-4.804804804804762956e-03,nan,nan,nan,nan,nan,nan,nan,nan,nan,nan,nan,nan,nan,nan,nan,nan,nan,nan,nan,nan,nan,nan,nan,nan,6.906906906906917602e-03,nan,nan,nan,nan,nan,-4.204204204204175718e-03,-2.222222222222223348e-02,nan,nan,9.309309309309333341e-03
nan,nan,nan,nan,nan,nan,nan,nan,nan,nan,-5.571847507331373524e-03,nan,nan,-1.173020527859236451e-03,nan,nan,nan,nan,-4.692082111436945806e-03,8.797653958944273928e-04,-2.932551319648091129e-04,2.932551319648091129e-04,-6.451612903225800374e-03,-1.348973607038122038e-02,nan,nan,nan,nan,nan,nan,nan,nan,0.000000000000000000e+00,nan,nan,nan,nan,nan,nan,nan,nan,nan,nan,nan,nan,nan,nan,nan,nan,nan,nan,nan,nan,nan,nan,nan,nan,nan,-3.225806451612900187e-03,nan,nan,nan,nan,nan,nan
nan,nan,nan,-5.349182763744408931e-03,nan,nan,nan,-9.509658246656726988e-03,0.000000000000000000e+00,nan,nan,nan,nan,nan,nan,nan,nan,nan,5.943536404160454367e-04,nan,nan,nan,nan,nan,-1.188707280832095384e-02,nan,nan,-2.674591381872204465e-03,nan,nan,nan,nan,-1.188707280832090873e-03,nan,nan,nan,5.943536404160454367e-03,nan,nan,nan,nan,nan,nan,nan,nan,-8.915304606240681551e-04,nan,nan,nan,nan,nan,nan,nan,nan,nan,nan,3.566121842496272620e-03,nan,nan,nan,nan,nan,nan,nan,nan
nan,0.000000000000000000e+00,nan,nan,nan,nan,nan,nan,nan,nan,nan,nan,nan,nan,-2.662721893491126843e-03,nan,nan,nan,nan,nan,nan,nan,nan,nan,nan,nan,nan,nan,nan,nan,nan,nan,-8.284023668639051846e-03,nan,nan,nan,3.254437869822468608e-03,nan,nan,nan,2.071005917159785079e-03,nan,nan,nan,nan,-3.846153846153876725e-03,nan,nan,nan,nan,nan,nan,1.183431952662727981e-03,1.775147928994091863e-03,nan,nan,7.396449704142016648e-03,nan,nan,nan,3.846153846153854607e-03,nan,nan,nan,nan
nan,2.949852507374628625e-03,1.474926253687303037e-03,-1.622418879056048910e-02,nan,nan,nan,nan,nan,nan,nan,nan,nan,nan,nan,nan,nan,nan,nan,nan,nan,nan,nan,nan,nan,nan,nan,nan,nan,nan,nan,nan,-1.327433628318586134e-02,nan,nan,nan,-1.209439528023601405e-02,nan,nan,nan,4.424778761061909545e-03,nan,nan,nan,nan,5.899705014749345939e-04,nan,nan,nan,nan,nan,-1.474926253687325372e-03,nan,nan,nan,nan,1.297935103244833924e-02,nan,nan,nan,-4.719764011799432515e-03,nan,nan,nan,nan
nan,-8.618127786032658832e-03,nan,-1.545319465081722646e-02,nan,nan,nan,nan,nan,nan,nan,nan,nan,nan,nan,nan,nan,nan,nan,nan,nan,nan,nan,nan,nan,nan,-5.646359583952454200e-03,nan,nan,nan,nan,nan,nan,nan,nan,nan,-1.753343239227343059e-02,-4.457652303120340775e-03,nan,nan,nan,2.971768202080227184e-03,nan,nan,2.971768202080227184e-03,-2.080237741456159029e-03,nan,nan,nan,nan,nan,-1.218424962852899737e-02,-7.726597325408613229e-03,nan,nan,nan,nan,nan,nan,nan,nan,nan,nan,nan,nan
nan,nan,-2.530120481927713300e-02,-1.084337349397590522e-02,-1.144578313253013027e-02,nan,nan,nan,nan,nan,nan,nan,nan,nan,-3.012048192771088484e-02,nan,nan,nan,nan,nan,nan,nan,-6.325301204819266769e-03,nan,nan,nan,nan,nan,-2.530120481927713300e-02,1.807228915662650870e-03,-2.409638554216868636e-02,nan,nan,nan,nan,nan,nan,nan,nan,nan,nan,nan,nan,nan,nan,nan,nan,nan,nan,nan,nan,nan,nan,nan,nan,nan,nan,nan,nan,nan,-6.325301204819311005e-03,nan,nan,-5.722891566265086820e-03,nan
nan,3.874813710879254722e-03,nan,nan,nan,nan,nan,nan,nan,-8.941877794336860596e-04,-1.430700447093891103e-02,nan,nan,nan,nan,nan,-1.311475409836071471e-02,nan,nan,-1.132637853949331960e-02,nan,nan,-1.639344262295085869e-02,nan,nan,nan,nan,nan,nan,nan,nan,nan,-7.451564828614065314e-03,nan,nan,nan,5.067064083457495718e-03,nan,nan,nan,nan,nan,nan,nan,nan,nan,nan,nan,nan,nan,nan,nan,nan,nan,nan,nan,-5.961251862891247914e-03,nan,-1.490312965722804216e-02,nan,nan,nan,nan,nan,nan
nan,nan,-7.256894049346840694e-03,nan,nan,nan,nan,nan,nan,nan,nan,nan,nan,-7.547169811320686254e-03,nan,nan,-9.869375907111699667e-03,nan,nan,nan,nan,nan,nan,nan,nan,-1.335268505079820721e-02,4.644412191582025957e-03,-2.322206095790968310e-03,-5.805515239477476719e-03,1.741654571843298440e-03,nan,nan,nan,nan,nan,nan,nan,nan,nan,nan,nan,nan,nan,nan,nan,nan,nan,nan,nan,nan,nan,nan,nan,nan,nan,nan,nan,1.451378809869407994e-03,nan,nan,-4.063860667634200396e-03,nan,nan,nan,nan
nan,7.738095238095299075e-03,nan,nan,nan,-1.994047619047616474e-02,nan,nan,1.011904761904767157e-02,nan,nan,nan,nan,nan,-8.928571428571396851e-03,nan,nan,nan,nan,nan,nan,nan,nan,nan,nan,nan,nan,nan,nan,-2.499999999999997710e-02,nan,nan,nan,nan,nan,nan,nan,6.547619047619068593e-03,-2.678571428571419055e-03,nan,nan,nan,nan,nan,nan,nan,nan,nan,nan,nan,nan,nan,nan,nan,nan,nan,-1.726190476190472139e-02,nan,nan,nan,-6.249999999999955244e-03,nan,nan,-1.339285714285709528e-02,nan
-2.020202020202033211e-03,nan,nan,nan,nan,nan,nan,nan,nan,nan,-6.349206349206349201e-03,nan,nan,4.329004329004337674e-03,nan,nan,nan,nan,nan,-1.327561327561326346e-02,nan,nan,nan,nan,nan,nan,nan,nan,-2.886002886002936416e-04,-9.523809523809512526e-03,nan,nan,nan,nan,nan,nan,nan,4.329004329004337674e-03,nan,nan,nan,nan,nan,nan,nan,nan,nan,nan,nan,nan,nan,nan,nan,nan,nan,nan,nan,-4.040404040404022186e-03,-1.067821067821066519e-02,nan,-2.308802308802327015e-03,nan,nan,nan,nan
nan,-1.178203240058905976e-03,nan,2.356406480117856188e-03,nan,nan,nan,nan,nan,nan,nan,nan,nan,nan,nan,nan,3.829160530191488658e-03,nan,nan,nan,nan,nan,nan,nan,nan,nan,-5.891016200294529881e-03,-1.296023564064796574e-02,-9.425625920471247809e-03,nan,nan,-1.178203240058905976e-02,nan,nan,nan,nan,nan,nan,nan,nan,nan,nan,nan,nan,nan,nan,nan,nan,nan,nan,nan,nan,nan,nan,nan,nan,1.443298969072170923e-02,nan,nan,nan,5.596465390279870174e-03,nan,nan,1.266568483063335027e-02,nan
nan,-2.998500749625154674e-04,nan,-1.049475262368813021e-02,nan,nan,nan,nan,nan,nan,nan,nan,-2.998500749625176900e-03,nan,nan,nan,nan,-9.895052473763122150e-03,-4.797601199400291713e-03,nan,-9.895052473763122150e-03,nan,nan,nan,nan,nan,nan,nan,nan,nan,nan,nan,nan,nan,nan,nan,nan,nan,nan,nan,-1.079460269865066893e-02,nan,nan,nan,nan,-6.596701649175406960e-03,-2.098950524737630552e-03,nan,nan,nan,nan,-4.197901049475238552e-03,nan,nan,nan,nan,nan,nan,nan,nan,nan,nan,nan,nan,nan
nan,nan,nan,nan,nan,nan,nan,nan,nan,nan,nan,nan,nan,nan,nan,nan,2.643171806167399045e-03,5.873715124816491833e-04,8.810572687224672156e-03,-5.873715124816491833e-04,7.342143906020548276e-03,nan,nan,nan,nan,nan,nan,nan,nan,nan,nan,nan,nan,nan,nan,nan,nan,nan,nan,nan,8.810572687224672156e-03,nan,nan,nan,nan,nan,nan,-2.055800293685772304e-03,nan,-8.810572687224692973e-03,nan,nan,nan,-1.497797356828196522e-02,nan,nan,nan,nan,nan,nan,nan,-1.027900146842877262e-02,nan,nan,nan
nan,2.941176470588224845e-03,nan,nan,nan,nan,nan,nan,3.823529411764692212e-03,5.882352941176449473e-04,nan,nan,3.529411764705869901e-03,nan,nan,nan,nan,nan,nan,1.176470588235289895e-03,3.823529411764692212e-03,4.117647058823514956e-03,2.941176470588224845e-03,4.705882352941159578e-03,nan,nan,nan,nan,nan,nan,nan,nan,nan,nan,nan,nan,nan,nan,nan,nan,nan,nan,nan,nan,nan,nan,nan,nan,nan,nan,nan,nan,nan,2.352941176470579789e-03,nan,nan,nan,nan,nan,nan,nan,nan,nan,nan,nan
nan,nan,nan,-6.616541353383476216e-03,nan,nan,nan,nan,nan,nan,nan,nan,-4.210526315789486600e-03,nan,nan,nan,nan,nan,nan,-1.353383458646617576e-02,-9.022556390977598756e-04,nan,-1.834586466165413071e-02,nan,nan,nan,-5.112781954887224249e-03,nan,nan,-8.120300751879727316e-03,nan,nan,nan,nan,nan,nan,nan,nan,nan,-1.022556390977444850e-02,nan,nan,nan,nan,nan,nan,nan,nan,nan,nan,nan,nan,nan,nan,nan,nan,nan,nan,nan,nan,-2.406015037593989183e-03,nan,nan,nan,-7.819548872180458882e-03
nan,nan,nan,-2.034383954154734761e-02,nan,nan,nan,nan,nan,nan,nan,nan,-2.464183381088831323e-02,nan,nan,nan,nan,nan,nan,nan,nan,nan,nan,nan,nan,nan,nan,-6.017191977077418832e-03,nan,nan,nan,nan,nan,nan,nan,nan,-1.805157593123216803e-02,nan,-1.289398280802298534e-02,nan,nan,nan,nan,nan,nan,nan,nan,nan,nan,nan,nan,-2.578796561604590476e-02,-2.206303724928373317e-02,nan,nan,nan,2.034383954154723659e-02,nan,nan,nan,-6.017191977077418832e-03,nan,nan,1.919770773638964506e-02,nan
nan,nan,nan,nan,nan,nan,nan,nan,nan,nan,nan,nan,nan,nan,nan,nan,-5.856515373352810978e-03,nan,nan,nan,nan,nan,nan,nan,-4.978038067349865869e-03,-9.077598828696875968e-03,8.784773060029671182e-04,-2.928257686676394213e-03,-4.099560761346964996e-03,1.171303074670637569e-03,-2.049780380673471656e-03,nan,nan,nan,nan,nan,nan,nan,nan,nan,nan,nan,nan,nan,nan,nan,nan,nan,nan,nan,nan,nan,nan,nan,nan,nan,nan,nan,nan,nan,-2.342606149341097763e-03,nan,nan,nan,4.685212298682328233e-03
nan,nan,nan,-2.061855670103085458e-03,nan,nan,nan,nan,nan,nan,nan,nan,nan,nan,nan,nan,nan,nan,nan,-6.480117820323982869e-03,-5.007363770250350399e-03,-2.650957290132538446e-03,-4.712812960235623905e-03,-5.596465390279803387e-03,-8.247422680412364385e-03,nan,nan,nan,nan,nan,nan,nan,nan,nan,nan,nan,-2.650957290132538446e-03,nan,nan,nan,nan,nan,nan,nan,nan,nan,nan,nan,nan,nan,nan,nan,nan,nan,nan,nan,nan,nan,nan,nan,-2.650957290132538446e-03,nan,nan,nan,2.061855670103085458e-03
nan,nan,nan,nan,nan,nan,nan,nan,nan,nan,2.686567164179099083e-03,nan,nan,1.820895522388059698e-02,nan,nan,nan,nan,1.850746268656717694e-02,nan,nan,8.656716417910459774e-03,nan,nan,nan,nan,nan,nan,nan,-1.313432835820895796e-02,nan,nan,nan,nan,nan,nan,nan,nan,nan,nan,nan,nan,nan,nan,nan,nan,nan,nan,nan,nan,nan,nan,nan,nan,nan,nan,nan,-1.492537313432837874e-02,-1.671641791044777697e-02,1.791044776119399317e-03,-2.985074626865591441e-04,nan,nan,nan,1.492537313432833537e-02
nan,-3.259259259259206145e-03,nan,nan,nan,nan,nan,nan,nan,nan,nan,nan,nan,nan,nan,nan,nan,nan,nan,-2.844444444444438336e-02,-8.296296296296268649e-03,-7.999999999999941186e-03,-1.866666666666663005e-02,-3.081481481481476020e-02,-2.074074074074068116e-02,nan,nan,nan,nan,-9.481481481481424112e-03,nan,nan,nan,nan,nan,nan,nan,nan,nan,nan,nan,nan,nan,nan,nan,nan,nan,nan,nan,nan,nan,nan,nan,nan,nan,nan,nan,nan,nan,nan,-1.037037037037029721e-02,nan,nan,-6.222222222222173298e-03,nan
nan,nan,nan,nan,nan,nan,nan,nan,nan,nan,nan,nan,nan,nan,-4.864091559370553423e-03,nan,nan,-1.201716738197424784e-02,-1.459227467811161603e-02,-1.773962804005724259e-02,nan,-8.583690987124415351e-04,nan,nan,nan,nan,nan,nan,nan,nan,nan,nan,nan,nan,-1.173104434907010739e-02,nan,nan,nan,nan,nan,nan,nan,-3.719599427753949965e-03,nan,nan,nan,nan,nan,nan,nan,nan,nan,nan,nan,-3.719599427753949965e-03,nan,1.430615164520743264e-03,nan,nan,nan,-5.722460658082994742e-03,nan,nan,nan,nan
nan,4.440892098500626408e-17,nan,-1.501501501501478720e-03,nan,nan,nan,nan,-2.102102102102065741e-03,nan,nan,nan,nan,nan,nan,nan,nan,nan,-3.003003003002957440e-03,nan,nan,nan,nan,nan,nan,nan,-4.804804804804762956e-03,nan,nan,nan,nan,nan,nan,nan,nan,nan,nan,nan,nan,nan,6.006006006006048455e-03,nan,nan,nan,nan,-3.303303303303262335e-03,nan,nan,nan,nan,nan,-6.006006006005649035e-04,nan,nan,nan,nan,8.408408408408441642e-03,nan,nan,nan,-3.003003003002824517e-04,nan,nan,nan,nan
nan,-4.848484848484791235e-03,nan,-1.242424242424240363e-02,nan,nan,nan,nan,nan,nan,nan,nan,nan,nan,nan,nan,nan,nan,nan,nan,nan,nan,nan,nan,nan,nan,-1.999999999999997266e-02,nan,nan,nan,nan,-2.424242424242422159e-02,-1.303030303030301360e-02,nan,nan,nan,nan,nan,nan,-1.666666666666667337e-02,nan,nan,nan,nan,nan,nan,nan,nan,nan,nan,nan,-1.666666666666662827e-02,nan,nan,nan,nan,3.939393939393953485e-03,nan,nan,nan,-1.848484848484850326e-02,nan,nan,3.030303030303071934e-03,nan
nan,nan,2.976190476190487735e-03,nan,nan,-1.845238095238090764e-02,nan,nan,-1.190476190476186247e-03,nan,nan,nan,nan,nan,nan,nan,nan,nan,nan,-3.005952380952376865e-02,nan,nan,nan,nan,nan,nan,nan,nan,nan,-1.994047619047611963e-02,nan,nan,-2.678571428571419055e-03,nan,nan,nan,nan,nan,nan,-3.095238095238093262e-02,nan,nan,nan,nan,nan,nan,nan,nan,nan,nan,nan,nan,nan,nan,nan,nan,-1.041666666666660711e-02,nan,nan,nan,-1.279761904761900215e-02,nan,nan,-9.523809523809489974e-03,nan
nan,nan,nan,nan,nan,nan,nan,nan,nan,nan,nan,nan,nan,nan,-9.606986899563319318e-03,nan,nan,nan,nan,-2.358078602620086034e-02,-4.366812227074223438e-03,nan,-1.251819505094611297e-02,nan,nan,nan,nan,nan,nan,nan,nan,nan,nan,nan,nan,nan,nan,nan,nan,-1.397379912663756531e-02,nan,nan,-3.784570596797665228e-03,nan,nan,nan,nan,nan,nan,nan,nan,nan,nan,nan,nan,nan,2.911208151382815770e-03,nan,nan,nan,-6.986899563318748826e-03,nan,-8.733624454148469426e-03,nan,-1.164483260553139622e-03
nan,nan,nan,-2.014598540145988784e-02,nan,nan,nan,nan,-1.897810218978108684e-02,-1.226277372262776257e-02,nan,nan,nan,nan,-5.255474452554786610e-03,nan,nan,nan,-1.109489051094894076e-02,nan,nan,nan,nan,nan,nan,nan,-7.007299270073019323e-03,-1.080291970802922316e-02,nan,nan,nan,nan,nan,nan,nan,nan,-1.810218978102193926e-02,nan,nan,nan,nan,nan,nan,nan,nan,nan,nan,nan,nan,nan,nan,nan,nan,nan,nan,nan,-4.087591240875943117e-03,nan,nan,nan,-1.401459854014601783e-02,nan,nan,nan,nan
nan,nan,nan,nan,nan,nan,nan,nan,nan,nan,2.067946824224487033e-03,nan,nan,7.090103397341174229e-03,nan,1.270310192023627049e-02,6.203840472673527451e-03,nan,nan,-7.385524372230500845e-03,nan,nan,5.612998522895096265e-03,nan,nan,nan,nan,nan,nan,nan,nan,nan,nan,nan,nan,nan,nan,nan,nan,-8.567208271787340665e-03,nan,nan,nan,nan,nan,nan,nan,4.135893648449018301e-03,nan,nan,nan,nan,nan,nan,nan,nan,nan,nan,-3.545051698670631350e-03,nan,-4.135893648449085087e-03,nan,nan,nan,nan
nan,nan,nan,nan,nan,nan,nan,nan,nan,-1.066666666666666805e-02,nan,nan,nan,nan,-1.451851851851853129e-02,-8.888888888888901024e-03,nan,nan,nan,nan,nan,nan,nan,nan,nan,-1.985185185185187745e-02,-1.125925925925925705e-02,-2.459259259259258951e-02,-2.311111111111114821e-02,nan,nan,nan,-8.592592592592596112e-03,nan,nan,nan,nan,nan,nan,nan,nan,nan,nan,nan,nan,nan,nan,nan,nan,nan,nan,nan,nan,nan,nan,nan,nan,nan,nan,nan,nan,-1.155555555555554115e-02,nan,nan,1.481481481481483576e-03
nan,-1.482558139534886389e-02,nan,-1.046511627906978638e-02,nan,nan,nan,nan,-9.302325581395366055e-03,-6.686046511627919027e-03,nan,nan,nan,nan,nan,nan,nan,nan,nan,nan,nan,nan,nan,nan,nan,nan,-8.139534883720943997e-03,nan,nan,nan,nan,nan,nan,nan,nan,nan,-2.034883720930235999e-03,nan,nan,nan,-4.651162790697683028e-03,nan,nan,nan,nan,-7.848837209302340218e-03,nan,nan,nan,nan,nan,nan,-3.779069767441867352e-03,nan,nan,nan,2.906976744186051892e-04,nan,nan,nan,nan,nan,nan,nan,nan
nan,nan,nan,nan,nan,nan,nan,nan,nan,nan,nan,nan,nan,-7.361963190184050813e-03,nan,nan,nan,nan,nan,-4.907975460122671052e-03,6.748466257668739483e-03,5.214723926380404780e-03,-5.828220858895694426e-03,-4.601226993865026663e-03,nan,nan,nan,nan,nan,nan,nan,nan,nan,nan,nan,nan,nan,nan,nan,nan,nan,nan,nan,nan,nan,nan,nan,nan,nan,nan,nan,nan,nan,nan,nan,nan,nan,-6.441717791411028307e-03,-1.840490797546001644e-03,nan,4.294478527607381406e-03,nan,nan,nan,3.067484662576669407e-04
nan,-8.474576271186196486e-04,nan,-3.107344632768338326e-03,nan,nan,nan,nan,-1.638418079096044463e-02,-4.519774011299415237e-03,nan,nan,-1.242937853107344351e-02,nan,nan,nan,nan,nan,nan,nan,nan,nan,nan,nan,nan,nan,nan,1.129943502824870506e-03,nan,nan,nan,nan,nan,nan,nan,nan,-1.638418079096044463e-02,nan,nan,nan,nan,nan,nan,nan,nan,nan,nan,nan,nan,nan,2.203389830508479738e-02,nan,nan,1.327683615819210718e-02,nan,nan,4.519774011299437788e-03,nan,nan,nan,nan,nan,nan,nan,nan
nan,2.902757619738771753e-03,nan,nan,-1.741654571843252036e-02,nan,nan,nan,nan,nan,-3.483309143686485858e-03,nan,nan,-1.103047895500723977e-02,-6.386066763425258044e-03,nan,nan,nan,nan,nan,nan,nan,nan,nan,nan,nan,nan,nan,-3.483309143686485858e-03,-8.127721335268489264e-03,nan,nan,nan,nan,nan,nan,nan,nan,nan,nan,nan,nan,nan,nan,nan,nan,nan,nan,nan,nan,nan,nan,nan,nan,nan,nan,nan,nan,-1.770682148040636505e-02,nan,nan,-1.567489114658924404e-02,nan,-1.277213352685049354e-02,nan
nan,5.908419497784756381e-04,nan,nan,nan,nan,nan,nan,nan,nan,nan,nan,nan,-1.240768094534707745e-02,nan,-1.654357459379611830e-02,nan,nan,nan,nan,nan,nan,nan,nan,nan,nan,nan,nan,nan,nan,nan,nan,-1.211225997045786186e-02,nan,nan,nan,-5.022156573116665079e-03,nan,nan,nan,nan,nan,nan,nan,nan,-4.431314623338211342e-03,nan,nan,nan,nan,nan,nan,-5.908419497784311858e-04,nan,-2.067946824224509150e-03,nan,3.840472673559846943e-03,nan,-3.840472673559780590e-03,nan,nan,nan,nan,nan,nan
nan,6.354009077155864035e-03,nan,1.180030257186082121e-02,nan,nan,nan,1.210287443267810039e-03,nan,nan,nan,nan,1.331316187594555611e-02,nan,nan,nan,nan,nan,nan,nan,nan,nan,nan,nan,nan,nan,6.051437216338895371e-03,-1.210287443267743469e-03,nan,nan,nan,-3.630862329803296977e-03,nan,nan,nan,nan,nan,nan,nan,nan,nan,nan,nan,nan,nan,nan,nan,nan,nan,nan,nan,nan,1.028744326777610886e-02,nan,nan,nan,9.984871406959205248e-03,nan,nan,nan,5.143721633888076114e-03,nan,nan,nan,nan
nan,nan,nan,nan,nan,nan,nan,nan,nan,nan,-4.301075268817245063e-03,nan,nan,-6.144393241167489354e-03,nan,nan,nan,nan,-2.764976958525378146e-03,-6.451612903225822926e-03,3.686635944700422662e-03,1.105990783410133391e-02,-6.144393241167467670e-03,nan,nan,nan,3.072196620583111828e-04,nan,nan,nan,nan,nan,nan,nan,nan,nan,nan,nan,nan,nan,nan,nan,nan,nan,nan,nan,nan,nan,nan,nan,nan,nan,nan,nan,nan,nan,nan,-3.072196620583778071e-03,nan,nan,nan,nan,nan,nan,5.529953917050622718e-03
nan,-1.203007518796992380e-02,nan,nan,nan,6.015037593984917663e-04,nan,nan,nan,-1.052631578947369438e-02,nan,nan,-5.714285714285716015e-03,nan,nan,nan,nan,nan,nan,nan,nan,nan,nan,-1.203007518796983533e-03,nan,nan,nan,nan,nan,nan,nan,nan,nan,nan,nan,nan,-9.323308270676710849e-03,nan,nan,nan,nan,nan,nan,nan,nan,nan,-5.714285714285738567e-03,nan,nan,nan,nan,nan,-1.503759398496240518e-02,nan,nan,nan,8.421052631578929831e-03,nan,nan,nan,nan,nan,nan,nan,1.082706766917294026e-02
nan,nan,nan,1.112737920937043566e-02,nan,nan,nan,-8.784773060029448920e-04,nan,nan,nan,nan,nan,-2.635431918008790224e-03,nan,nan,nan,nan,4.392386530014613655e-03,nan,nan,nan,2.342606149341141999e-03,nan,nan,nan,nan,nan,nan,nan,nan,-4.978038067349954340e-03,nan,-1.756954612005889784e-03,nan,nan,nan,nan,nan,nan,nan,nan,nan,nan,nan,nan,nan,nan,nan,nan,nan,nan,nan,nan,nan,nan,1.171303074670568788e-02,nan,4.392386530014636206e-03,nan,6.149341142020481321e-03,nan,nan,nan,nan
