nan,nan,nan,nan,nan,nan,nan,nan,nan,nan,nan,nan,nan,nan,nan,nan,nan,nan,-1.818181818181812195e-02,-3.496503496503455734e-03,-1.083916083916078819e-02,-1.853146853146849654e-02,-1.188811188811185124e-02,nan,nan,nan,nan,nan,nan,nan,nan,-1.643356643356639474e-02,nan,nan,nan,nan,nan,2.797202797202857916e-03,nan,nan,nan,nan,nan,nan,nan,nan,nan,nan,nan,nan,nan,nan,-4.195804195804164576e-03,nan,nan,nan,nan,nan,nan,nan,1.118881118881123217e-02,nan,nan,1.503496503496508721e-02,nan
nan,nan,nan,nan,-5.526770293609728837e-03,nan,nan,nan,nan,nan,nan,nan,nan,nan,nan,-9.671848013816975592e-03,nan,nan,nan,nan,nan,nan,nan,nan,-2.452504317789294674e-02,-1.174438687392058769e-02,-9.671848013816975592e-03,-1.347150259067360009e-02,-1.623488773747843242e-02,2.763385146804808908e-03,nan,nan,nan,nan,nan,nan,nan,nan,nan,nan,nan,nan,nan,nan,nan,nan,nan,1.036269430051772657e-03,nan,nan,nan,nan,nan,nan,nan,nan,nan,nan,nan,-4.835924006908509480e-03,nan,nan,nan,nan,nan
nan,nan,nan,nan,nan,nan,nan,nan,nan,nan,nan,nan,nan,nan,nan,nan,nan,nan,-2.500000000000004302e-02,7.191780821917803830e-03,-5.479452054794564826e-03,-1.643835616438360514e-02,-1.746575342465757005e-02,nan,nan,nan,nan,nan,nan,nan,nan,nan,nan,nan,nan,nan,nan,-1.232876712328769865e-02,nan,2.054794520547909009e-03,nan,nan,nan,nan,nan,nan,nan,nan,nan,nan,nan,nan,nan,nan,1.198630136986296099e-02,nan,nan,nan,nan,nan,nan,nan,8.219178082191747059e-03,nan,-2.397260273972645801e-03
nan,nan,-7.023411371237453342e-03,nan,nan,nan,nan,nan,-3.678929765886285001e-03,-5.016722408026752511e-03,nan,nan,nan,nan,nan,nan,nan,nan,nan,nan,nan,nan,nan,nan,nan,nan,nan,nan,-8.361204013377920852e-03,1.003344481605350502e-02,nan,-1.103678929765885587e-02,-1.137123745819397166e-02,nan,nan,nan,-3.010033444816051680e-03,nan,nan,-1.672240802675584170e-03,nan,nan,nan,nan,nan,nan,-3.678929765886285001e-03,nan,nan,nan,nan,nan,nan,nan,nan,nan,nan,nan,nan,nan,nan,nan,nan,nan,nan
nan,nan,nan,nan,nan,nan,nan,nan,nan,nan,nan,nan,nan,nan,nan,nan,nan,-3.676975945017180170e-02,-2.508591065292098410e-02,-8.247422680412386936e-03,-6.529209621993103951e-03,-2.920962199312715502e-02,-1.752577319587631660e-02,nan,-3.883161512027488715e-02,nan,nan,nan,nan,4.810996563573866069e-03,nan,nan,-2.233676975945020349e-02,nan,nan,nan,nan,nan,nan,nan,nan,nan,nan,nan,nan,nan,nan,nan,nan,nan,nan,nan,nan,nan,nan,nan,nan,nan,nan,-9.278350515463907114e-03,nan,nan,nan,nan,nan
nan,-3.475409836065575242e-02,nan,nan,nan,nan,nan,nan,nan,-3.704918032786885806e-02,nan,nan,nan,nan,nan,nan,nan,nan,nan,nan,nan,-2.327868852459018603e-02,nan,nan,nan,nan,nan,nan,nan,1.967213114754096191e-03,nan,nan,nan,nan,nan,nan,nan,nan,-1.278688524590165798e-02,nan,nan,-1.114754098360657385e-02,nan,nan,nan,nan,-1.081967213114753967e-02,-1.672131147540982868e-02,nan,nan,nan,nan,nan,-1.967213114754096191e-03,nan,nan,nan,nan,nan,-1.344262295081966041e-02,nan,nan,nan,nan,nan
nan,nan,-2.876480541455164047e-02,nan,nan,nan,nan,nan,nan,-1.928934010152287895e-02,nan,nan,-2.808798646362102927e-02,nan,-2.165820642978006846e-02,nan,nan,nan,nan,nan,nan,nan,nan,nan,nan,nan,nan,nan,nan,nan,nan,nan,nan,nan,nan,nan,-3.113367174280883345e-02,nan,nan,nan,nan,nan,nan,nan,nan,nan,nan,nan,nan,nan,nan,nan,nan,-1.049069373942474945e-02,nan,nan,1.218274111675123929e-02,nan,nan,nan,1.218274111675123929e-02,nan,nan,1.049069373942470608e-02,-1.962774957698820710e-02
nan,nan,nan,nan,nan,3.378378378378355147e-03,nan,nan,nan,nan,nan,nan,nan,nan,4.391891891891886064e-03,nan,nan,nan,nan,nan,-2.297297297297296037e-02,nan,nan,nan,nan,nan,nan,nan,nan,nan,nan,nan,nan,nan,nan,nan,nan,-1.351351351351353161e-02,nan,nan,nan,-8.108108108108158865e-03,nan,-2.702702702702697215e-03,nan,nan,nan,nan,nan,nan,2.027027027026995047e-03,nan,nan,nan,nan,nan,nan,nan,nan,nan,-1.182432432432434233e-02,nan,-1.520270270270271916e-02,-8.108108108108136314e-03,nan
nan,nan,nan,nan,nan,nan,nan,nan,nan,nan,nan,nan,nan,nan,nan,nan,nan,nan,-1.222410865874361610e-02,3.735144312393878698e-03,nan,nan,nan,nan,nan,nan,nan,nan,nan,nan,nan,nan,nan,nan,nan,nan,nan,5.093378607809872713e-03,-6.791171477079771882e-03,nan,nan,6.451612903225822926e-03,nan,nan,nan,nan,nan,nan,nan,nan,nan,nan,nan,nan,-2.207130730050930328e-02,nan,nan,nan,nan,nan,-2.342954159592529687e-02,nan,-1.154499151103565227e-02,-2.275042444821728793e-02,7.809847198641794823e-03
nan,nan,-3.428571428571434293e-02,nan,nan,nan,-2.554621848739502266e-02,nan,nan,nan,nan,-2.453781512605044540e-02,nan,nan,nan,nan,nan,nan,nan,-1.478991596638661379e-02,-1.210084033613452112e-02,nan,nan,-3.327731092436982813e-02,nan,nan,nan,nan,nan,-3.361344537815180895e-03,nan,nan,nan,nan,nan,nan,nan,nan,-6.722689075630316688e-03,nan,nan,nan,nan,nan,nan,nan,nan,nan,nan,nan,nan,nan,nan,nan,nan,nan,nan,nan,nan,nan,9.075630252100808440e-03,nan,nan,1.042016806722685304e-02,nan
nan,nan,nan,nan,nan,nan,nan,-5.432937181663844220e-03,nan,-3.395585738540152004e-04,nan,nan,-3.056027164685936985e-03,nan,nan,nan,nan,nan,nan,nan,nan,nan,nan,nan,nan,nan,nan,-4.753820033955880389e-03,nan,nan,nan,-7.809847198641773139e-03,-7.130730050933786757e-03,nan,5.432937181663844220e-03,nan,-4.753820033955857838e-03,nan,nan,nan,nan,nan,nan,nan,nan,nan,1.018675721561979140e-03,nan,nan,nan,nan,nan,nan,1.358234295415949779e-03,nan,nan,nan,nan,nan,nan,nan,nan,nan,nan,nan
nan,nan,nan,nan,nan,nan,nan,nan,nan,nan,nan,nan,nan,nan,nan,nan,nan,nan,-3.760683760683758425e-02,-1.401709401709399019e-02,-2.256410256410252765e-02,-3.111111111111108940e-02,-3.931623931623928758e-02,-3.555555555555554165e-02,nan,nan,nan,nan,nan,-1.025641025641021997e-02,nan,nan,nan,nan,nan,nan,nan,nan,-6.837606837606813748e-04,nan,nan,nan,nan,nan,nan,nan,nan,nan,nan,nan,nan,nan,nan,nan,nan,nan,nan,nan,nan,nan,7.863247863247902272e-03,nan,nan,3.418803418803406657e-03,nan
nan,nan,-1.704347826086953857e-02,nan,nan,-1.356521739130434057e-02,nan,nan,nan,-2.260869565217391713e-02,nan,nan,nan,nan,nan,nan,nan,nan,nan,nan,nan,nan,nan,nan,nan,-1.773913043478259066e-02,nan,nan,nan,nan,nan,nan,nan,nan,nan,nan,-2.330434782608692412e-02,nan,5.217391304347862926e-03,nan,nan,4.521739130434809968e-03,nan,nan,nan,nan,-8.695652173913015828e-03,nan,nan,nan,nan,nan,nan,nan,nan,nan,nan,nan,nan,nan,3.130434782608726603e-03,nan,nan,1.391304347826105483e-03,nan
nan,1.763668430335130297e-03,nan,nan,nan,nan,nan,nan,-2.186948853615517871e-02,nan,nan,nan,-2.081128747795413236e-02,nan,nan,nan,nan,nan,nan,nan,nan,nan,nan,nan,-8.465608465608443628e-03,nan,nan,nan,-8.465608465608443628e-03,nan,nan,nan,nan,nan,nan,nan,nan,nan,nan,nan,nan,nan,nan,nan,nan,nan,3.527336860670748811e-04,2.220446049250313204e-17,nan,nan,2.469135802469146594e-03,nan,nan,1.058201058201091449e-03,nan,nan,nan,nan,nan,-9.523809523809489974e-03,nan,nan,nan,nan,nan
nan,-2.711864406779662499e-03,nan,nan,nan,5.423728813559347550e-03,nan,nan,nan,-8.135593220338943263e-03,nan,nan,-9.830508474576249781e-03,6.101694915254296352e-03,nan,nan,nan,nan,nan,nan,nan,nan,nan,nan,nan,nan,nan,1.016949152542378967e-03,nan,9.491525423728840866e-03,nan,nan,nan,nan,nan,nan,-7.457627118644038697e-03,nan,nan,nan,nan,nan,nan,nan,nan,nan,4.440892098500626408e-17,nan,nan,nan,nan,nan,nan,nan,nan,nan,nan,nan,nan,1.016949152542423419e-03,nan,nan,nan,nan,nan
nan,-2.659932659932660176e-02,-8.417508417508434704e-03,nan,nan,nan,nan,nan,nan,-2.929292929292932543e-02,nan,nan,nan,nan,nan,nan,nan,nan,nan,1.683501683501686897e-03,nan,nan,nan,nan,nan,nan,nan,nan,nan,nan,nan,nan,nan,nan,nan,nan,-2.424242424242424240e-02,nan,7.407407407407418098e-03,nan,nan,1.144781144781146197e-02,nan,nan,nan,nan,-1.885521885521885752e-02,nan,nan,nan,nan,nan,-1.851851851851851055e-02,nan,nan,nan,nan,nan,nan,-3.367003367003240872e-04,nan,nan,nan,nan,nan
nan,-7.770270270270241211e-03,nan,nan,nan,nan,nan,nan,nan,nan,nan,-1.689189189189144180e-03,-1.216216216216212641e-02,nan,nan,nan,nan,nan,-6.081081081081030244e-03,8.108108108108113762e-03,2.702702702702741884e-03,-1.756756756756754426e-02,nan,nan,nan,nan,nan,nan,nan,1.418918918918921079e-02,nan,nan,nan,nan,nan,nan,nan,nan,nan,nan,nan,nan,nan,nan,nan,nan,nan,1.689189189189188632e-03,nan,nan,nan,nan,nan,nan,nan,nan,nan,nan,nan,3.716216216216250250e-03,nan,nan,nan,nan,nan
nan,nan,-2.157534246575336725e-02,nan,nan,nan,nan,nan,-1.335616438356157509e-02,-1.061643835616430352e-02,nan,nan,nan,nan,nan,nan,nan,nan,nan,nan,nan,nan,nan,nan,nan,nan,nan,nan,-1.883561643835609395e-02,-6.849315068493111273e-03,nan,nan,nan,nan,nan,nan,-1.986301369863006233e-02,nan,nan,nan,nan,3.082191780821963260e-03,nan,nan,nan,nan,-4.794520547945135477e-03,nan,nan,nan,nan,nan,nan,nan,nan,nan,nan,nan,nan,1.712328767123350026e-03,nan,nan,nan,nan,-6.849315068493111273e-03
nan,-4.572368421052632609e-02,nan,nan,nan,-1.677631578947371555e-02,nan,nan,-2.697368421052637188e-02,nan,nan,nan,nan,nan,nan,nan,nan,nan,nan,nan,nan,nan,nan,nan,nan,nan,nan,nan,nan,-5.592105263157898243e-03,nan,nan,nan,nan,nan,nan,nan,nan,-1.578947368421059622e-02,nan,nan,6.315789473684205180e-02,nan,-2.368421052631584228e-02,nan,nan,-3.684210526315793988e-02,-2.763157894736845144e-02,nan,nan,nan,nan,nan,nan,nan,nan,nan,nan,nan,-1.348684210526318594e-02,nan,nan,nan,nan,nan
nan,nan,nan,nan,nan,nan,nan,nan,nan,nan,nan,nan,nan,nan,nan,nan,-1.408934707903786165e-02,nan,nan,nan,nan,nan,nan,-1.340206185567016650e-02,-2.336769759450174622e-02,-1.718213058419248984e-02,-1.855670103092788015e-02,-2.646048109965637440e-02,-2.027491408934711803e-02,7.216494845360799104e-03,nan,nan,nan,nan,nan,nan,nan,nan,nan,nan,nan,nan,nan,nan,nan,nan,nan,nan,nan,nan,nan,nan,nan,nan,nan,nan,nan,9.278350515463884562e-03,nan,nan,nan,nan,nan,nan,2.405498281786910917e-03
nan,nan,nan,nan,nan,nan,nan,nan,nan,nan,nan,nan,-8.652246256239592634e-03,-1.930116472545759937e-02,nan,nan,-4.991680532445919027e-03,nan,nan,nan,nan,nan,nan,nan,nan,nan,-2.662229617304496740e-02,-2.595673876871886637e-02,-1.896838602329453671e-02,2.096505823627286061e-02,nan,nan,nan,nan,nan,nan,nan,nan,nan,nan,nan,nan,nan,nan,nan,nan,nan,nan,nan,nan,1.164725457570714440e-02,nan,nan,nan,nan,nan,nan,nan,nan,1.564059900166387893e-02,nan,nan,nan,nan,2.995008319467551416e-02
nan,nan,nan,nan,nan,nan,nan,nan,nan,nan,nan,nan,nan,nan,nan,nan,nan,nan,-1.720067453625630932e-02,6.745362563237766729e-03,nan,-1.517706576728496994e-02,nan,nan,nan,nan,nan,nan,nan,1.787521079258009779e-02,nan,nan,nan,nan,nan,nan,nan,-1.045531197301854433e-02,6.408094435075883770e-03,nan,nan,-7.082630691399671372e-03,nan,nan,nan,nan,nan,nan,nan,nan,nan,nan,nan,nan,nan,nan,-9.106239460370989941e-03,nan,nan,nan,-9.106239460370969124e-03,nan,3.372681281618827962e-04,nan,nan
nan,nan,nan,nan,nan,nan,nan,nan,nan,nan,nan,nan,nan,nan,nan,nan,nan,2.329450915141429053e-03,2.662229617304489974e-03,nan,nan,4.991680532445919027e-03,nan,nan,nan,nan,6.655574043261224936e-04,nan,nan,8.985024958402653555e-03,nan,nan,nan,nan,nan,nan,nan,nan,nan,nan,nan,nan,nan,nan,nan,nan,nan,nan,nan,nan,nan,nan,nan,nan,1.797004991680530711e-02,nan,1.996672212978367611e-02,nan,nan,nan,1.564059900166387893e-02,nan,nan,1.896838602329449161e-02,7.653910149750409002e-03
nan,nan,-1.743589743589739685e-02,nan,nan,nan,-1.094017094017090200e-02,nan,nan,-1.230769230769226431e-02,nan,nan,nan,nan,-1.743589743589737256e-02,nan,nan,nan,nan,nan,nan,-1.401709401709396764e-02,nan,nan,nan,nan,nan,nan,nan,-2.735042735042725499e-03,nan,nan,nan,nan,-1.299145299145294460e-02,nan,nan,nan,nan,nan,nan,nan,nan,nan,nan,nan,nan,nan,nan,nan,nan,nan,nan,nan,nan,nan,nan,nan,nan,-4.786324786324768973e-03,1.059829059829064946e-02,nan,nan,nan,-1.025641025641021997e-02
nan,nan,nan,nan,nan,nan,nan,nan,nan,nan,nan,nan,nan,nan,nan,nan,nan,-2.199661590524533070e-02,-2.131979695431471949e-02,3.384094754653510289e-04,-4.399323181049052608e-03,-1.827411167512689102e-02,-1.353637901861251026e-02,nan,-2.267343485617594537e-02,nan,nan,nan,nan,9.137055837563478472e-03,nan,nan,nan,nan,nan,nan,nan,nan,nan,nan,nan,nan,nan,nan,nan,nan,nan,nan,nan,nan,nan,nan,nan,nan,nan,nan,nan,nan,nan,nan,3.045685279187848420e-03,nan,nan,8.121827411167537383e-03,nan
nan,nan,nan,nan,nan,nan,nan,nan,nan,nan,nan,nan,nan,nan,nan,nan,nan,2.466666666666668048e-02,-7.666666666666643697e-03,-2.666666666666663715e-02,-8.666666666666666269e-03,nan,nan,nan,nan,nan,nan,nan,nan,-4.666666666666641032e-03,nan,nan,nan,nan,nan,nan,nan,nan,nan,-2.266666666666663360e-02,nan,nan,nan,nan,-4.666666666666663583e-03,nan,nan,nan,nan,nan,3.333333333333343522e-03,nan,nan,nan,nan,nan,nan,nan,nan,-2.333333333333320516e-03,nan,nan,nan,nan,-5.999999999999982778e-03
nan,nan,nan,nan,nan,-1.344537815126045643e-02,nan,nan,nan,nan,nan,nan,-2.218487394957975242e-02,-1.008403361344534233e-02,nan,nan,nan,nan,nan,nan,nan,nan,nan,nan,nan,nan,nan,nan,nan,nan,nan,nan,nan,nan,nan,nan,nan,nan,nan,nan,nan,-1.142857142857138866e-02,nan,nan,nan,-2.151260504201673099e-02,-1.411764705882347960e-02,nan,nan,nan,-1.512605042016803604e-02,nan,nan,nan,-2.016806722689023969e-03,nan,nan,nan,nan,nan,-6.386554621848694949e-03,nan,nan,-1.680672268907534937e-03,nan
nan,nan,-1.700680272108836405e-02,nan,nan,nan,nan,nan,nan,nan,nan,nan,nan,nan,nan,nan,nan,nan,-2.346938775510198916e-02,3.401360544217735087e-03,-7.482993197278830708e-03,-1.462585034013599329e-02,-1.190476190476183992e-02,-1.666666666666660745e-02,nan,-1.530612244897953077e-02,nan,nan,nan,nan,nan,nan,nan,nan,nan,nan,nan,nan,nan,nan,nan,nan,nan,nan,nan,nan,nan,nan,nan,nan,nan,nan,nan,nan,nan,nan,nan,nan,nan,-2.040816326530569928e-03,nan,nan,nan,8.503401360544260087e-03,nan
nan,nan,nan,nan,nan,nan,nan,nan,nan,nan,nan,nan,nan,nan,nan,nan,nan,1.293532338308462856e-02,9.286898839137669101e-03,1.592039800995028592e-02,-3.316749585406286618e-04,nan,nan,nan,nan,nan,nan,nan,nan,nan,nan,nan,nan,nan,nan,nan,nan,nan,nan,nan,nan,nan,nan,nan,nan,nan,-4.643449419568801591e-03,nan,nan,nan,nan,nan,2.653399668325051412e-03,nan,-8.955223880596996366e-03,nan,-1.160862354892202609e-02,nan,nan,nan,-9.950248756218905283e-03,nan,nan,-1.724709784411273400e-02,nan
nan,nan,nan,nan,nan,-3.350083752093779843e-03,nan,nan,nan,6.700167504187559469e-04,nan,nan,-1.005025125628122807e-03,nan,nan,nan,nan,nan,nan,nan,nan,nan,-9.380234505862627276e-03,nan,nan,nan,nan,nan,nan,nan,nan,nan,nan,nan,nan,nan,nan,nan,-5.695142378559459213e-03,nan,nan,1.005025125628167260e-03,nan,nan,nan,nan,nan,nan,nan,nan,nan,nan,-1.206030150753769660e-02,nan,nan,nan,-8.375209380234460016e-03,nan,nan,nan,-8.375209380234505119e-03,nan,nan,-6.030150753768804064e-03,nan
nan,nan,nan,nan,nan,-5.423728813559324999e-03,nan,nan,nan,nan,nan,nan,nan,-7.118644067796608965e-03,nan,-3.389830508474544948e-03,nan,nan,nan,nan,nan,nan,nan,nan,-1.254237288135591141e-02,-1.152542372881357712e-02,-1.186440677966102940e-02,-1.491525423728816760e-02,-1.457627118644069276e-02,nan,nan,nan,nan,nan,nan,nan,nan,nan,nan,nan,nan,nan,nan,nan,nan,nan,nan,nan,nan,nan,nan,nan,nan,nan,nan,nan,1.084745762711869510e-02,nan,nan,nan,1.186440677966105195e-02,nan,nan,nan,nan
nan,-1.574539363484088808e-02,nan,nan,nan,nan,nan,-2.948073701842546246e-02,nan,nan,nan,nan,nan,nan,nan,nan,nan,nan,nan,nan,nan,nan,nan,nan,nan,nan,-2.713567839195982906e-02,-3.618090452261306378e-02,nan,nan,nan,-3.618090452261309153e-02,nan,nan,nan,nan,-1.708542713567839932e-02,nan,nan,nan,nan,-1.306532663316584131e-02,nan,nan,nan,nan,-1.239530988274708569e-02,nan,nan,nan,nan,nan,nan,nan,nan,nan,nan,nan,nan,nan,-6.030150753768869984e-03,nan,nan,-2.680067001675068457e-03,nan
nan,nan,-2.425249169435221910e-02,nan,nan,nan,nan,-2.192691029900335417e-02,nan,-1.262458471760801240e-02,nan,nan,nan,nan,nan,nan,-2.159468438538210064e-02,nan,nan,nan,nan,nan,nan,nan,nan,nan,-2.790697674418609470e-02,-3.388704318936879012e-02,nan,nan,nan,nan,nan,nan,nan,nan,nan,nan,nan,nan,nan,-5.315614617940234328e-03,nan,nan,nan,nan,-4.651162790697727263e-03,nan,nan,nan,nan,nan,nan,nan,nan,nan,nan,nan,nan,nan,8.637873754152768785e-03,nan,nan,7.641196013288964820e-03,nan
nan,nan,nan,nan,nan,nan,nan,nan,nan,nan,nan,nan,nan,nan,nan,nan,nan,nan,-1.989881956155139381e-02,1.011804384485668305e-02,-9.780775716694755859e-03,-1.720067453625628850e-02,-2.394603709949407605e-02,-1.011804384485661713e-02,nan,nan,nan,nan,nan,nan,nan,nan,nan,nan,nan,nan,nan,-7.419898819561487543e-03,6.070826306914045914e-03,nan,nan,nan,nan,nan,nan,nan,nan,nan,nan,nan,nan,nan,nan,nan,nan,nan,nan,nan,nan,nan,2.225969645868466212e-02,nan,nan,1.551433389544689713e-02,nan
nan,nan,nan,nan,nan,2.610114192495949052e-03,nan,nan,nan,nan,nan,nan,nan,nan,nan,nan,nan,nan,nan,nan,nan,nan,nan,nan,nan,nan,nan,nan,nan,2.349102773246334458e-02,nan,nan,nan,nan,nan,nan,nan,nan,3.262642740619936532e-03,nan,nan,1.598694942903755578e-02,nan,nan,nan,nan,1.044045676998373029e-02,nan,nan,nan,-6.525285481239429192e-04,nan,2.610114192495971604e-03,nan,nan,nan,-8.809135399673673553e-03,nan,nan,nan,-4.241435562805828847e-03,nan,nan,-7.504078303425721144e-03,nan
nan,nan,nan,nan,nan,nan,nan,nan,nan,nan,nan,nan,nan,nan,nan,nan,-1.683501683501677920e-02,-2.861952861952856558e-02,-2.760942760942757326e-02,-1.683501683501642445e-03,nan,-1.986531986531980820e-02,nan,nan,nan,nan,nan,nan,nan,nan,nan,nan,nan,nan,nan,nan,nan,nan,nan,nan,nan,nan,nan,nan,nan,nan,nan,nan,nan,nan,nan,nan,nan,nan,1.279461279461284809e-02,nan,1.481481481481483620e-02,nan,nan,-3.367003367002796349e-04,1.447811447811451178e-02,nan,nan,nan,-5.387205387205340652e-03
nan,nan,nan,-2.324786324786316458e-02,nan,nan,nan,nan,nan,nan,nan,nan,nan,nan,nan,nan,nan,nan,nan,nan,nan,nan,nan,nan,nan,-3.213675213675208642e-02,-2.461538461538454944e-02,-2.974358974358968372e-02,-3.282051282051279273e-02,1.128205128205135230e-02,nan,nan,nan,nan,nan,nan,nan,-1.230769230769226431e-02,nan,nan,nan,nan,nan,nan,nan,nan,nan,2.735042735042769735e-03,nan,nan,nan,nan,nan,1.367521367521406985e-03,nan,nan,nan,nan,nan,-3.418803418803406657e-03,nan,nan,nan,nan,nan
nan,-3.133333333333328252e-02,nan,nan,nan,nan,nan,nan,-1.499999999999994740e-02,nan,nan,nan,nan,nan,nan,nan,nan,nan,nan,nan,nan,nan,nan,nan,nan,nan,nan,nan,nan,nan,nan,nan,nan,nan,nan,nan,nan,nan,-3.999999999999959317e-03,nan,nan,4.333333333333388646e-03,nan,nan,-1.666666666666665256e-02,nan,-2.466666666666663538e-02,-1.233333333333330728e-02,nan,nan,-1.966666666666663094e-02,nan,nan,nan,nan,nan,nan,nan,nan,nan,6.666666666667264924e-04,nan,nan,-9.999999999999564359e-04,nan
nan,nan,-2.071307300509335134e-02,nan,nan,nan,nan,nan,-1.256366723259754251e-02,-6.451612903225756139e-03,nan,nan,nan,nan,nan,nan,nan,nan,nan,nan,nan,nan,nan,-2.071307300509335134e-02,-2.003395585738536669e-02,nan,nan,-2.648556876061114451e-02,nan,nan,nan,-1.969439728353137437e-02,nan,nan,nan,nan,nan,nan,nan,nan,nan,nan,nan,nan,nan,1.018675721562023375e-03,nan,nan,nan,nan,nan,nan,nan,nan,nan,nan,9.507640067911760778e-03,nan,nan,nan,8.828522920203796948e-03,nan,nan,nan,nan
nan,-1.808873720136514734e-02,nan,nan,nan,nan,nan,nan,nan,nan,nan,nan,nan,nan,nan,nan,nan,nan,nan,nan,nan,nan,nan,nan,-2.593856655290098859e-02,nan,nan,-3.139931740614328171e-02,nan,nan,nan,nan,-3.617747440273033632e-02,nan,nan,nan,nan,nan,-2.389078498293462256e-03,nan,-9.215017064846375491e-03,-8.532423208191076275e-03,nan,nan,nan,nan,nan,nan,nan,nan,nan,nan,-1.535836177474396783e-02,nan,nan,nan,nan,nan,nan,nan,-1.092150170648458277e-02,nan,nan,-1.194539249146753246e-02,nan
nan,nan,nan,-2.459016393442625681e-02,nan,nan,nan,nan,nan,nan,nan,nan,nan,nan,nan,nan,nan,nan,-3.016393442622953419e-02,nan,-1.540983606557380127e-02,nan,nan,nan,nan,nan,nan,-2.491803278688524761e-02,nan,8.852459016393421365e-03,nan,nan,nan,nan,nan,nan,nan,-1.868852459016394699e-02,nan,nan,nan,nan,nan,nan,nan,-2.360655737704921847e-02,nan,nan,nan,nan,nan,nan,nan,nan,nan,nan,1.311475409836064879e-02,nan,nan,nan,1.114754098360653048e-02,nan,nan,nan,-1.311475409836066960e-02
nan,nan,nan,nan,nan,nan,nan,nan,nan,nan,nan,nan,nan,nan,nan,nan,-1.946308724832208556e-02,nan,nan,nan,nan,nan,nan,nan,-1.946308724832208556e-02,nan,-3.053691275167778191e-02,-3.087248322147646482e-02,nan,nan,nan,-2.818791946308720625e-02,-2.550335570469792687e-02,nan,nan,nan,nan,nan,nan,nan,nan,nan,nan,nan,nan,-6.375838926174460033e-03,nan,nan,nan,nan,nan,nan,nan,nan,nan,nan,nan,nan,nan,nan,1.510067114093966920e-02,nan,1.677852348993336042e-03,1.711409395973157929e-02,nan
nan,nan,-8.013355592654458279e-03,nan,nan,nan,-1.335559265442409771e-02,-6.677796327212437433e-04,nan,1.001669449081754593e-03,nan,nan,nan,nan,nan,nan,nan,nan,nan,nan,-7.011686143572682002e-03,nan,nan,nan,nan,nan,nan,nan,nan,-6.010016694490860623e-03,nan,nan,nan,nan,nan,nan,nan,nan,1.001669449081799045e-03,nan,nan,3.505843071786307608e-02,nan,nan,nan,nan,nan,nan,nan,nan,nan,nan,nan,nan,nan,nan,nan,nan,nan,4.340567612687773816e-03,nan,nan,nan,nan,-2.003338898163609105e-02
nan,nan,nan,nan,nan,-5.831903945111504943e-03,nan,nan,nan,-1.234991423670672717e-02,nan,nan,-1.886792452830190342e-02,nan,nan,nan,nan,nan,nan,nan,nan,nan,nan,nan,nan,nan,nan,nan,nan,nan,nan,nan,nan,nan,nan,nan,nan,1.372212692967389458e-03,1.166380789022296652e-02,nan,nan,-8.919382504288187602e-03,nan,nan,nan,nan,-2.092624356775303271e-02,-1.063464837049743483e-02,nan,nan,nan,nan,nan,nan,nan,nan,8.233276157804447770e-03,nan,nan,nan,1.715265866209259027e-02,nan,nan,nan,nan
nan,nan,nan,nan,nan,nan,nan,nan,nan,-9.106239460370989941e-03,nan,nan,nan,nan,nan,nan,nan,-1.956155143338953600e-02,-1.551433389544685203e-02,2.220446049250313204e-17,8.431703204047225758e-03,-1.585160202360873585e-02,-7.082630691399649688e-03,-2.158516020236087712e-02,nan,nan,nan,nan,nan,nan,nan,nan,nan,nan,nan,nan,nan,nan,nan,nan,nan,nan,nan,nan,nan,nan,nan,nan,nan,nan,nan,nan,nan,nan,nan,nan,nan,nan,nan,nan,nan,nan,nan,2.698145025295128722e-03,-7.419898819561532646e-03
nan,nan,nan,nan,nan,nan,nan,nan,nan,nan,nan,nan,nan,nan,nan,nan,nan,-1.886178861788614242e-02,-1.983739837398372854e-02,-1.300813008130030559e-03,-4.227642276422738203e-03,-2.504065040650402946e-02,-8.130081300812963888e-03,nan,nan,nan,nan,nan,nan,1.073170731707318026e-02,nan,nan,nan,nan,nan,nan,nan,nan,nan,nan,nan,nan,nan,nan,-3.577235772357689747e-03,nan,nan,nan,nan,nan,nan,nan,nan,-1.626016260162566063e-03,nan,nan,nan,nan,nan,4.552845528455340060e-03,nan,nan,nan,nan,nan
nan,nan,nan,nan,nan,8.460236886632799616e-03,nan,nan,nan,nan,nan,nan,-2.707275803722564069e-03,nan,nan,nan,nan,nan,nan,nan,nan,nan,nan,nan,nan,nan,nan,nan,nan,nan,nan,nan,nan,nan,nan,nan,nan,3.384094754652622328e-04,-3.384094754653510289e-04,nan,nan,-6.768189509306310643e-03,nan,nan,nan,nan,-1.082910321489005678e-02,-6.661338147750938996e-17,nan,nan,nan,nan,nan,nan,-1.658206429780040292e-02,nan,nan,nan,nan,nan,-1.150592216582069227e-02,nan,nan,-8.121827411167580751e-03,nan
nan,nan,nan,nan,nan,nan,nan,nan,-9.739130434782672027e-03,nan,nan,nan,nan,nan,nan,nan,nan,nan,-2.678260869565220886e-02,2.086956521739069537e-03,nan,nan,-2.678260869565223315e-02,nan,nan,nan,nan,nan,nan,nan,nan,nan,nan,nan,nan,nan,nan,-1.460869565217395340e-02,nan,nan,nan,-3.478260869565241806e-03,nan,nan,nan,nan,nan,nan,nan,nan,nan,nan,nan,nan,nan,nan,nan,nan,nan,nan,-4.869565217391369841e-03,nan,-3.478260869565597099e-04,-3.130434782608726603e-03,1.391304347826038913e-03
nan,nan,-3.468013468013471379e-02,nan,nan,nan,nan,nan,nan,nan,-1.010101010101038723e-03,nan,nan,nan,-1.885521885521892343e-02,nan,nan,nan,-1.952861952861957226e-02,nan,nan,nan,nan,nan,nan,nan,-2.457912457912463447e-02,nan,nan,nan,nan,nan,nan,nan,-1.683501683501731350e-03,nan,nan,nan,nan,nan,nan,nan,nan,nan,nan,nan,nan,nan,nan,nan,nan,-1.750841750841758415e-02,nan,nan,nan,nan,nan,nan,nan,1.010101010100972153e-03,nan,nan,-3.030303030303071934e-03,nan,-1.717171717171721637e-02
nan,nan,nan,nan,nan,nan,nan,nan,nan,nan,nan,nan,nan,nan,nan,nan,nan,nan,-2.207578253706756616e-02,-2.635914332784228178e-03,-1.548599670510708570e-02,-2.635914332784183856e-02,-2.207578253706754534e-02,nan,-3.031301482701813724e-02,nan,nan,nan,nan,4.612850082372310298e-03,nan,nan,nan,nan,nan,nan,nan,nan,nan,nan,nan,nan,nan,nan,-4.942339373970349933e-03,nan,nan,nan,nan,nan,nan,nan,nan,nan,nan,nan,nan,nan,nan,1.285008237232287964e-02,nan,nan,nan,nan,-6.919275123558499274e-03
nan,nan,nan,nan,nan,nan,nan,nan,nan,nan,nan,nan,nan,nan,nan,nan,-7.628524046434437267e-03,-2.620232172470973037e-02,nan,nan,nan,-2.752902155887224783e-02,nan,nan,nan,nan,nan,nan,nan,nan,nan,nan,nan,nan,4.975124378109518561e-03,nan,nan,nan,nan,nan,nan,nan,nan,nan,1.028192371475957802e-02,nan,nan,nan,nan,nan,nan,nan,nan,-3.316749585405842637e-04,7.960199004975198472e-03,nan,nan,nan,nan,1.757877280265342929e-02,nan,nan,7.296849087893919790e-03,1.028192371475957802e-02,nan
nan,nan,nan,nan,nan,nan,nan,nan,nan,nan,nan,nan,nan,nan,nan,nan,nan,nan,nan,nan,nan,nan,nan,-2.842639593908631232e-02,-2.368866328257190901e-02,-1.759729272419627982e-02,nan,nan,nan,6.091370558375608368e-03,nan,-2.233502538071065885e-02,nan,nan,nan,nan,nan,nan,nan,-6.429780033840937388e-03,nan,nan,nan,nan,nan,-5.752961082910346136e-03,nan,1.049069373942468353e-02,nan,nan,1.353637901861248858e-03,nan,nan,nan,nan,nan,nan,nan,nan,2.707275803722497716e-03,nan,nan,nan,nan,nan
nan,nan,nan,nan,-2.020202020202024190e-02,-1.582491582491585280e-02,nan,nan,nan,nan,nan,nan,nan,-2.020202020202099998e-03,nan,nan,nan,nan,nan,nan,nan,nan,nan,nan,nan,nan,nan,nan,nan,-1.346801346801385036e-03,-1.279461279461284809e-02,nan,nan,nan,nan,nan,nan,6.060606060606011161e-03,nan,nan,nan,-6.734006734007147443e-04,nan,nan,nan,nan,nan,nan,nan,nan,-1.447811447811451178e-02,nan,nan,nan,nan,nan,nan,nan,nan,nan,nan,nan,5.387205387205340652e-03,nan,-1.178451178451183148e-02
nan,nan,nan,nan,nan,nan,nan,nan,nan,nan,nan,nan,nan,nan,nan,nan,nan,nan,-3.066666666666666499e-02,8.333333333333348830e-03,-2.000000000000001776e-03,-2.499999999999997710e-02,-1.766666666666667426e-02,-2.599999999999997799e-02,-2.600000000000000228e-02,nan,nan,nan,nan,nan,nan,nan,nan,nan,nan,nan,nan,nan,nan,nan,nan,nan,nan,nan,nan,nan,nan,nan,nan,nan,nan,nan,nan,nan,nan,nan,1.666666666666660702e-03,nan,nan,nan,nan,nan,4.333333333333322726e-03,nan,-5.333333333333345298e-03
nan,nan,nan,nan,nan,5.913043478260849098e-03,nan,nan,nan,nan,nan,nan,-2.295652173913045185e-02,5.008695652173911217e-02,nan,nan,nan,nan,nan,nan,nan,nan,nan,nan,nan,nan,nan,nan,nan,8.695652173913015828e-03,nan,nan,nan,nan,nan,nan,nan,4.139130434782607726e-02,1.182608695652171901e-02,nan,nan,1.099130434782608495e-01,nan,nan,nan,nan,4.069565217391304252e-02,-3.826086956521757010e-03,nan,nan,nan,nan,nan,nan,nan,nan,nan,nan,nan,1.460869565217388574e-02,nan,nan,nan,nan,nan
nan,nan,nan,nan,nan,nan,nan,nan,nan,-4.501607717041822103e-03,nan,nan,nan,nan,nan,nan,nan,nan,nan,nan,nan,nan,nan,nan,nan,-1.607717041800627022e-03,nan,nan,nan,3.536977491961424032e-03,nan,nan,nan,nan,nan,nan,nan,nan,1.286173633440512720e-02,nan,nan,5.466237942122175938e-03,nan,nan,nan,nan,2.572347266881027522e-02,-2.572347266881003409e-03,nan,nan,nan,nan,nan,3.536977491961401480e-03,nan,nan,nan,nan,nan,1.189710610932475168e-02,nan,nan,nan,nan,-3.858520900321571467e-03
nan,nan,-1.337792642140467336e-02,nan,nan,-6.020066889632103360e-03,nan,nan,nan,-1.973244147157189252e-02,nan,nan,-1.103678929765885587e-02,nan,nan,nan,nan,nan,nan,nan,nan,-2.374581939799329591e-02,nan,nan,nan,nan,nan,nan,nan,1.070234113712373834e-02,nan,nan,nan,nan,nan,nan,-2.474916387959864503e-02,nan,nan,nan,nan,nan,nan,nan,nan,nan,nan,nan,nan,nan,nan,nan,nan,nan,nan,nan,nan,nan,nan,6.688963210702336465e-04,1.103678929765885587e-02,nan,nan,nan,6.688963210702336465e-04
nan,nan,nan,nan,nan,nan,nan,nan,nan,nan,nan,nan,nan,nan,nan,-1.469115191986645162e-02,nan,nan,nan,nan,nan,nan,nan,nan,-2.170283806343908939e-02,-2.938230383973288243e-02,-3.873121869782973625e-02,-2.170283806343908939e-02,nan,nan,nan,nan,-2.370617696160266449e-02,nan,nan,nan,nan,nan,nan,nan,nan,nan,nan,nan,nan,-1.535893155258762945e-02,nan,nan,nan,nan,nan,nan,nan,nan,nan,nan,1.168614357262101090e-02,nan,nan,nan,1.469115191986642907e-02,nan,nan,1.202003338898163277e-02,nan
nan,-1.273666092943195362e-02,nan,nan,nan,nan,nan,nan,-1.583476764199649375e-02,nan,nan,nan,-1.962134251290872239e-02,nan,nan,nan,nan,nan,nan,nan,nan,nan,nan,nan,nan,nan,nan,nan,nan,nan,nan,nan,nan,nan,nan,nan,nan,nan,nan,-2.753872633390641676e-03,nan,-1.376936316695309779e-03,nan,nan,nan,nan,-5.163511187607517164e-03,nan,nan,nan,-5.507745266781371822e-03,nan,nan,-2.065404475042975727e-03,nan,nan,-1.376936316695287444e-03,nan,nan,nan,2.409638554216897606e-03,nan,nan,nan,nan
nan,nan,nan,nan,nan,-1.197183098591545446e-02,nan,nan,nan,nan,nan,nan,nan,nan,nan,nan,nan,nan,nan,nan,nan,nan,nan,nan,nan,nan,nan,nan,nan,1.514084507042261565e-02,nan,nan,nan,nan,nan,nan,nan,7.042253521126839652e-03,3.521126760563442377e-03,nan,nan,-1.021126760563375625e-02,nan,2.464788732394418425e-03,nan,nan,nan,-2.112676056337981119e-03,nan,nan,-7.746478873239382064e-03,nan,nan,nan,nan,nan,nan,nan,nan,nan,1.478873239436626595e-02,nan,nan,1.795774647887329184e-02,nan
nan,nan,nan,nan,nan,nan,nan,nan,nan,nan,nan,nan,nan,nan,nan,nan,nan,-3.448275862068968245e-02,-1.620689655172413701e-02,6.896551724137501161e-04,3.793103448275836516e-03,-1.827586206896552115e-02,-1.172413793103448468e-02,nan,-3.275862068965518237e-02,nan,nan,nan,nan,1.344827586206895874e-02,nan,nan,nan,nan,nan,nan,nan,nan,nan,nan,nan,nan,nan,nan,nan,nan,nan,nan,nan,nan,nan,nan,nan,nan,nan,nan,nan,nan,nan,-1.724137931034519598e-03,nan,nan,nan,nan,-3.448275862068994526e-03
nan,nan,-3.149078726968177616e-02,nan,nan,nan,nan,nan,-3.718592964824123104e-02,-3.216080402010050576e-02,nan,nan,nan,nan,nan,nan,nan,nan,nan,nan,nan,nan,nan,nan,nan,nan,nan,nan,nan,nan,nan,nan,nan,nan,nan,nan,-3.517587939698496591e-02,-5.360134003350114362e-03,nan,nan,nan,-1.842546063651593485e-02,nan,nan,nan,nan,-2.378559463986602493e-02,nan,nan,nan,nan,nan,nan,nan,nan,nan,nan,nan,nan,nan,7.705192629815726946e-03,nan,nan,7.035175879396948773e-03,-1.574539363484088808e-02
nan,nan,nan,nan,-8.517887563884163349e-03,nan,nan,nan,nan,nan,nan,nan,nan,nan,nan,nan,nan,nan,-9.880749574105628791e-03,-5.451448040885864370e-03,3.407155025553665231e-04,-1.294718909710392864e-02,7.495741056218063400e-03,-1.669505962521295947e-02,nan,-1.022146507666099602e-02,nan,nan,nan,nan,nan,nan,nan,nan,nan,nan,nan,nan,nan,nan,nan,nan,nan,nan,nan,nan,nan,nan,nan,nan,nan,nan,nan,nan,nan,nan,nan,nan,nan,2.725724020442932185e-03,nan,nan,nan,nan,-3.066439522998298979e-03
nan,nan,nan,nan,nan,nan,nan,nan,nan,nan,nan,nan,nan,nan,nan,nan,-4.534686971235193237e-02,nan,nan,nan,-2.673434856175971319e-02,nan,nan,nan,nan,-4.297800338409472204e-02,-4.094754653130285721e-02,-4.297800338409472204e-02,-3.993231810490689704e-02,nan,-3.790186125211501139e-02,nan,nan,nan,nan,nan,nan,nan,nan,nan,nan,nan,nan,nan,nan,nan,nan,nan,nan,nan,nan,nan,nan,nan,nan,nan,1.218274111675132776e-02,nan,nan,nan,1.252115059221661254e-02,nan,nan,1.692047377326568597e-02,nan
nan,nan,nan,nan,nan,nan,nan,nan,nan,nan,nan,nan,nan,nan,nan,nan,nan,-3.596638655462183060e-02,-2.420168067226884448e-02,-6.386554621848716633e-03,-4.033613445378137277e-03,-2.588235294117640153e-02,-1.378151260504196715e-02,nan,-3.697478991596636622e-02,nan,nan,nan,nan,1.344537815126056746e-02,nan,nan,nan,nan,nan,nan,nan,nan,nan,nan,nan,nan,nan,nan,nan,nan,nan,nan,nan,nan,nan,nan,nan,nan,nan,nan,nan,nan,nan,4.369747899159693097e-03,nan,nan,nan,4.369747899159714781e-03,nan
nan,nan,nan,nan,nan,nan,nan,nan,nan,nan,nan,nan,nan,nan,nan,nan,nan,nan,-2.381786339754814533e-02,-8.056042031523658054e-03,-2.381786339754814533e-02,-2.451838879159367116e-02,-2.451838879159367116e-02,-2.171628721541154355e-02,-2.206654991243430647e-02,nan,nan,nan,nan,nan,nan,nan,nan,nan,nan,nan,nan,nan,nan,nan,nan,nan,nan,nan,nan,nan,nan,nan,nan,nan,nan,nan,nan,nan,8.756567425569206434e-03,nan,nan,nan,nan,nan,1.190893169877407266e-02,nan,nan,1.050788091068304356e-02,nan
nan,-2.487223168654175559e-02,-2.282793867120955916e-02,nan,nan,nan,nan,nan,-2.419080068143102460e-02,-2.759795570698468994e-02,nan,nan,nan,nan,nan,nan,nan,nan,nan,nan,nan,nan,nan,nan,nan,nan,nan,nan,nan,nan,nan,nan,nan,nan,nan,nan,-3.168654173764908627e-02,nan,nan,nan,nan,-5.110732538330498009e-03,nan,nan,nan,nan,-2.589437819420785727e-02,nan,nan,nan,nan,nan,nan,nan,nan,nan,4.770017035775131649e-03,nan,nan,nan,4.770017035775131649e-03,nan,nan,1.056218057921636325e-02,nan
nan,nan,-3.605442176870750359e-02,nan,nan,nan,nan,-3.333333333333332593e-02,nan,nan,nan,nan,nan,nan,nan,nan,nan,nan,nan,nan,nan,-3.503401360544218524e-02,nan,nan,-2.959183673469389930e-02,nan,nan,nan,nan,nan,nan,-3.265306122448981274e-02,nan,nan,nan,nan,nan,nan,nan,nan,nan,nan,nan,nan,nan,-1.768707482993197092e-02,nan,nan,nan,nan,nan,nan,nan,nan,nan,nan,2.176870748299319924e-02,nan,nan,nan,2.108843537414966177e-02,nan,nan,2.074829931972788089e-02,-1.292517006802720338e-02
nan,-1.689189189189195181e-02,nan,-2.533783783783789476e-02,nan,nan,nan,nan,nan,nan,nan,-2.094594594594600956e-02,nan,nan,nan,nan,nan,nan,nan,nan,nan,nan,nan,nan,nan,nan,-2.364864864864870547e-02,-3.074324324324329005e-02,-3.412162162162166862e-02,-7.770270270270329682e-03,nan,nan,nan,nan,nan,nan,nan,nan,nan,nan,nan,nan,nan,nan,-6.756756756757020593e-04,nan,nan,2.027027027026972929e-03,nan,nan,nan,nan,nan,nan,nan,nan,nan,nan,nan,-8.108108108108181417e-03,nan,nan,nan,nan,nan
nan,-1.426146010186752841e-02,nan,nan,nan,9.507640067911760778e-03,nan,nan,3.735144312393891969e-02,nan,nan,nan,nan,nan,nan,nan,nan,nan,nan,nan,nan,nan,nan,nan,nan,nan,nan,nan,nan,nan,nan,nan,nan,nan,nan,nan,nan,3.395585738540374265e-04,3.735144312393923367e-03,nan,nan,5.365025466893043327e-02,nan,nan,nan,nan,1.052631578947373948e-02,nan,nan,nan,5.772495755517859095e-03,nan,nan,nan,nan,nan,nan,nan,nan,nan,5.602716468590836218e-02,nan,nan,5.432937181663841791e-02,nan
nan,nan,nan,nan,nan,nan,nan,nan,nan,nan,nan,nan,nan,nan,nan,nan,nan,nan,nan,nan,-1.633333333333329002e-02,nan,nan,nan,nan,-1.666666666666660745e-02,-2.666666666666663715e-02,-2.633333333333327461e-02,nan,3.666666666666706931e-03,nan,nan,nan,nan,nan,nan,nan,-1.933333333333324758e-02,nan,nan,nan,nan,nan,nan,nan,nan,nan,nan,nan,nan,nan,nan,nan,nan,nan,nan,nan,nan,nan,nan,6.661338147750938996e-17,nan,-5.999999999999916858e-03,-6.666666666666376962e-04,-1.599999999999992401e-02
nan,-4.073455759599333564e-02,nan,nan,nan,-2.136894824707848833e-02,nan,nan,nan,nan,nan,nan,nan,nan,nan,nan,nan,nan,nan,nan,nan,nan,nan,nan,nan,nan,nan,nan,nan,nan,nan,nan,nan,nan,nan,nan,-3.038397328881470294e-02,nan,-3.338898163605996672e-03,nan,nan,nan,nan,nan,nan,nan,-2.671118530884808440e-02,-2.637729549248748334e-02,nan,nan,nan,nan,nan,-1.068447412353925631e-02,nan,nan,nan,nan,nan,-8.013355592654414911e-03,2.671118530884797164e-03,nan,nan,7.679465776293792172e-03,nan
nan,-1.908006814310041557e-02,-6.473594548551920083e-03,-2.112436115843261547e-02,nan,nan,nan,nan,nan,nan,nan,nan,-2.350936967632017913e-02,nan,nan,nan,nan,nan,nan,nan,nan,nan,nan,nan,nan,nan,nan,nan,nan,nan,-2.385008517887543707e-03,nan,nan,nan,nan,nan,-3.066439522998287703e-02,nan,-1.056218057921629559e-02,nan,nan,nan,nan,nan,nan,nan,-1.396933560476993838e-02,nan,nan,nan,nan,nan,-2.146507666098797923e-02,nan,nan,nan,nan,nan,nan,nan,nan,nan,nan,3.407155025553665231e-04,nan
nan,nan,-4.047619047619044341e-02,nan,nan,nan,nan,nan,nan,-4.047619047619046423e-02,nan,nan,nan,nan,nan,nan,nan,-4.761904761904758171e-02,nan,nan,nan,-4.183673469387749755e-02,nan,nan,-4.285714285714281591e-02,nan,nan,nan,nan,nan,nan,-4.319727891156459332e-02,nan,nan,nan,nan,-4.795918367346936606e-02,nan,nan,nan,nan,nan,nan,nan,nan,nan,nan,nan,nan,nan,nan,nan,nan,nan,nan,nan,5.102040816326547552e-03,nan,nan,nan,5.102040816326569236e-03,nan,nan,5.782312925170107580e-03,nan
nan,nan,nan,nan,nan,nan,nan,nan,nan,nan,nan,nan,nan,nan,nan,nan,nan,nan,nan,nan,nan,nan,nan,nan,nan,nan,nan,nan,nan,-3.908794788273617545e-03,nan,nan,nan,nan,nan,-7.491856677524433121e-03,nan,-3.908794788273617545e-03,-9.771986970684043428e-03,nan,-2.605863192182411407e-03,nan,nan,nan,nan,nan,nan,nan,nan,nan,nan,-5.211726384364822814e-03,nan,nan,nan,nan,-1.693811074918567458e-02,nan,nan,nan,-1.302931596091205790e-02,nan,-7.491856677524433121e-03,-1.726384364820847742e-02,nan
nan,nan,nan,nan,nan,nan,nan,nan,nan,nan,nan,nan,nan,nan,nan,nan,nan,nan,nan,nan,nan,nan,nan,-1.860465116279070782e-02,-1.661129568106316581e-02,-7.308970099667799758e-03,-1.029900332225917002e-02,-2.358803986710964612e-02,-1.760797342192692641e-02,-6.644518272425270142e-03,nan,-2.292358803986711477e-02,-2.325581395348841514e-03,nan,nan,nan,nan,nan,nan,nan,nan,nan,nan,nan,nan,nan,nan,-4.983388704318936560e-03,nan,nan,nan,nan,nan,nan,nan,nan,nan,nan,nan,nan,nan,nan,nan,nan,nan
nan,nan,nan,nan,nan,nan,nan,nan,nan,nan,-1.186161449752878329e-02,nan,nan,nan,nan,nan,nan,nan,nan,nan,-5.930807248764357817e-03,nan,nan,nan,-3.426688632619436653e-02,1.976935749588193576e-03,-3.327841845140026844e-02,nan,nan,-9.225700164744620596e-03,nan,nan,nan,nan,nan,nan,nan,nan,-3.294892915979730111e-04,nan,nan,nan,nan,nan,7.248764415156538909e-03,nan,nan,2.108731466227351664e-02,nan,nan,nan,nan,nan,nan,nan,nan,nan,nan,nan,1.482701812191107235e-02,nan,nan,nan,nan,nan
nan,nan,nan,nan,nan,nan,nan,nan,nan,nan,nan,nan,nan,nan,nan,nan,3.448275862069305692e-04,nan,nan,nan,nan,nan,nan,3.793103448275902869e-03,-3.448275862068950291e-03,3.448275862069305692e-04,-5.517241379310288893e-03,-6.896551724137878030e-03,3.448275862069305692e-04,6.206896551724172366e-03,-2.413793103448247379e-03,nan,nan,nan,nan,nan,nan,nan,nan,nan,nan,nan,nan,nan,nan,nan,nan,nan,nan,nan,nan,nan,nan,nan,nan,nan,nan,nan,nan,nan,nan,nan,nan,7.931034482758692397e-03,nan
nan,nan,nan,nan,-1.041666666666629572e-03,nan,nan,nan,nan,-3.090277777777774432e-02,nan,nan,nan,nan,nan,nan,nan,nan,nan,nan,nan,nan,-2.083333333333330442e-02,nan,nan,nan,nan,nan,nan,nan,nan,nan,nan,nan,nan,nan,nan,-2.187499999999997780e-02,-1.215277777777774501e-02,nan,nan,-1.701388888888883885e-02,nan,nan,nan,nan,-2.604166666666662966e-02,nan,nan,nan,nan,nan,-2.708333333333330303e-02,nan,nan,nan,nan,nan,nan,nan,nan,nan,-1.354166666666662897e-02,nan,-2.673611111111109245e-02
nan,nan,nan,-3.495798319327727416e-02,nan,nan,nan,nan,nan,nan,nan,nan,nan,nan,nan,nan,nan,nan,-3.865546218487392327e-02,-1.310924369747894572e-02,-1.680672268907559136e-02,-3.966386554621845889e-02,nan,-3.697478991596636622e-02,nan,nan,nan,nan,nan,-1.008403361344534319e-03,nan,nan,nan,nan,nan,nan,nan,nan,-5.378151260504182747e-03,nan,nan,nan,nan,nan,nan,nan,nan,nan,nan,nan,nan,nan,nan,nan,nan,nan,nan,nan,nan,nan,1.277310924369752174e-02,nan,nan,1.142857142857145458e-02,nan
nan,nan,nan,nan,nan,nan,nan,nan,nan,nan,nan,nan,nan,nan,nan,nan,nan,-2.027027027027083952e-03,-1.689189189189233085e-03,nan,nan,nan,nan,nan,nan,nan,nan,nan,nan,1.013513513513508713e-02,nan,nan,nan,nan,nan,nan,nan,-3.040540540540592751e-03,-2.702702702702741884e-03,nan,nan,nan,nan,nan,nan,nan,nan,nan,nan,nan,nan,-1.013513513513575369e-03,nan,nan,nan,nan,-1.182432432432436488e-02,nan,nan,nan,-1.351351351351357498e-02,nan,-1.013513513513575369e-03,-1.756756756756763099e-02,nan
nan,nan,nan,nan,nan,5.532646048109964021e-02,nan,nan,nan,nan,nan,nan,-1.237113402061862377e-02,nan,nan,nan,nan,nan,nan,nan,nan,nan,2.096219931271474726e-02,nan,nan,nan,nan,nan,nan,1.890034364261163752e-02,nan,nan,nan,nan,nan,nan,nan,nan,3.780068728522323340e-03,nan,nan,nan,nan,nan,nan,nan,nan,6.151202749140889658e-02,nan,nan,nan,nan,nan,nan,nan,nan,2.611683848797248172e-02,nan,nan,-3.436426116838698025e-04,2.989690721649480507e-02,nan,nan,-2.508591065292098410e-02,nan
nan,nan,-2.780569514237851703e-02,nan,nan,nan,nan,nan,nan,nan,nan,nan,nan,nan,nan,nan,nan,-3.216080402010046413e-02,nan,nan,nan,nan,nan,nan,nan,nan,-3.618090452261304296e-02,nan,nan,nan,nan,-4.120603015075374742e-02,-2.613065326633163751e-02,nan,nan,nan,nan,-1.608040201005023206e-02,nan,nan,nan,nan,nan,nan,3.350083752093824078e-03,nan,nan,1.005025125628142800e-02,nan,nan,nan,nan,nan,nan,nan,nan,nan,nan,nan,nan,nan,nan,3.350083752093824078e-03,nan,-7.705192629815726946e-03
nan,nan,nan,nan,nan,-1.142857142857138866e-02,nan,nan,nan,nan,nan,nan,nan,nan,nan,nan,nan,nan,-1.983193277310921904e-02,nan,-1.210084033613441010e-02,nan,nan,nan,nan,nan,nan,nan,nan,nan,nan,nan,nan,nan,nan,nan,nan,nan,-1.042016806722685304e-02,nan,-1.848739495798314841e-02,-9.075630252100808440e-03,nan,nan,nan,nan,-1.243697478991594510e-02,nan,nan,nan,-1.075630252100836549e-02,nan,nan,nan,nan,nan,nan,nan,nan,nan,3.361344537815114217e-04,nan,nan,-5.378151260504182747e-03,nan
nan,nan,nan,nan,nan,nan,nan,nan,nan,nan,nan,nan,nan,nan,nan,nan,nan,nan,nan,nan,nan,nan,nan,-1.840277777777781301e-02,-2.534722222222227789e-02,-2.534722222222227789e-02,nan,-2.638888888888892698e-02,nan,nan,nan,nan,nan,nan,nan,nan,nan,-4.513888888888950915e-03,3.124999999999955504e-03,nan,3.124999999999955504e-03,nan,nan,nan,nan,-1.284722222222225464e-02,nan,nan,nan,nan,nan,nan,nan,nan,nan,nan,nan,nan,nan,nan,1.458333333333330407e-02,nan,nan,1.493055555555551292e-02,nan
nan,nan,-3.412969283276449939e-02,-3.720136518771331030e-02,-1.638225255972693833e-02,nan,nan,nan,-2.286689419795220196e-02,nan,nan,nan,nan,nan,-1.535836177474398864e-02,nan,nan,nan,nan,nan,nan,nan,nan,nan,nan,nan,nan,-3.720136518771331030e-02,-3.924914675767918887e-02,-2.389078498293506492e-03,nan,nan,nan,nan,nan,nan,nan,nan,nan,nan,nan,nan,nan,nan,-8.191126279863469167e-03,nan,nan,nan,nan,nan,nan,nan,nan,nan,nan,nan,nan,nan,nan,-4.436860068259385059e-03,nan,nan,nan,nan,nan
nan,nan,nan,nan,nan,nan,nan,nan,nan,nan,nan,nan,nan,nan,nan,nan,nan,-2.715231788079468592e-02,-3.973509933774834607e-02,nan,nan,-3.708609271523177764e-02,nan,nan,nan,nan,nan,nan,nan,nan,nan,nan,nan,nan,nan,nan,nan,-1.423841059602646252e-02,nan,nan,nan,-1.390728476821192529e-02,nan,nan,nan,nan,nan,nan,nan,nan,nan,nan,nan,nan,nan,nan,nan,nan,nan,7.615894039735104752e-03,2.649006622516569733e-03,nan,-9.933774834437070905e-03,-2.980132450331129945e-03,-1.324503311258278318e-02
nan,nan,nan,nan,nan,nan,nan,nan,nan,nan,nan,nan,nan,nan,nan,nan,nan,nan,nan,nan,nan,nan,-2.404006677796324126e-02,-1.469115191986638570e-02,-3.038397328881468212e-02,-3.338898163606007774e-02,nan,nan,nan,nan,nan,nan,nan,nan,nan,nan,nan,-8.347245409014991679e-03,-1.335559265442398582e-03,nan,nan,-6.343906510851394023e-03,nan,nan,nan,-1.235392320534218699e-02,nan,nan,nan,nan,nan,nan,nan,nan,nan,nan,nan,nan,nan,nan,6.677796327212060130e-03,nan,nan,8.347245409015057599e-03,nan
nan,nan,nan,nan,nan,-5.695142378559459213e-03,nan,nan,nan,-1.440536013400333173e-02,nan,nan,nan,nan,nan,nan,nan,nan,nan,nan,nan,nan,nan,nan,nan,nan,nan,nan,nan,7.035175879396993008e-03,nan,nan,nan,nan,nan,nan,-1.105527638190952934e-02,nan,-3.015075376884412874e-03,nan,nan,6.700167504187603922e-03,nan,nan,nan,nan,-1.541038525963149899e-02,nan,nan,nan,nan,nan,-1.675041876046923315e-03,nan,nan,nan,nan,nan,nan,nan,nan,nan,7.035175879396993008e-03,nan,-7.705192629815749497e-03
nan,nan,nan,nan,nan,nan,nan,nan,nan,5.623901581722346235e-03,nan,nan,nan,nan,nan,nan,nan,nan,nan,nan,nan,nan,nan,nan,nan,nan,nan,nan,nan,1.968365553602815371e-02,nan,nan,nan,nan,nan,nan,nan,4.217926186291798274e-03,4.217926186291820825e-03,nan,nan,1.898066783831287019e-02,nan,4.920913884007083530e-03,nan,nan,9.841827768014099406e-03,nan,nan,nan,nan,nan,nan,nan,nan,nan,-1.546572934973633462e-02,nan,nan,nan,-2.003514938488572955e-02,nan,nan,-2.284710017574687058e-02,nan
nan,nan,nan,nan,nan,1.288244766505619631e-03,nan,nan,nan,nan,nan,nan,-6.441223832528164724e-03,nan,nan,nan,nan,nan,nan,1.320450885668280651e-02,-1.223832528180350890e-02,nan,-6.441223832528186408e-03,nan,nan,nan,nan,nan,nan,1.706924315619968643e-02,nan,nan,nan,nan,nan,nan,nan,-1.288244766505632945e-02,3.220611916264104371e-04,nan,nan,nan,nan,nan,nan,nan,nan,nan,nan,nan,nan,nan,nan,nan,nan,nan,nan,nan,nan,nan,4.830917874396156719e-03,nan,nan,2.254428341384873222e-03,nan
nan,nan,nan,nan,nan,3.025210084033602524e-03,nan,-1.378151260504207817e-02,nan,nan,nan,nan,-1.142857142857145458e-02,nan,nan,nan,nan,-1.008403361344538743e-02,nan,nan,nan,nan,nan,nan,nan,nan,nan,nan,nan,7.058823529411739801e-03,nan,nan,nan,nan,nan,nan,-1.042016806722692070e-02,nan,nan,nan,nan,nan,nan,nan,nan,nan,nan,nan,nan,nan,1.680672268907557054e-03,nan,nan,nan,nan,nan,nan,nan,nan,1.714285714285708126e-02,nan,nan,nan,2.453781512605040030e-02,-1.008403361344556437e-03
nan,nan,nan,nan,nan,nan,nan,nan,nan,nan,nan,nan,nan,nan,nan,nan,nan,nan,-1.356521739130431801e-02,-7.304347826086909912e-03,-6.260869565217363868e-03,-2.086956521739125048e-02,-5.565217391304310909e-03,-3.478260869565215352e-02,nan,nan,nan,nan,nan,nan,nan,nan,nan,nan,nan,nan,-1.495652173913037883e-02,nan,nan,-4.521739130434743181e-03,nan,nan,nan,nan,nan,nan,nan,-6.956521739129861714e-04,nan,nan,nan,nan,nan,-7.652173913043447233e-03,nan,nan,nan,nan,nan,nan,nan,nan,nan,nan,nan
nan,nan,nan,nan,nan,nan,nan,nan,nan,nan,nan,nan,nan,nan,nan,nan,nan,-3.667232597623086565e-02,nan,nan,-3.191850594227503557e-02,nan,nan,nan,nan,-3.701188455008488226e-02,nan,-3.769100169779282528e-02,-4.074702886247871803e-02,nan,nan,nan,nan,nan,nan,nan,nan,nan,nan,nan,nan,nan,nan,nan,nan,nan,nan,nan,-2.886247877758909425e-02,nan,nan,nan,nan,nan,-7.130730050933742521e-03,nan,nan,nan,nan,nan,-1.018675721561934687e-03,-2.818336162988110960e-02,nan,-3.395585738539885941e-03,nan
nan,nan,nan,nan,-1.225165562913903619e-02,nan,nan,nan,nan,nan,nan,nan,nan,nan,nan,nan,nan,nan,-2.748344370860924396e-02,-1.357615894039734296e-02,-2.086092715231786451e-02,-2.748344370860924396e-02,-1.655629139072847117e-02,-3.841059602649006532e-02,nan,nan,nan,nan,nan,nan,nan,nan,nan,nan,nan,nan,nan,nan,nan,nan,nan,nan,nan,nan,nan,nan,nan,nan,nan,nan,nan,nan,nan,nan,nan,nan,nan,nan,nan,-3.311258278145379316e-04,9.933774834437248714e-04,nan,nan,1.986754966887427191e-03,nan
nan,nan,nan,nan,nan,nan,nan,nan,nan,nan,nan,nan,nan,nan,nan,nan,nan,nan,-2.601351351351348720e-02,1.351351351351353161e-02,6.418918918918947898e-03,-9.459459459459428760e-03,-1.081081081081076631e-02,-1.554054054054050324e-02,nan,-1.891891891891890262e-02,nan,nan,nan,1.689189189189193099e-02,nan,nan,nan,nan,nan,nan,nan,nan,nan,nan,nan,nan,nan,nan,nan,nan,nan,nan,nan,nan,nan,nan,nan,nan,nan,nan,nan,nan,nan,nan,nan,nan,-2.702702702702675097e-03,4.729729729729736931e-03,nan
nan,nan,nan,nan,nan,nan,nan,nan,nan,nan,nan,nan,nan,nan,nan,nan,nan,-2.829268292682927260e-02,-2.308943089430890577e-02,6.504065040650707907e-04,-2.211382113821136475e-02,-1.983739837398372854e-02,-2.178861788617885223e-02,nan,nan,nan,nan,nan,nan,nan,nan,nan,nan,nan,nan,nan,nan,nan,nan,nan,nan,nan,nan,nan,nan,nan,nan,nan,nan,nan,nan,nan,nan,nan,nan,nan,-5.853658536585326817e-03,nan,nan,-2.276422764227614519e-03,-7.804878048780450502e-03,nan,nan,nan,-1.951219512195101567e-03
nan,nan,-2.900000000000000494e-02,nan,nan,nan,nan,nan,nan,-1.766666666666662916e-02,nan,nan,nan,nan,-1.499999999999996822e-02,nan,nan,nan,nan,nan,nan,nan,nan,-2.866666666666663893e-02,nan,nan,nan,nan,nan,1.333333333333341962e-03,nan,-2.799999999999997977e-02,nan,nan,-1.599999999999996911e-02,nan,nan,nan,nan,-2.333333333333342634e-03,nan,nan,nan,nan,nan,nan,nan,nan,nan,nan,nan,nan,nan,nan,nan,nan,nan,nan,nan,-1.466666666666665078e-02,nan,nan,nan,nan,-1.166666666666666893e-02
nan,nan,nan,nan,nan,nan,nan,nan,nan,-2.188034188034191502e-02,nan,nan,nan,nan,nan,nan,nan,nan,nan,nan,nan,nan,nan,nan,nan,nan,nan,nan,nan,nan,nan,nan,nan,nan,nan,nan,nan,-2.735042735042747617e-03,3.418803418803406657e-03,nan,nan,-1.367521367521384867e-03,nan,nan,nan,nan,-6.837606837606835866e-03,nan,nan,nan,nan,-2.188034188034191502e-02,-2.564102564102566095e-02,nan,nan,nan,nan,nan,nan,nan,1.196581196581192330e-02,nan,nan,1.709401709401705410e-02,-8.205128205128220734e-03
nan,nan,-1.707717569786537659e-02,nan,nan,nan,nan,nan,nan,nan,nan,nan,nan,nan,nan,nan,-1.116584564860427856e-02,nan,nan,nan,nan,nan,nan,nan,nan,-1.116584564860427856e-02,-1.412151067323483798e-02,-1.970443349753701195e-02,nan,nan,nan,nan,nan,nan,nan,nan,nan,nan,nan,nan,nan,4.269293924466332872e-03,nan,nan,1.182266009852215270e-02,nan,nan,1.773399014778322819e-02,nan,nan,nan,nan,nan,nan,nan,nan,nan,nan,nan,7.553366174055819830e-03,nan,nan,nan,nan,6.896551724137922265e-03
