nan,nan,-2.68E-02,nan,nan,nan,nan,nan,nan,nan,nan,nan,nan,nan,nan,nan,nan,nan,nan,nan,nan,nan,nan,nan,nan,nan,nan,-2.98E-02,nan,1.64E-03,nan,-2.55E-02,nan,nan,nan,nan,nan,nan,nan,nan,nan,nan,nan,-9.82E-04,nan,nan,0.00E+00,nan,nan,3.27E-04,nan,nan,-9.82E-04,nan,nan,nan,nan,-2.36E-02,nan,0.00E+00,nan,nan,nan,nan,nan
nan,nan,-1.70E-02,nan,nan,nan,nan,nan,nan,nan,nan,nan,nan,nan,nan,nan,nan,nan,nan,nan,nan,nan,nan,nan,nan,nan,nan,-1.84E-02,nan,0.00E+00,nan,-2.20E-02,nan,nan,nan,nan,nan,nan,nan,nan,nan,nan,nan,-9.84E-04,nan,nan,0.00E+00,nan,nan,3.28E-04,nan,nan,-3.28E-03,nan,nan,nan,nan,-1.97E-02,nan,0.00E+00,nan,nan,nan,nan,nan
nan,nan,-2.41E-02,nan,nan,nan,nan,nan,nan,nan,nan,nan,nan,nan,nan,nan,nan,nan,nan,nan,nan,nan,nan,nan,nan,nan,nan,-2.65E-02,nan,0.00E+00,nan,-2.58E-02,nan,nan,nan,nan,nan,nan,nan,nan,nan,nan,nan,1.02E-03,nan,nan,0.00E+00,nan,nan,-1.70E-03,nan,nan,-4.75E-03,nan,nan,nan,nan,-2.48E-02,nan,0.00E+00,nan,nan,nan,nan,nan
nan,nan,-1.186161449752887176e-02,nan,nan,nan,nan,nan,nan,nan,nan,nan,nan,nan,-1.317957166392069637e-03,nan,nan,nan,nan,nan,nan,nan,nan,nan,nan,nan,nan,-6.589785831960459639e-03,nan,0.000000000000000000e+00,nan,-1.317957166392114089e-03,nan,nan,nan,nan,nan,nan,nan,nan,nan,nan,nan,2.965403624382201460e-03,nan,nan,0.000000000000000000e+00,nan,nan,-2.306425041186188542e-03,nan,nan,nan,nan,nan,nan,nan,-1.021416803953873950e-02,nan,0.000000000000000000e+00,nan,nan,nan,nan,nan
nan,nan,-1.833060556464811627e-02,nan,nan,nan,nan,nan,nan,nan,nan,nan,nan,nan,nan,nan,nan,nan,nan,nan,nan,nan,nan,nan,nan,nan,nan,-2.487725040916530933e-02,nan,0.000000000000000000e+00,nan,-2.422258592471355707e-02,nan,nan,nan,nan,nan,nan,nan,nan,nan,nan,nan,-2.291325695581036652e-03,nan,nan,0.000000000000000000e+00,nan,nan,0.000000000000000000e+00,nan,nan,-1.309328968903433841e-03,nan,nan,nan,nan,-1.767594108019638829e-02,nan,0.000000000000000000e+00,nan,nan,nan,nan,nan
nan,nan,3.921568627450943909e-03,nan,nan,nan,nan,nan,nan,nan,nan,nan,nan,nan,nan,nan,nan,nan,nan,nan,nan,nan,nan,nan,nan,nan,nan,4.575163398692794203e-03,nan,0.000000000000000000e+00,nan,5.555555555555535818e-03,nan,nan,nan,nan,nan,nan,nan,nan,nan,nan,nan,0.000000000000000000e+00,nan,nan,0.000000000000000000e+00,nan,nan,1.307189542483655487e-02,nan,nan,6.209150326797363562e-03,nan,nan,nan,nan,1.045751633986924389e-02,nan,0.000000000000000000e+00,nan,nan,nan,nan,nan
nan,nan,-1.669394435351876510e-02,nan,nan,nan,nan,nan,nan,nan,nan,nan,nan,nan,nan,nan,nan,nan,nan,nan,nan,nan,nan,nan,nan,nan,nan,-1.505728314238949893e-02,nan,0.000000000000000000e+00,nan,-1.505728314238949893e-02,nan,nan,nan,nan,nan,nan,nan,nan,nan,nan,nan,9.819967266776253624e-04,nan,nan,0.000000000000000000e+00,nan,nan,0.000000000000000000e+00,nan,nan,2.945990180032787183e-03,nan,nan,nan,nan,-1.898527004909979915e-02,nan,0.000000000000000000e+00,nan,nan,nan,nan,nan
nan,nan,4.227642276422804990e-03,nan,nan,nan,nan,nan,nan,nan,nan,nan,nan,nan,nan,nan,nan,nan,nan,nan,nan,nan,nan,nan,nan,nan,nan,8.130081300813052358e-03,nan,0.000000000000000000e+00,nan,1.105691056910576044e-02,nan,nan,nan,nan,nan,nan,nan,nan,nan,nan,nan,0.000000000000000000e+00,nan,nan,0.000000000000000000e+00,nan,nan,9.105691056910636752e-03,nan,nan,8.130081300813052358e-03,nan,nan,nan,nan,0.000000000000000000e+00,nan,0.000000000000000000e+00,nan,nan,nan,nan,nan
nan,nan,-1.262135922330103258e-02,nan,nan,nan,nan,nan,nan,nan,nan,nan,nan,nan,nan,nan,nan,nan,nan,nan,nan,nan,nan,nan,3.236245954692518190e-03,nan,nan,-1.100323624595476134e-02,nan,0.000000000000000000e+00,nan,-1.456310679611658686e-02,nan,nan,nan,nan,nan,nan,nan,nan,nan,nan,nan,-2.265372168284818244e-03,nan,nan,0.000000000000000000e+00,nan,nan,-1.618122977346314606e-03,nan,nan,nan,nan,nan,nan,nan,-9.061488673139207056e-03,nan,0.000000000000000000e+00,nan,nan,nan,nan,nan
nan,nan,-1.116584564860425600e-02,nan,nan,nan,nan,nan,nan,nan,nan,nan,nan,nan,-1.642036124794743479e-03,nan,nan,nan,nan,nan,nan,nan,nan,nan,nan,nan,nan,-1.116584564860425600e-02,nan,0.000000000000000000e+00,nan,-1.116584564860425600e-02,nan,nan,nan,nan,nan,nan,nan,nan,nan,nan,nan,1.313628899835794697e-03,nan,nan,0.000000000000000000e+00,nan,nan,-6.568144499178973483e-04,nan,nan,nan,nan,nan,nan,nan,-1.346469622331689618e-02,nan,0.000000000000000000e+00,nan,nan,nan,nan,nan
nan,nan,-5.601317957166384968e-03,nan,nan,nan,nan,nan,nan,nan,nan,nan,nan,nan,nan,nan,nan,nan,nan,nan,nan,nan,nan,-6.260296540362442555e-03,nan,nan,nan,-8.896210873146626064e-03,nan,0.000000000000000000e+00,nan,-1.153212520593080957e-02,nan,nan,nan,nan,nan,nan,nan,nan,nan,nan,nan,-1.317957166392069637e-03,nan,nan,0.000000000000000000e+00,nan,nan,-5.271828665568367885e-03,nan,nan,nan,nan,nan,nan,nan,-3.294892915980196426e-03,nan,0.000000000000000000e+00,nan,nan,nan,nan,nan
nan,nan,-1.041009463722399921e-02,nan,nan,nan,nan,nan,nan,nan,nan,nan,nan,nan,-4.416403785488931880e-03,nan,nan,nan,nan,nan,nan,nan,nan,nan,nan,nan,nan,-7.255520504731860151e-03,nan,0.000000000000000000e+00,nan,-6.940063091482628552e-03,nan,nan,nan,nan,nan,nan,nan,nan,nan,nan,nan,-2.208201892744465940e-03,nan,nan,0.000000000000000000e+00,nan,nan,6.309148264984187470e-04,nan,nan,nan,nan,nan,nan,nan,-1.324921135646690493e-02,nan,0.000000000000000000e+00,nan,nan,nan,nan,nan
nan,nan,-1.736334405144690507e-02,nan,nan,nan,nan,nan,nan,nan,nan,nan,nan,nan,nan,nan,nan,nan,nan,nan,nan,nan,nan,nan,nan,nan,nan,-2.186495176848868294e-02,nan,0.000000000000000000e+00,nan,-2.122186495176845572e-02,nan,nan,nan,nan,nan,nan,nan,nan,nan,nan,nan,1.286173633440568275e-03,nan,nan,0.000000000000000000e+00,nan,nan,0.000000000000000000e+00,nan,nan,1.607717041800693593e-03,nan,nan,nan,nan,-1.800643086816715657e-02,nan,0.000000000000000000e+00,nan,nan,nan,nan,nan
nan,nan,-2.452229299363057821e-02,nan,nan,nan,nan,nan,nan,nan,nan,nan,nan,nan,nan,nan,nan,nan,nan,nan,nan,nan,nan,nan,nan,nan,nan,-2.484076433121020638e-02,nan,0.000000000000000000e+00,nan,-2.452229299363060250e-02,nan,nan,nan,nan,nan,nan,nan,nan,nan,nan,nan,9.554140127388200060e-04,nan,nan,0.000000000000000000e+00,nan,nan,-1.910828025477751034e-03,nan,nan,-2.229299363057357739e-03,nan,nan,nan,nan,-2.292993630573249980e-02,nan,0.000000000000000000e+00,nan,nan,nan,nan,nan
nan,nan,-3.115577889447234197e-02,nan,nan,nan,nan,nan,nan,nan,nan,nan,nan,nan,nan,nan,nan,nan,nan,nan,nan,nan,nan,nan,nan,nan,nan,-3.618090452261302215e-02,nan,0.000000000000000000e+00,nan,-3.350083752093799966e-02,nan,nan,nan,nan,nan,nan,nan,nan,nan,nan,nan,4.440892098500626408e-17,nan,nan,0.000000000000000000e+00,nan,nan,0.000000000000000000e+00,nan,nan,-3.015075376884390757e-03,nan,nan,nan,nan,-2.881072026800666347e-02,nan,0.000000000000000000e+00,nan,nan,nan,nan,nan
nan,nan,-1.602671118530887145e-02,nan,nan,nan,nan,nan,nan,nan,nan,nan,nan,nan,nan,nan,nan,nan,nan,nan,nan,nan,nan,nan,nan,nan,nan,-2.070116861435728969e-02,nan,0.000000000000000000e+00,nan,-1.903171953255429136e-02,nan,nan,nan,nan,nan,nan,nan,nan,nan,nan,nan,-4.006677796327196180e-03,nan,nan,0.000000000000000000e+00,nan,nan,0.000000000000000000e+00,nan,nan,-5.676126878130194515e-03,nan,nan,nan,nan,-1.602671118530887145e-02,nan,0.000000000000000000e+00,nan,nan,nan,nan,nan
nan,nan,-8.496732026143783215e-03,nan,nan,nan,nan,nan,nan,nan,nan,nan,nan,nan,nan,nan,nan,nan,nan,nan,nan,nan,nan,nan,nan,nan,nan,-1.470588235294123525e-02,nan,0.000000000000000000e+00,nan,-1.339869281045755721e-02,nan,nan,nan,nan,nan,nan,nan,nan,nan,nan,nan,-9.803921568627416150e-04,nan,nan,0.000000000000000000e+00,nan,nan,-2.614379084967310973e-03,nan,nan,-3.921568627450966460e-03,nan,nan,nan,nan,-9.803921568627504621e-03,nan,0.000000000000000000e+00,nan,nan,nan,nan,nan
nan,nan,-2.105263157894738876e-02,nan,nan,nan,nan,nan,nan,nan,nan,nan,nan,nan,nan,nan,nan,nan,nan,nan,nan,nan,nan,nan,nan,nan,nan,-2.302631578947373844e-02,nan,0.000000000000000000e+00,nan,-1.973684210526320884e-02,nan,nan,nan,nan,nan,nan,nan,nan,nan,nan,nan,-2.302631578947433692e-03,nan,nan,0.000000000000000000e+00,nan,nan,0.000000000000000000e+00,nan,nan,-4.605263157894801465e-03,nan,nan,nan,nan,-1.875000000000002359e-02,nan,0.000000000000000000e+00,nan,nan,nan,nan,nan
nan,nan,-5.990016638935102659e-03,nan,nan,nan,nan,nan,nan,nan,nan,nan,nan,nan,nan,nan,nan,nan,nan,nan,nan,nan,nan,-5.990016638935102659e-03,nan,nan,nan,-8.319467554076531712e-03,nan,0.000000000000000000e+00,nan,-7.321131447587348080e-03,nan,nan,nan,nan,nan,nan,nan,nan,nan,nan,nan,-9.983361064891838488e-04,nan,nan,0.000000000000000000e+00,nan,nan,-1.331114808652244987e-03,nan,nan,nan,nan,nan,nan,nan,-3.660565723793674040e-03,nan,0.000000000000000000e+00,nan,nan,nan,nan,nan
nan,nan,-4.501607717041755316e-03,nan,nan,nan,nan,nan,nan,nan,nan,nan,nan,nan,nan,nan,nan,-3.858520900321504681e-03,nan,nan,nan,nan,nan,nan,nan,nan,nan,-4.180064308681630432e-03,nan,0.000000000000000000e+00,nan,-7.717041800643076148e-03,nan,nan,nan,nan,nan,nan,nan,nan,nan,nan,nan,-7.073954983922802961e-03,nan,nan,0.000000000000000000e+00,nan,nan,-2.893890675241128727e-03,nan,nan,nan,nan,nan,nan,nan,-4.501607717041777867e-03,nan,0.000000000000000000e+00,nan,nan,nan,nan,nan
nan,nan,-1.235772357723579143e-02,nan,nan,nan,nan,nan,nan,nan,nan,nan,nan,nan,nan,nan,nan,nan,nan,nan,nan,nan,nan,nan,nan,nan,nan,-1.495934959349596270e-02,nan,0.000000000000000000e+00,nan,-1.268292682926828140e-02,nan,nan,nan,nan,nan,nan,nan,nan,nan,nan,nan,-2.601626016260172140e-03,nan,nan,0.000000000000000000e+00,nan,nan,0.000000000000000000e+00,nan,nan,-1.300813008130097346e-03,nan,nan,nan,nan,-7.479674796747959667e-03,nan,0.000000000000000000e+00,nan,nan,nan,nan,nan
nan,nan,-1.435726210350589740e-02,nan,nan,nan,nan,nan,nan,nan,nan,nan,nan,nan,-3.338898163605996672e-03,nan,nan,nan,nan,nan,nan,nan,nan,nan,nan,nan,nan,-1.402337228714529635e-02,nan,0.000000000000000000e+00,nan,-1.335559265442407516e-02,nan,nan,nan,nan,nan,nan,nan,nan,nan,nan,nan,-1.035058430717867781e-02,nan,nan,0.000000000000000000e+00,nan,nan,-4.674457429048395687e-03,nan,nan,nan,nan,nan,nan,nan,-1.101836393989990073e-02,nan,0.000000000000000000e+00,nan,nan,nan,nan,nan
nan,nan,-1.276595744680846314e-02,nan,nan,nan,nan,-7.528641571194727780e-03,nan,nan,nan,nan,nan,nan,nan,nan,nan,nan,nan,nan,nan,nan,nan,nan,nan,nan,nan,-1.276595744680848396e-02,nan,0.000000000000000000e+00,nan,-1.047463175122744818e-02,nan,nan,nan,nan,nan,nan,nan,nan,nan,nan,nan,-4.582651391161940597e-03,nan,nan,0.000000000000000000e+00,nan,nan,-1.309328968903411506e-03,nan,nan,nan,nan,nan,nan,nan,-1.243862520458258701e-02,nan,0.000000000000000000e+00,nan,nan,nan,nan,nan
nan,nan,-8.988764044943864384e-03,nan,nan,nan,nan,nan,nan,nan,nan,nan,nan,nan,nan,nan,nan,nan,nan,nan,nan,nan,nan,nan,nan,nan,nan,-1.444622792937404546e-02,nan,0.000000000000000000e+00,nan,-1.444622792937404546e-02,nan,nan,nan,nan,nan,nan,nan,nan,nan,nan,nan,-9.630818619583258588e-04,nan,nan,0.000000000000000000e+00,nan,nan,-1.284109149277767956e-03,nan,nan,-6.420545746389283220e-04,nan,nan,nan,nan,-1.252006420545748178e-02,nan,0.000000000000000000e+00,nan,nan,nan,nan,nan
nan,nan,-2.276422764227645917e-02,nan,nan,nan,nan,nan,nan,nan,nan,nan,nan,nan,nan,nan,nan,nan,nan,nan,nan,nan,nan,nan,nan,nan,nan,-2.308943089430894741e-02,nan,0.000000000000000000e+00,nan,-2.341463414634148421e-02,nan,nan,nan,nan,nan,nan,nan,nan,nan,nan,nan,6.504065040650264468e-04,nan,nan,0.000000000000000000e+00,nan,nan,0.000000000000000000e+00,nan,nan,-2.601626016260216809e-03,nan,nan,nan,nan,-2.178861788617887305e-02,nan,0.000000000000000000e+00,nan,nan,nan,nan,nan
nan,nan,-1.615508885298866382e-02,nan,nan,nan,nan,nan,nan,nan,nan,nan,nan,nan,nan,nan,nan,nan,nan,nan,nan,nan,nan,nan,nan,nan,nan,-1.712439418416800141e-02,nan,0.000000000000000000e+00,nan,-2.067851373182549857e-02,nan,nan,nan,nan,nan,nan,nan,nan,nan,nan,nan,-1.615508885298844090e-03,nan,nan,0.000000000000000000e+00,nan,nan,0.000000000000000000e+00,nan,nan,-4.200323101777025774e-03,nan,nan,nan,nan,-1.583198707592890081e-02,nan,0.000000000000000000e+00,nan,nan,nan,nan,nan
nan,nan,1.016949152542401301e-03,nan,nan,nan,nan,nan,nan,nan,nan,nan,nan,nan,nan,nan,nan,nan,nan,nan,nan,nan,nan,-3.389830508474522830e-03,nan,nan,nan,-4.406779661016879679e-03,nan,0.000000000000000000e+00,nan,-2.033898305084713698e-03,nan,nan,nan,nan,nan,nan,nan,nan,nan,nan,nan,-1.016949152542356849e-03,nan,nan,0.000000000000000000e+00,nan,nan,0.000000000000000000e+00,nan,nan,nan,nan,nan,nan,nan,3.728813559322086135e-03,nan,0.000000000000000000e+00,nan,nan,nan,nan,nan
nan,nan,-2.321981424148602396e-02,nan,nan,nan,nan,nan,nan,nan,nan,nan,nan,nan,nan,nan,nan,nan,nan,nan,nan,nan,nan,nan,nan,nan,nan,-2.755417956656345396e-02,nan,0.000000000000000000e+00,nan,-2.662538699690399774e-02,nan,nan,nan,nan,nan,nan,nan,nan,nan,nan,nan,-3.095975232198089257e-03,nan,nan,0.000000000000000000e+00,nan,nan,0.000000000000000000e+00,nan,nan,-1.547987616099044629e-03,nan,nan,nan,nan,-2.136222910216713927e-02,nan,0.000000000000000000e+00,nan,nan,nan,nan,nan
nan,nan,-6.796116504854343709e-03,nan,nan,nan,nan,nan,nan,nan,nan,nan,nan,nan,nan,nan,nan,nan,nan,nan,nan,nan,nan,-5.177993527508095890e-03,nan,nan,nan,-4.530744336569569701e-03,nan,0.000000000000000000e+00,nan,-8.090614886731373537e-03,nan,nan,nan,nan,nan,nan,nan,nan,nan,nan,nan,-3.883495145631066063e-03,nan,nan,0.000000000000000000e+00,nan,nan,3.236245954692629320e-04,nan,nan,nan,nan,nan,nan,nan,-1.294498381877007276e-03,nan,0.000000000000000000e+00,nan,nan,nan,nan,nan
nan,nan,-1.241610738255034471e-02,nan,nan,nan,nan,nan,nan,nan,nan,nan,nan,nan,nan,nan,nan,nan,nan,nan,nan,nan,nan,nan,nan,nan,nan,-7.382550335570470593e-03,nan,0.000000000000000000e+00,nan,-9.395973154362403240e-03,nan,nan,nan,nan,nan,nan,nan,nan,nan,nan,nan,-1.006711409395988441e-03,nan,nan,0.000000000000000000e+00,nan,nan,0.000000000000000000e+00,nan,nan,-1.342281879194628848e-03,nan,nan,nan,nan,-8.053691275167796509e-03,nan,0.000000000000000000e+00,nan,nan,nan,nan,nan
nan,nan,-1.931260229132571865e-02,nan,nan,nan,nan,nan,nan,nan,nan,nan,nan,nan,nan,nan,nan,nan,nan,nan,nan,nan,nan,nan,nan,nan,nan,-2.258592471358431691e-02,nan,0.000000000000000000e+00,nan,-2.193126022913263057e-02,nan,nan,nan,nan,nan,nan,nan,nan,nan,nan,nan,-4.440892098500626408e-17,nan,nan,0.000000000000000000e+00,nan,nan,0.000000000000000000e+00,nan,nan,-1.636661211129353342e-03,nan,nan,nan,nan,-1.996726677577747092e-02,nan,0.000000000000000000e+00,nan,nan,nan,nan,nan
nan,nan,-2.611464968152863581e-02,nan,nan,nan,nan,nan,nan,nan,nan,nan,nan,nan,nan,nan,nan,nan,nan,nan,nan,nan,nan,nan,nan,nan,nan,-2.738853503184708257e-02,nan,0.000000000000000000e+00,nan,-3.057324840764326021e-02,nan,nan,nan,nan,nan,nan,nan,nan,nan,nan,nan,-9.554140127388200060e-04,nan,nan,0.000000000000000000e+00,nan,nan,-9.554140127388200060e-04,nan,nan,-3.184713375795622525e-04,nan,nan,nan,nan,-2.579617834394898335e-02,nan,0.000000000000000000e+00,nan,nan,nan,nan,nan
nan,nan,-7.177814029363771206e-03,nan,nan,nan,nan,nan,nan,nan,nan,nan,nan,nan,nan,nan,nan,nan,nan,nan,nan,nan,nan,nan,nan,nan,nan,-7.504078303425742828e-03,nan,0.000000000000000000e+00,nan,-8.809135399673716921e-03,nan,nan,nan,nan,nan,nan,nan,nan,nan,nan,nan,-3.588907014681908154e-03,nan,nan,0.000000000000000000e+00,nan,nan,-1.305057096247974526e-03,nan,nan,-2.283849918433933195e-03,nan,nan,nan,nan,-6.851549755301777900e-03,nan,0.000000000000000000e+00,nan,nan,nan,nan,nan
nan,nan,-5.071315372424667345e-03,nan,nan,nan,nan,nan,nan,nan,nan,nan,nan,nan,nan,nan,nan,nan,nan,nan,nan,nan,nan,-1.267828843106144718e-03,nan,nan,nan,-7.290015847860487064e-03,nan,0.000000000000000000e+00,nan,-6.656101426307414921e-03,nan,nan,nan,nan,nan,nan,nan,nan,nan,nan,nan,2.220446049250313204e-17,nan,nan,0.000000000000000000e+00,nan,nan,3.169572107765583516e-04,nan,nan,nan,nan,nan,nan,nan,-2.218700475435775483e-03,nan,0.000000000000000000e+00,nan,nan,nan,nan,nan
nan,nan,-1.393841166936795641e-02,nan,nan,nan,nan,nan,nan,nan,nan,nan,nan,nan,nan,nan,nan,nan,nan,nan,nan,nan,nan,nan,nan,nan,nan,-1.361426256077797811e-02,nan,0.000000000000000000e+00,nan,-1.491085899513779935e-02,nan,nan,nan,nan,nan,nan,nan,nan,nan,nan,nan,1.944894651539707999e-03,nan,nan,0.000000000000000000e+00,nan,nan,0.000000000000000000e+00,nan,nan,2.269043760129640756e-03,nan,nan,nan,nan,-1.426256077795788960e-02,nan,0.000000000000000000e+00,nan,nan,nan,nan,nan
nan,nan,-1.247947454844005113e-02,nan,nan,nan,nan,nan,nan,nan,nan,nan,nan,nan,nan,nan,nan,nan,nan,nan,nan,nan,nan,nan,nan,nan,nan,-1.412151067323479461e-02,nan,0.000000000000000000e+00,nan,-1.740558292282428157e-02,nan,nan,nan,nan,nan,nan,nan,nan,nan,nan,nan,-3.284072249589486741e-04,nan,nan,0.000000000000000000e+00,nan,nan,-2.955665024630538176e-03,nan,nan,0.000000000000000000e+00,nan,nan,nan,nan,-1.313628899835794783e-02,nan,0.000000000000000000e+00,nan,nan,nan,nan,nan
nan,nan,6.329113924050578169e-03,nan,nan,nan,nan,nan,nan,nan,nan,nan,nan,nan,nan,nan,nan,nan,nan,nan,nan,nan,nan,nan,nan,nan,nan,6.962025316455666517e-03,nan,0.000000000000000000e+00,nan,-1.898734177215244444e-03,nan,nan,nan,nan,nan,nan,nan,nan,nan,nan,nan,0.000000000000000000e+00,nan,nan,0.000000000000000000e+00,nan,nan,1.455696202531642225e-02,nan,nan,7.594936708860711497e-03,nan,nan,nan,nan,9.493670886075888937e-03,nan,0.000000000000000000e+00,nan,nan,nan,nan,nan
nan,nan,-1.186440677966105195e-02,nan,nan,nan,nan,nan,nan,nan,nan,nan,nan,nan,nan,nan,nan,nan,nan,nan,nan,nan,nan,nan,-2.033898305084824720e-03,nan,nan,-1.016949152542379053e-02,nan,0.000000000000000000e+00,nan,-8.813559322033958851e-03,nan,nan,nan,nan,nan,nan,nan,nan,nan,nan,nan,-4.440892098500626408e-17,nan,nan,0.000000000000000000e+00,nan,nan,0.000000000000000000e+00,nan,nan,nan,nan,nan,nan,nan,-1.152542372881359967e-02,nan,0.000000000000000000e+00,nan,nan,nan,nan,nan
nan,nan,-1.647446457990118379e-02,nan,nan,nan,nan,nan,nan,nan,nan,nan,nan,nan,nan,nan,nan,nan,nan,nan,nan,nan,nan,nan,nan,nan,nan,-1.548599670510713081e-02,nan,0.000000000000000000e+00,nan,-1.779242174629327294e-02,nan,nan,nan,nan,nan,nan,nan,nan,nan,nan,nan,-4.283360790774293214e-03,nan,nan,0.000000000000000000e+00,nan,nan,0.000000000000000000e+00,nan,nan,-3.294892915980263213e-03,nan,nan,nan,nan,-1.383855024711702110e-02,nan,0.000000000000000000e+00,nan,nan,nan,nan,nan
nan,nan,-1.546052631578944715e-02,nan,nan,nan,nan,nan,nan,nan,nan,nan,nan,nan,nan,nan,nan,nan,nan,nan,nan,nan,nan,nan,nan,nan,nan,-1.940789473684207886e-02,nan,0.000000000000000000e+00,nan,-1.743421052631577428e-02,nan,nan,nan,nan,nan,nan,nan,nan,nan,nan,nan,-1.973684210526260776e-03,nan,nan,0.000000000000000000e+00,nan,nan,-2.960526315789446892e-03,nan,nan,-3.947368421052588339e-03,nan,nan,nan,nan,-1.348684210526314084e-02,nan,0.000000000000000000e+00,nan,nan,nan,nan,nan
nan,nan,-1.987179487179491222e-02,nan,nan,nan,nan,nan,nan,nan,nan,nan,nan,nan,-6.730769230769317879e-03,nan,nan,nan,nan,nan,nan,nan,nan,nan,nan,nan,nan,-1.666666666666671848e-02,nan,0.000000000000000000e+00,nan,-1.474358974358980223e-02,nan,nan,nan,nan,nan,nan,nan,nan,nan,nan,nan,-2.884615384615463272e-03,nan,nan,0.000000000000000000e+00,nan,nan,0.000000000000000000e+00,nan,nan,nan,nan,nan,nan,nan,-2.179487179487182846e-02,nan,0.000000000000000000e+00,nan,nan,nan,nan,nan
nan,nan,-5.970149253731316455e-03,nan,nan,nan,nan,nan,nan,nan,nan,nan,nan,nan,nan,nan,nan,nan,nan,nan,nan,nan,nan,nan,nan,nan,nan,-5.306799336650058589e-03,nan,0.000000000000000000e+00,nan,-7.960199004975087450e-03,nan,nan,nan,nan,nan,nan,nan,nan,nan,nan,nan,-3.980099502487543725e-03,nan,nan,0.000000000000000000e+00,nan,nan,-2.653399668325029295e-03,nan,nan,-5.970149253731316455e-03,nan,nan,nan,nan,-6.633499170812573236e-04,nan,0.000000000000000000e+00,nan,nan,nan,nan,nan
nan,nan,-6.329113924050666640e-04,nan,nan,nan,nan,nan,nan,nan,nan,nan,nan,nan,nan,nan,nan,nan,nan,nan,nan,nan,nan,9.493670886075999960e-04,nan,nan,nan,-1.265822784810133328e-03,nan,2.531645569620266656e-03,nan,-4.430379746835466648e-03,nan,nan,nan,nan,nan,nan,nan,nan,nan,nan,nan,0.000000000000000000e+00,nan,nan,0.000000000000000000e+00,nan,nan,0.000000000000000000e+00,nan,nan,nan,nan,nan,nan,nan,-2.215189873417733324e-03,nan,0.000000000000000000e+00,nan,nan,nan,nan,nan
nan,nan,-1.963993453355152713e-02,nan,nan,nan,nan,-3.600654664484448375e-03,nan,nan,nan,nan,nan,nan,nan,nan,nan,nan,nan,nan,nan,nan,nan,nan,nan,nan,nan,-1.865793780687394904e-02,nan,0.000000000000000000e+00,nan,-1.505728314238949893e-02,nan,nan,nan,nan,nan,nan,nan,nan,nan,nan,nan,9.819967266775809101e-04,nan,nan,0.000000000000000000e+00,nan,nan,1.636661211129308889e-03,nan,nan,nan,nan,nan,nan,nan,-1.767594108019638829e-02,nan,0.000000000000000000e+00,nan,nan,nan,nan,nan
nan,nan,-2.450980392156863058e-02,nan,nan,nan,nan,nan,nan,nan,nan,nan,nan,nan,nan,nan,nan,nan,nan,nan,nan,nan,nan,nan,nan,nan,nan,-2.091503267973850860e-02,nan,0.000000000000000000e+00,nan,-1.895424836601300456e-02,nan,nan,nan,nan,nan,nan,nan,nan,nan,nan,nan,3.921568627450966460e-03,nan,nan,0.000000000000000000e+00,nan,nan,-6.535947712418277433e-04,nan,nan,-1.960784313725483230e-03,nan,nan,nan,nan,-2.091503267973850860e-02,nan,0.000000000000000000e+00,nan,nan,nan,nan,nan
nan,nan,-6.249999999999977796e-03,nan,nan,nan,nan,nan,nan,nan,nan,nan,nan,nan,nan,nan,nan,nan,nan,nan,nan,nan,nan,-7.236842105263141360e-03,nan,nan,nan,-8.552631578947344701e-03,nan,0.000000000000000000e+00,nan,-5.263157894736791680e-03,nan,nan,nan,nan,nan,nan,nan,nan,nan,nan,nan,9.868421052631637814e-04,nan,nan,0.000000000000000000e+00,nan,nan,-1.644736842105198882e-03,nan,nan,nan,nan,nan,nan,nan,-2.302631578947322670e-03,nan,0.000000000000000000e+00,nan,nan,nan,nan,nan
nan,nan,-2.247557003257318747e-02,nan,nan,nan,nan,nan,nan,nan,nan,nan,nan,nan,nan,nan,nan,nan,nan,nan,nan,nan,nan,nan,nan,nan,nan,-2.280130293159599031e-02,nan,0.000000000000000000e+00,nan,-1.921824104234517300e-02,nan,nan,nan,nan,nan,nan,nan,nan,nan,nan,nan,3.908794788273617545e-03,nan,nan,0.000000000000000000e+00,nan,nan,0.000000000000000000e+00,nan,nan,-1.628664495114007238e-03,nan,nan,nan,nan,-2.345276872964159251e-02,nan,0.000000000000000000e+00,nan,nan,nan,nan,nan
nan,nan,-1.737704918032785192e-02,nan,nan,nan,nan,nan,nan,nan,nan,nan,nan,nan,nan,nan,nan,nan,nan,nan,nan,nan,nan,nan,nan,nan,nan,-1.868852459016390188e-02,nan,0.000000000000000000e+00,nan,-2.032786885245898428e-02,nan,nan,nan,nan,nan,nan,nan,nan,nan,nan,nan,9.836065573770591541e-04,nan,nan,0.000000000000000000e+00,nan,nan,0.000000000000000000e+00,nan,nan,6.557377049180246548e-04,nan,nan,nan,nan,-1.442622950819669701e-02,nan,0.000000000000000000e+00,nan,nan,nan,nan,nan
nan,nan,-1.776315789473683487e-02,nan,nan,nan,nan,nan,nan,nan,nan,nan,nan,nan,-3.947368421052655126e-03,nan,nan,nan,nan,nan,nan,nan,nan,nan,nan,nan,nan,-1.381578947368422572e-02,nan,0.000000000000000000e+00,nan,-1.315789473684210106e-02,nan,nan,nan,nan,nan,nan,nan,nan,nan,nan,nan,-3.947368421052632574e-03,nan,nan,0.000000000000000000e+00,nan,nan,-1.973684210526349680e-03,nan,nan,nan,nan,nan,nan,nan,-1.447368421052630527e-02,nan,0.000000000000000000e+00,nan,nan,nan,nan,nan
nan,nan,-8.389261744966481152e-03,nan,nan,nan,nan,nan,nan,nan,nan,nan,nan,nan,nan,nan,nan,nan,nan,nan,nan,nan,nan,nan,nan,nan,nan,-1.275167785234903109e-02,nan,0.000000000000000000e+00,nan,-1.275167785234900854e-02,nan,nan,nan,nan,nan,nan,nan,nan,nan,nan,nan,0.000000000000000000e+00,nan,nan,0.000000000000000000e+00,nan,nan,0.000000000000000000e+00,nan,nan,1.342281879194584613e-03,nan,nan,nan,nan,-1.241610738255034471e-02,nan,0.000000000000000000e+00,nan,nan,nan,nan,nan
nan,nan,3.424657534246256072e-04,nan,nan,nan,nan,nan,nan,nan,nan,nan,nan,nan,nan,nan,nan,nan,nan,nan,nan,nan,nan,-1.027397260274010016e-03,nan,nan,nan,-6.849315068493622366e-04,nan,0.000000000000000000e+00,nan,-3.767123287671236918e-03,nan,nan,nan,nan,nan,nan,nan,nan,nan,nan,nan,2.397260273972601132e-03,nan,nan,0.000000000000000000e+00,nan,nan,0.000000000000000000e+00,nan,nan,nan,nan,nan,nan,nan,2.054794520547909009e-03,nan,0.000000000000000000e+00,nan,nan,nan,nan,nan
nan,nan,-4.560260586319220613e-03,nan,nan,nan,nan,-4.560260586319220613e-03,nan,nan,nan,nan,nan,nan,nan,nan,nan,nan,nan,nan,nan,nan,nan,nan,nan,nan,nan,-4.885993485342021714e-03,nan,0.000000000000000000e+00,nan,-4.560260586319220613e-03,nan,nan,nan,nan,nan,nan,nan,nan,nan,nan,nan,-5.537459283387624782e-03,nan,nan,0.000000000000000000e+00,nan,nan,0.000000000000000000e+00,nan,nan,nan,nan,nan,nan,nan,-3.583061889250816010e-03,nan,0.000000000000000000e+00,nan,nan,nan,nan,nan
nan,nan,-4.552845528455318376e-03,nan,nan,nan,nan,nan,nan,nan,nan,nan,nan,nan,nan,nan,nan,nan,nan,nan,nan,nan,nan,nan,nan,nan,nan,-1.560975609756098947e-02,nan,0.000000000000000000e+00,nan,-1.300813008130081647e-02,nan,nan,nan,nan,nan,nan,nan,nan,nan,nan,nan,0.000000000000000000e+00,nan,nan,0.000000000000000000e+00,nan,nan,-2.926829268292707644e-03,nan,nan,-4.878048780487786659e-03,nan,nan,nan,nan,-3.577235772357756534e-03,nan,0.000000000000000000e+00,nan,nan,nan,nan,nan
nan,nan,-1.491085899513773169e-02,nan,nan,nan,nan,nan,nan,nan,nan,nan,nan,nan,nan,nan,nan,nan,nan,nan,nan,nan,nan,nan,nan,nan,nan,-1.555915721231764318e-02,nan,0.000000000000000000e+00,nan,-1.393841166936788875e-02,nan,nan,nan,nan,nan,nan,nan,nan,nan,nan,nan,-3.889789303079349645e-03,nan,nan,0.000000000000000000e+00,nan,nan,3.241491085899550375e-04,nan,nan,-1.944894651539685881e-03,nan,nan,nan,nan,-1.329011345218797900e-02,nan,0.000000000000000000e+00,nan,nan,nan,nan,nan
nan,nan,-2.508250825082512098e-02,nan,nan,nan,nan,nan,nan,nan,nan,nan,nan,nan,nan,nan,nan,nan,nan,nan,nan,nan,nan,nan,nan,nan,nan,-2.772277227722774740e-02,nan,0.000000000000000000e+00,nan,-2.673267326732675642e-02,nan,nan,nan,nan,nan,nan,nan,nan,nan,nan,nan,-2.220446049250313204e-17,nan,nan,0.000000000000000000e+00,nan,nan,0.000000000000000000e+00,nan,nan,6.600660066006458710e-04,nan,nan,nan,nan,-2.904290429042908489e-02,nan,0.000000000000000000e+00,nan,nan,nan,nan,nan
nan,nan,-2.215189873417644419e-03,nan,nan,nan,nan,nan,nan,nan,nan,nan,nan,nan,nan,nan,nan,nan,nan,nan,nan,nan,nan,nan,nan,nan,nan,-6.645569620253088949e-03,nan,0.000000000000000000e+00,nan,-5.696202531645511505e-03,nan,nan,nan,nan,nan,nan,nan,nan,nan,nan,nan,-3.481012658227755630e-03,nan,nan,0.000000000000000000e+00,nan,nan,3.164556962025333320e-04,nan,nan,-4.746835443037888957e-03,nan,nan,nan,nan,-4.113924050632822293e-03,nan,0.000000000000000000e+00,nan,nan,nan,nan,nan
nan,nan,-2.401315789473679185e-02,nan,nan,nan,nan,nan,nan,nan,nan,nan,nan,nan,nan,nan,nan,nan,nan,nan,nan,nan,nan,nan,nan,nan,nan,-2.631578947368416049e-02,nan,0.000000000000000000e+00,nan,-2.302631578947365171e-02,nan,nan,nan,nan,nan,nan,nan,nan,nan,nan,nan,-4.276315789473628115e-03,nan,nan,0.000000000000000000e+00,nan,nan,-1.644736842105198882e-03,nan,nan,-6.907894736842079900e-03,nan,nan,nan,nan,-2.335526315789471230e-02,nan,0.000000000000000000e+00,nan,nan,nan,nan,nan
nan,nan,-1.393841166936793385e-02,nan,nan,nan,nan,nan,nan,nan,nan,nan,nan,nan,nan,nan,nan,nan,nan,nan,nan,nan,nan,nan,nan,nan,nan,-1.296596434359809091e-02,nan,0.000000000000000000e+00,nan,-1.685575364667752860e-02,nan,nan,nan,nan,nan,nan,nan,nan,nan,nan,nan,-4.213938411669415976e-03,nan,nan,0.000000000000000000e+00,nan,nan,-2.917341977309595609e-03,nan,nan,-3.241491085899550484e-03,nan,nan,nan,nan,-8.427876823338741746e-03,nan,0.000000000000000000e+00,nan,nan,nan,nan,nan
nan,nan,-1.264181523500811435e-02,nan,nan,nan,nan,nan,nan,nan,nan,nan,nan,nan,0.000000000000000000e+00,nan,nan,nan,nan,nan,nan,nan,nan,nan,nan,nan,nan,-1.166936790923827141e-02,nan,0.000000000000000000e+00,nan,-1.231766612641818116e-02,nan,nan,nan,nan,nan,nan,nan,nan,nan,nan,nan,9.724473257698651668e-04,nan,nan,0.000000000000000000e+00,nan,nan,0.000000000000000000e+00,nan,nan,nan,nan,nan,nan,nan,-9.400324149108629790e-03,nan,0.000000000000000000e+00,nan,nan,nan,nan,nan
nan,nan,-9.693053311793198984e-03,nan,nan,nan,nan,-7.108239095314971764e-03,nan,nan,nan,nan,nan,nan,nan,nan,nan,nan,nan,nan,nan,nan,nan,nan,nan,nan,nan,-1.357027463651043833e-02,nan,0.000000000000000000e+00,nan,-1.001615508885296199e-02,nan,nan,nan,nan,nan,nan,nan,nan,nan,nan,nan,-3.231017770597666063e-03,nan,nan,0.000000000000000000e+00,nan,nan,0.000000000000000000e+00,nan,nan,nan,nan,nan,nan,nan,-8.400646203554074098e-03,nan,0.000000000000000000e+00,nan,nan,nan,nan,nan
nan,nan,-1.320132013201291742e-03,nan,nan,nan,nan,nan,nan,nan,nan,nan,nan,nan,nan,nan,nan,nan,nan,nan,nan,nan,nan,2.220446049250313204e-17,nan,nan,nan,-1.650165016501614623e-03,nan,0.000000000000000000e+00,nan,-2.310231023102260386e-03,nan,nan,nan,nan,nan,nan,nan,nan,nan,nan,nan,6.600660066006902148e-04,nan,nan,0.000000000000000000e+00,nan,nan,-1.650165016501614623e-03,nan,nan,nan,nan,nan,nan,nan,2.640264026402649837e-03,nan,0.000000000000000000e+00,nan,nan,nan,nan,nan
nan,nan,-1.764705882352946009e-02,nan,nan,nan,nan,nan,nan,nan,nan,nan,nan,nan,nan,nan,nan,nan,nan,nan,nan,nan,nan,nan,nan,nan,nan,-1.699346405228763235e-02,nan,0.000000000000000000e+00,nan,-1.764705882352946009e-02,nan,nan,nan,nan,nan,nan,nan,nan,nan,nan,nan,-9.803921568627416150e-04,nan,nan,0.000000000000000000e+00,nan,nan,0.000000000000000000e+00,nan,nan,-3.267973856209138717e-04,nan,nan,nan,nan,-1.568627450980397686e-02,nan,0.000000000000000000e+00,nan,nan,nan,nan,nan
nan,nan,-1.221864951768487570e-02,nan,nan,nan,nan,-7.717041800643120383e-03,nan,nan,nan,nan,nan,nan,nan,nan,nan,nan,nan,nan,nan,nan,nan,nan,nan,nan,nan,-1.189710610932475168e-02,nan,0.000000000000000000e+00,nan,-1.061093247588424868e-02,nan,nan,nan,nan,nan,nan,nan,nan,nan,nan,nan,-4.180064308681697219e-03,nan,nan,0.000000000000000000e+00,nan,nan,0.000000000000000000e+00,nan,nan,nan,nan,nan,nan,nan,-1.093247588424437443e-02,nan,0.000000000000000000e+00,nan,nan,nan,nan,nan
nan,nan,-1.207177814029361008e-02,nan,nan,nan,nan,nan,nan,nan,nan,nan,nan,nan,nan,nan,nan,nan,nan,nan,nan,nan,nan,nan,nan,nan,nan,-1.076672104404565768e-02,nan,0.000000000000000000e+00,nan,-1.207177814029363264e-02,nan,nan,nan,nan,nan,nan,nan,nan,nan,nan,nan,3.262642740619936315e-04,nan,nan,0.000000000000000000e+00,nan,nan,0.000000000000000000e+00,nan,nan,-2.610114192495904817e-03,nan,nan,nan,nan,-1.174551386623159423e-02,nan,0.000000000000000000e+00,nan,nan,nan,nan,nan
nan,nan,-1.298701298701299134e-02,nan,nan,nan,nan,-6.818181818181767544e-03,nan,nan,nan,nan,nan,nan,nan,nan,nan,nan,nan,nan,nan,nan,nan,nan,nan,nan,nan,-1.136363636363635354e-02,nan,0.000000000000000000e+00,nan,-1.331168831168831959e-02,nan,nan,nan,nan,nan,nan,nan,nan,nan,nan,nan,-4.870129870129846598e-03,nan,nan,0.000000000000000000e+00,nan,nan,6.493506493506550964e-04,nan,nan,nan,nan,nan,nan,nan,-9.740259740259715748e-03,nan,0.000000000000000000e+00,nan,nan,nan,nan,nan
nan,nan,-1.558441558441558961e-02,nan,nan,nan,nan,-6.818181818181790095e-03,nan,nan,nan,nan,nan,nan,nan,nan,nan,nan,nan,nan,nan,nan,nan,nan,nan,nan,nan,-1.168831168831168180e-02,nan,0.000000000000000000e+00,nan,-1.298701298701299134e-02,nan,nan,nan,nan,nan,nan,nan,nan,nan,nan,nan,-5.519480519480479686e-03,nan,nan,0.000000000000000000e+00,nan,nan,0.000000000000000000e+00,nan,nan,nan,nan,nan,nan,nan,-1.103896103896102529e-02,nan,0.000000000000000000e+00,nan,nan,nan,nan,nan
nan,nan,-1.387096774193550229e-02,nan,nan,nan,nan,nan,nan,nan,nan,nan,nan,nan,nan,nan,nan,nan,nan,nan,nan,nan,nan,nan,nan,nan,nan,-1.354838709677419484e-02,nan,0.000000000000000000e+00,nan,-1.419354838709676637e-02,nan,nan,nan,nan,nan,nan,nan,nan,nan,nan,nan,0.000000000000000000e+00,nan,nan,0.000000000000000000e+00,nan,nan,0.000000000000000000e+00,nan,nan,-4.193548387096779177e-03,nan,nan,nan,nan,-1.225806451612900839e-02,nan,0.000000000000000000e+00,nan,nan,nan,nan,nan
nan,nan,-3.889789303079460667e-03,nan,nan,nan,nan,nan,nan,nan,nan,nan,nan,nan,nan,nan,nan,-3.241491085899550484e-03,nan,nan,nan,nan,nan,nan,nan,nan,nan,-4.213938411669415976e-03,nan,0.000000000000000000e+00,nan,-6.482982171799078416e-03,nan,nan,nan,nan,nan,nan,nan,nan,nan,nan,nan,-1.296596434359820150e-03,nan,nan,0.000000000000000000e+00,nan,nan,-1.296596434359842485e-03,nan,nan,nan,nan,nan,nan,nan,-1.944894651539730334e-03,nan,0.000000000000000000e+00,nan,nan,nan,nan,nan
nan,nan,-1.211129296235684619e-02,nan,nan,nan,nan,nan,nan,nan,nan,nan,nan,nan,nan,nan,nan,nan,nan,nan,nan,nan,nan,nan,nan,nan,nan,-1.538461538461541843e-02,nan,0.000000000000000000e+00,nan,-1.571194762684127028e-02,nan,nan,nan,nan,nan,nan,nan,nan,nan,nan,nan,-1.636661211129375459e-03,nan,nan,0.000000000000000000e+00,nan,nan,-1.309328968903500411e-03,nan,nan,-3.927986906710345325e-03,nan,nan,nan,nan,-1.734860883797055900e-02,nan,0.000000000000000000e+00,nan,nan,nan,nan,nan
nan,nan,-2.240259740259742394e-02,nan,nan,nan,nan,nan,nan,nan,nan,nan,nan,nan,nan,nan,nan,nan,nan,nan,nan,nan,nan,nan,nan,nan,nan,-2.629870129870133175e-02,nan,0.000000000000000000e+00,nan,-2.759740259740262047e-02,nan,nan,nan,nan,nan,nan,nan,nan,nan,nan,nan,-3.246753246753275482e-04,nan,nan,0.000000000000000000e+00,nan,nan,-2.272727272727293000e-03,nan,nan,-3.571428571428602976e-03,nan,nan,nan,nan,-2.272727272727272790e-02,nan,0.000000000000000000e+00,nan,nan,nan,nan,nan
nan,nan,-2.399999999999995540e-02,nan,nan,nan,nan,nan,nan,nan,nan,nan,nan,nan,nan,nan,nan,nan,nan,nan,nan,nan,nan,nan,nan,nan,nan,-2.623999999999995086e-02,nan,0.000000000000000000e+00,nan,-2.463999999999995014e-02,nan,nan,nan,nan,nan,nan,nan,nan,nan,nan,nan,-3.839999999999954561e-03,nan,nan,0.000000000000000000e+00,nan,nan,0.000000000000000000e+00,nan,nan,-4.159999999999941522e-03,nan,nan,nan,nan,-2.431999999999996318e-02,nan,0.000000000000000000e+00,nan,nan,nan,nan,nan
nan,nan,-1.669394435351883102e-02,nan,nan,nan,nan,nan,nan,nan,nan,nan,nan,nan,nan,nan,nan,nan,nan,nan,nan,nan,nan,nan,nan,nan,nan,-1.865793780687399067e-02,nan,0.000000000000000000e+00,nan,-1.276595744680852906e-02,nan,nan,nan,nan,nan,nan,nan,nan,nan,nan,nan,3.273322422258528766e-04,nan,nan,0.000000000000000000e+00,nan,nan,1.636661211129286555e-03,nan,nan,-3.927986906710301089e-03,nan,nan,nan,nan,-1.603927986906710304e-02,nan,0.000000000000000000e+00,nan,nan,nan,nan,nan
nan,nan,-2.082018927444797413e-02,nan,nan,nan,nan,nan,nan,nan,nan,nan,nan,nan,nan,nan,nan,nan,nan,nan,nan,nan,nan,nan,nan,nan,nan,-2.208201892744485889e-02,nan,0.000000000000000000e+00,nan,-2.113564668769718491e-02,nan,nan,nan,nan,nan,nan,nan,nan,nan,nan,nan,-5.678233438485879962e-03,nan,nan,0.000000000000000000e+00,nan,nan,3.154574132492093735e-04,nan,nan,-1.577287066246046976e-03,nan,nan,nan,nan,-2.492113564668776288e-02,nan,0.000000000000000000e+00,nan,nan,nan,nan,nan
nan,nan,-1.948051948051952170e-02,nan,nan,nan,nan,nan,nan,nan,nan,nan,nan,nan,-3.246753246753497743e-04,nan,nan,nan,nan,nan,nan,nan,nan,nan,nan,nan,nan,-1.233766233766235912e-02,nan,0.000000000000000000e+00,nan,-1.298701298701301389e-02,nan,nan,nan,nan,nan,nan,nan,nan,nan,nan,nan,-5.194805194805240771e-03,nan,nan,0.000000000000000000e+00,nan,nan,0.000000000000000000e+00,nan,nan,nan,nan,nan,nan,nan,-1.331168831168834041e-02,nan,0.000000000000000000e+00,nan,nan,nan,nan,nan
nan,nan,-1.661129568106334232e-03,nan,nan,nan,nan,nan,nan,nan,nan,nan,nan,nan,nan,nan,nan,nan,nan,nan,nan,nan,nan,-9.966777408638271673e-04,nan,nan,nan,-3.986710963455197647e-03,nan,0.000000000000000000e+00,nan,-3.654485049833944114e-03,nan,nan,nan,nan,nan,nan,nan,nan,nan,nan,nan,3.654485049833810974e-03,nan,nan,0.000000000000000000e+00,nan,nan,3.322259136212535324e-04,nan,nan,nan,nan,nan,nan,nan,-4.983388704318980796e-03,nan,0.000000000000000000e+00,nan,nan,nan,nan,nan
nan,nan,-3.220611916264082362e-03,nan,nan,nan,nan,nan,nan,nan,nan,nan,nan,nan,nan,nan,nan,nan,nan,nan,nan,nan,nan,-2.254428341384873222e-03,nan,nan,nan,-4.186795491143269383e-03,nan,0.000000000000000000e+00,nan,-3.220611916264060244e-03,nan,nan,nan,nan,nan,nan,nan,nan,nan,nan,nan,-1.288244766505641748e-03,nan,nan,0.000000000000000000e+00,nan,nan,-1.288244766505641748e-03,nan,nan,nan,nan,nan,nan,nan,-3.864734299516880793e-03,nan,0.000000000000000000e+00,nan,nan,nan,nan,nan
nan,nan,-1.274509803921575202e-02,nan,nan,nan,nan,nan,nan,nan,nan,nan,nan,nan,-3.267973856209360978e-04,nan,nan,nan,nan,nan,nan,nan,nan,nan,nan,nan,nan,-8.823529411764785557e-03,nan,0.000000000000000000e+00,nan,-1.209150326797392427e-02,nan,nan,nan,nan,nan,nan,nan,nan,nan,nan,nan,2.614379084967310973e-03,nan,nan,0.000000000000000000e+00,nan,nan,0.000000000000000000e+00,nan,nan,nan,nan,nan,nan,nan,-9.803921568627527172e-03,nan,0.000000000000000000e+00,nan,nan,nan,nan,nan
nan,nan,-2.730263157894736656e-02,nan,nan,nan,nan,nan,nan,nan,nan,nan,nan,nan,nan,nan,nan,nan,nan,nan,nan,nan,nan,nan,nan,nan,nan,-2.401315789473683696e-02,nan,0.000000000000000000e+00,nan,-2.500000000000000139e-02,nan,nan,nan,nan,nan,nan,nan,nan,nan,nan,nan,-2.960526315789446892e-03,nan,nan,0.000000000000000000e+00,nan,nan,9.868421052631858991e-04,nan,nan,-2.631578947368407115e-03,nan,nan,nan,nan,-2.072368421052632817e-02,nan,0.000000000000000000e+00,nan,nan,nan,nan,nan
nan,nan,-9.493670886076222221e-04,nan,nan,nan,nan,nan,nan,nan,nan,nan,nan,nan,nan,nan,nan,nan,nan,nan,nan,nan,nan,-3.481012658227866652e-03,nan,nan,nan,-2.848101265822799988e-03,nan,0.000000000000000000e+00,nan,-4.746835443037999980e-03,nan,nan,nan,nan,nan,nan,nan,nan,nan,nan,nan,-1.265822784810155446e-03,nan,nan,0.000000000000000000e+00,nan,nan,9.493670886075334259e-04,nan,nan,nan,nan,nan,nan,nan,2.215189873417644419e-03,nan,0.000000000000000000e+00,nan,nan,nan,nan,nan
nan,nan,-9.693053311793176433e-03,nan,nan,nan,nan,nan,nan,nan,nan,nan,nan,nan,nan,nan,nan,nan,nan,nan,nan,nan,nan,nan,nan,nan,nan,-1.195476575121161636e-02,nan,0.000000000000000000e+00,nan,-8.723747980613861391e-03,nan,nan,nan,nan,nan,nan,nan,nan,nan,nan,nan,-1.615508885298844090e-03,nan,nan,0.000000000000000000e+00,nan,nan,0.000000000000000000e+00,nan,nan,-2.584814216478159565e-03,nan,nan,nan,nan,-4.523424878836812199e-03,nan,0.000000000000000000e+00,nan,nan,nan,nan,nan
nan,nan,-1.897106109324762230e-02,nan,nan,nan,nan,nan,nan,nan,nan,nan,nan,nan,nan,nan,nan,nan,nan,nan,nan,nan,nan,nan,nan,nan,nan,-2.250803858520900036e-02,nan,0.000000000000000000e+00,nan,-1.768488745980709848e-02,nan,nan,nan,nan,nan,nan,nan,nan,nan,nan,nan,-1.286173633440501705e-03,nan,nan,0.000000000000000000e+00,nan,nan,-1.607717041800627022e-03,nan,nan,-1.929260450160752340e-03,nan,nan,nan,nan,-1.993569131832799782e-02,nan,0.000000000000000000e+00,nan,nan,nan,nan,nan
nan,nan,-1.153212520593083212e-02,nan,nan,nan,nan,nan,nan,nan,nan,nan,nan,nan,nan,nan,nan,nan,nan,nan,nan,nan,nan,nan,nan,nan,nan,-2.174629324546952652e-02,nan,0.000000000000000000e+00,nan,-3.294892915980218544e-03,nan,nan,nan,nan,nan,nan,nan,nan,nan,nan,nan,3.294892915980174091e-04,nan,nan,0.000000000000000000e+00,nan,nan,-3.294892915980285331e-03,nan,nan,-2.965403624382245695e-03,nan,nan,nan,nan,-9.225700164744643147e-03,nan,0.000000000000000000e+00,nan,nan,nan,nan,nan
nan,nan,-6.818181818181790095e-03,nan,nan,nan,nan,-2.922077922077948205e-03,nan,nan,nan,nan,nan,nan,nan,nan,nan,nan,nan,nan,nan,nan,nan,nan,nan,nan,nan,-9.740259740259715748e-03,nan,0.000000000000000000e+00,nan,-8.766233766233732724e-03,nan,nan,nan,nan,nan,nan,nan,nan,nan,nan,nan,-3.246753246753275482e-04,nan,nan,0.000000000000000000e+00,nan,nan,3.246753246753275482e-04,nan,nan,nan,nan,nan,nan,nan,-7.792207792207750568e-03,nan,0.000000000000000000e+00,nan,nan,nan,nan,nan
nan,nan,-6.896551724137944817e-03,nan,nan,nan,nan,nan,nan,nan,nan,nan,nan,nan,nan,nan,nan,nan,nan,nan,nan,nan,nan,nan,-2.194357366771137845e-03,nan,nan,-1.097178683385577856e-02,nan,0.000000000000000000e+00,nan,-7.836990595611270649e-03,nan,nan,nan,nan,nan,nan,nan,nan,nan,nan,nan,3.134796238244641703e-04,nan,nan,0.000000000000000000e+00,nan,nan,3.134796238244641703e-04,nan,nan,nan,nan,nan,nan,nan,-8.150470219435712593e-03,nan,0.000000000000000000e+00,nan,nan,nan,nan,nan
nan,nan,-1.797385620915028376e-02,nan,nan,nan,nan,nan,nan,nan,nan,nan,nan,nan,nan,nan,nan,-1.209150326797381325e-02,nan,nan,nan,nan,nan,nan,nan,nan,nan,-1.764705882352939417e-02,nan,0.000000000000000000e+00,nan,-1.470588235294112422e-02,nan,nan,nan,nan,nan,nan,nan,nan,nan,nan,nan,-4.575163398692794203e-03,nan,nan,0.000000000000000000e+00,nan,nan,-3.594771241830052588e-03,nan,nan,nan,nan,nan,nan,nan,-1.633986928104569358e-02,nan,0.000000000000000000e+00,nan,nan,nan,nan,nan
nan,nan,6.666666666666598139e-04,nan,nan,nan,nan,nan,nan,nan,nan,nan,nan,nan,nan,nan,nan,nan,nan,nan,nan,nan,nan,-2.666666666666683925e-03,nan,nan,nan,-2.666666666666661807e-03,nan,0.000000000000000000e+00,nan,-5.000000000000026992e-03,nan,nan,nan,nan,nan,nan,nan,nan,nan,nan,nan,-1.333333333333319628e-03,nan,nan,0.000000000000000000e+00,nan,nan,0.000000000000000000e+00,nan,nan,nan,nan,nan,nan,nan,3.333333333333188481e-04,nan,0.000000000000000000e+00,nan,nan,nan,nan,nan
nan,nan,-5.853658536585348501e-03,nan,nan,nan,nan,nan,nan,nan,nan,nan,nan,nan,nan,nan,nan,nan,nan,nan,nan,nan,nan,-1.951219512195079232e-03,nan,nan,nan,-5.853658536585326817e-03,nan,0.000000000000000000e+00,nan,-6.178861788617861887e-03,nan,nan,nan,nan,nan,nan,nan,nan,nan,nan,nan,6.504065040650930168e-04,nan,nan,0.000000000000000000e+00,nan,nan,0.000000000000000000e+00,nan,nan,nan,nan,nan,nan,nan,-4.878048780487786659e-03,nan,0.000000000000000000e+00,nan,nan,nan,nan,nan
nan,nan,-1.376000000000001701e-02,nan,nan,nan,nan,nan,nan,nan,nan,nan,nan,nan,nan,nan,nan,nan,nan,nan,nan,nan,nan,nan,nan,nan,nan,-1.344000000000003005e-02,nan,0.000000000000000000e+00,nan,-8.640000000000003580e-03,nan,nan,nan,nan,nan,nan,nan,nan,nan,nan,nan,3.199999999999647354e-04,nan,nan,0.000000000000000000e+00,nan,nan,6.399999999999739231e-04,nan,nan,-9.600000000000274546e-04,nan,nan,nan,nan,-1.312000000000004309e-02,nan,0.000000000000000000e+00,nan,nan,nan,nan,nan
nan,nan,1.612903225806427976e-03,nan,nan,nan,nan,nan,nan,nan,nan,nan,nan,nan,nan,nan,nan,nan,nan,nan,nan,nan,nan,-2.580645161290329084e-03,nan,nan,nan,-2.258064516129065866e-03,nan,0.000000000000000000e+00,nan,-1.612903225806450094e-03,nan,nan,nan,nan,nan,nan,nan,nan,nan,nan,nan,-3.225806451612856060e-04,nan,nan,0.000000000000000000e+00,nan,nan,-6.451612903225712120e-04,nan,nan,nan,nan,nan,nan,nan,9.677419354838567639e-04,nan,0.000000000000000000e+00,nan,nan,nan,nan,nan
nan,nan,-6.535947712418299985e-03,nan,nan,nan,nan,nan,nan,nan,nan,nan,nan,nan,nan,nan,nan,nan,nan,nan,nan,nan,nan,-5.882352941176449690e-03,nan,nan,nan,-5.228758169934621947e-03,nan,0.000000000000000000e+00,nan,-7.189542483660149412e-03,nan,nan,nan,nan,nan,nan,nan,nan,nan,nan,nan,-1.633986928104569358e-03,nan,nan,0.000000000000000000e+00,nan,nan,3.267973856209138717e-04,nan,nan,nan,nan,nan,nan,nan,-2.941176470588224845e-03,nan,0.000000000000000000e+00,nan,nan,nan,nan,nan
nan,nan,-2.593192868719616101e-02,nan,nan,nan,nan,nan,nan,nan,nan,nan,nan,nan,nan,nan,nan,nan,nan,nan,nan,nan,nan,nan,nan,nan,nan,-2.495948136142631807e-02,nan,0.000000000000000000e+00,nan,-2.658022690437604821e-02,nan,nan,nan,nan,nan,nan,nan,nan,nan,nan,nan,9.724473257698429407e-04,nan,nan,0.000000000000000000e+00,nan,nan,-4.213938411669415976e-03,nan,nan,-1.620745542949775242e-03,nan,nan,nan,nan,-2.366288492706645347e-02,nan,0.000000000000000000e+00,nan,nan,nan,nan,nan
nan,nan,-1.794871794871799597e-02,nan,nan,nan,nan,nan,nan,nan,nan,nan,nan,nan,nan,nan,nan,nan,nan,nan,nan,nan,nan,nan,nan,nan,nan,-1.506410256410262161e-02,nan,0.000000000000000000e+00,nan,-1.666666666666671848e-02,nan,nan,nan,nan,nan,nan,nan,nan,nan,nan,nan,1.282051282051277497e-03,nan,nan,0.000000000000000000e+00,nan,nan,3.205128205128193741e-04,nan,nan,3.525641025641013115e-03,nan,nan,nan,nan,-1.314102564102570536e-02,nan,0.000000000000000000e+00,nan,nan,nan,nan,nan
nan,nan,-2.084033613445370609e-02,nan,nan,nan,nan,nan,nan,nan,nan,nan,nan,nan,nan,nan,nan,nan,nan,nan,nan,nan,nan,nan,nan,nan,nan,-2.487394957983184510e-02,nan,0.000000000000000000e+00,nan,-2.285714285714277733e-02,nan,nan,nan,nan,nan,nan,nan,nan,nan,nan,nan,-1.008403361344534319e-03,nan,nan,0.000000000000000000e+00,nan,nan,2.220446049250313204e-17,nan,nan,-6.050420168067205048e-03,nan,nan,nan,nan,-2.386554621848730948e-02,nan,0.000000000000000000e+00,nan,nan,nan,nan,nan
nan,nan,-1.545595054095860689e-03,nan,nan,nan,nan,nan,nan,nan,nan,nan,nan,nan,nan,nan,nan,nan,nan,nan,nan,nan,nan,-6.800618238021693962e-03,nan,nan,nan,-6.800618238021716513e-03,nan,0.000000000000000000e+00,nan,-8.655332302936691313e-03,nan,nan,nan,nan,nan,nan,nan,nan,nan,nan,nan,-3.091190108191699260e-03,nan,nan,0.000000000000000000e+00,nan,nan,0.000000000000000000e+00,nan,nan,nan,nan,nan,nan,nan,-1.236476043276724026e-03,nan,0.000000000000000000e+00,nan,nan,nan,nan,nan
nan,nan,-1.376000000000001701e-02,nan,nan,nan,nan,nan,nan,nan,nan,nan,nan,nan,nan,nan,nan,nan,nan,nan,nan,nan,nan,nan,nan,nan,nan,-1.344000000000000750e-02,nan,0.000000000000000000e+00,nan,-1.599999999999999339e-02,nan,nan,nan,nan,nan,nan,nan,nan,nan,nan,nan,6.400000000000183754e-04,nan,nan,0.000000000000000000e+00,nan,nan,0.000000000000000000e+00,nan,nan,-3.520000000000011835e-03,nan,nan,nan,nan,-1.248000000000002406e-02,nan,0.000000000000000000e+00,nan,nan,nan,nan,nan
nan,nan,-2.135922330097086291e-02,nan,nan,nan,nan,nan,nan,nan,nan,nan,nan,nan,nan,nan,nan,nan,nan,nan,nan,nan,nan,nan,nan,nan,nan,-2.265372168284791529e-02,nan,0.000000000000000000e+00,nan,-2.330097087378637383e-02,nan,nan,nan,nan,nan,nan,nan,nan,nan,nan,nan,-1.941747572815533032e-03,nan,nan,0.000000000000000000e+00,nan,nan,0.000000000000000000e+00,nan,nan,-3.236245954692629320e-04,nan,nan,nan,nan,-2.103559870550160069e-02,nan,0.000000000000000000e+00,nan,nan,nan,nan,nan
nan,nan,5.940594059405923319e-03,nan,nan,nan,nan,nan,nan,nan,nan,nan,nan,nan,nan,nan,nan,nan,nan,nan,nan,nan,nan,nan,nan,nan,nan,1.650165016501636741e-03,nan,0.000000000000000000e+00,nan,6.600660066006680971e-04,nan,nan,nan,nan,nan,nan,nan,nan,nan,nan,nan,0.000000000000000000e+00,nan,nan,0.000000000000000000e+00,nan,nan,3.300330033003318151e-03,nan,nan,1.320132013201336194e-03,nan,nan,nan,nan,2.970297029702950817e-03,nan,0.000000000000000000e+00,nan,nan,nan,nan,nan
nan,nan,-3.389830508474589617e-03,nan,nan,nan,nan,nan,nan,nan,nan,nan,nan,nan,nan,nan,nan,nan,nan,nan,nan,nan,nan,-2.711864406779685051e-03,nan,nan,nan,-4.745762711864442984e-03,nan,0.000000000000000000e+00,nan,-4.067796610169515867e-03,nan,nan,nan,nan,nan,nan,nan,nan,nan,nan,nan,-3.389830508474522830e-04,nan,nan,0.000000000000000000e+00,nan,nan,3.389830508474522830e-04,nan,nan,nan,nan,nan,nan,nan,-2.033898305084735816e-03,nan,0.000000000000000000e+00,nan,nan,nan,nan,nan
nan,nan,-2.833607907743001045e-02,nan,nan,nan,nan,nan,nan,nan,nan,nan,nan,nan,nan,nan,nan,nan,nan,nan,nan,nan,nan,nan,nan,nan,nan,-3.163097199341022986e-02,nan,0.000000000000000000e+00,nan,-3.031301482701815805e-02,nan,nan,nan,nan,nan,nan,nan,nan,nan,nan,nan,-3.294892915980263213e-03,nan,nan,0.000000000000000000e+00,nan,nan,0.000000000000000000e+00,nan,nan,-5.271828665568389569e-03,nan,nan,nan,nan,-2.833607907743003126e-02,nan,0.000000000000000000e+00,nan,nan,nan,nan,nan
nan,nan,-2.290322580645158881e-02,nan,nan,nan,nan,nan,nan,nan,nan,nan,nan,nan,nan,nan,nan,nan,nan,nan,nan,nan,nan,nan,nan,nan,nan,-2.419354838709679781e-02,nan,0.000000000000000000e+00,nan,-2.451612903225806189e-02,nan,nan,nan,nan,nan,nan,nan,nan,nan,nan,nan,-6.451612903225712120e-04,nan,nan,0.000000000000000000e+00,nan,nan,0.000000000000000000e+00,nan,nan,-6.451612903225712120e-04,nan,nan,nan,nan,-1.806451612903225978e-02,nan,0.000000000000000000e+00,nan,nan,nan,nan,nan
