nan,-1.708683473389351754e-02,nan,nan,nan,-8.683473389355711447e-03,-8.403361344537785271e-03,nan,nan,nan,nan,nan,nan,nan,nan,nan,nan,nan,nan,nan,nan,nan,nan,nan,nan,nan,nan,nan,nan,nan,-1.680672268907563646e-02,nan,nan,nan,-7.563025210084006744e-03,nan,nan,nan,nan,nan,nan,nan,-1.960784313725489822e-02,-2.268907563025211044e-02,-7.843137254901932920e-03,nan,nan,nan,nan,nan,nan,nan,nan,5.602240896358523514e-04,nan,nan,nan,nan,nan,nan,nan,0.000000000000000000e+00,nan,nan,nan
nan,nan,nan,nan,nan,-6.068965517241431060e-03,-8.275862068965533086e-03,nan,nan,nan,-1.268965517241382734e-02,nan,nan,nan,nan,nan,nan,nan,nan,nan,nan,nan,nan,nan,nan,nan,nan,nan,nan,nan,-2.455172413793105246e-02,nan,nan,-3.200000000000002842e-02,nan,nan,nan,nan,nan,nan,nan,nan,nan,nan,-1.075862068965518538e-02,-3.393103448275865131e-02,-2.124137931034484478e-02,nan,nan,nan,nan,nan,nan,nan,nan,nan,nan,nan,-1.931034482758620064e-03,nan,nan,0.000000000000000000e+00,nan,nan,nan
nan,nan,nan,nan,nan,6.476462196861620946e-02,1.683309557774603782e-02,nan,nan,nan,nan,nan,nan,nan,2.567760342368008604e-03,nan,nan,nan,nan,nan,nan,nan,nan,nan,nan,nan,nan,nan,nan,nan,nan,nan,nan,nan,nan,nan,nan,nan,nan,nan,1.997146932952875535e-03,nan,nan,-2.853067047076107698e-04,2.567760342367986053e-03,nan,nan,7.132667617688981214e-03,nan,nan,nan,nan,nan,-5.706134094151238748e-03,nan,nan,nan,nan,nan,nan,nan,0.000000000000000000e+00,nan,nan,1.398002853067041931e-02
nan,nan,nan,nan,nan,nan,nan,nan,nan,nan,-2.785515320334885914e-04,-3.621169916434574532e-03,nan,nan,nan,nan,nan,nan,nan,nan,nan,nan,nan,nan,nan,nan,nan,nan,nan,nan,nan,nan,nan,nan,nan,nan,nan,nan,nan,nan,nan,nan,-6.685236768802260351e-03,-1.169916434540394477e-02,-1.448467966573820966e-02,nan,2.228412256267404620e-02,1.114206128133643416e-03,nan,nan,5.515320334261834823e-02,nan,nan,5.682451253481890507e-02,nan,nan,nan,nan,nan,nan,nan,0.000000000000000000e+00,nan,nan,nan
nan,nan,nan,nan,nan,nan,nan,nan,nan,nan,2.785515320333775691e-04,-5.013927576601706973e-03,nan,nan,nan,nan,nan,nan,nan,nan,nan,nan,nan,nan,nan,nan,nan,nan,nan,nan,nan,nan,nan,nan,nan,nan,nan,nan,nan,nan,nan,nan,-8.913649025069681625e-03,-9.470752089136502683e-03,-1.281337047353761117e-02,nan,-1.587743732590531781e-02,3.342618384401112308e-02,nan,nan,4.540389972144840552e-02,nan,nan,5.571030640668517275e-02,nan,nan,nan,nan,nan,nan,nan,0.000000000000000000e+00,nan,nan,nan
nan,nan,nan,nan,nan,6.574202496532599582e-02,nan,nan,nan,nan,5.020804438280170728e-02,nan,nan,nan,3.606102635228847306e-03,nan,nan,nan,nan,nan,nan,nan,nan,nan,nan,nan,nan,nan,nan,nan,nan,nan,nan,nan,nan,nan,nan,nan,nan,6.158113730929268975e-02,nan,nan,nan,1.664355062413318612e-02,nan,3.273231622746190783e-02,4.244105409153960118e-02,nan,nan,nan,nan,nan,nan,0.000000000000000000e+00,nan,nan,nan,nan,nan,nan,nan,0.000000000000000000e+00,nan,nan,1.220527045769765825e-02
nan,-2.071823204419886988e-02,nan,nan,nan,-5.524861878452691066e-04,-4.696132596685087188e-03,nan,-2.071823204419886988e-02,-2.182320441988947618e-02,nan,nan,nan,nan,nan,nan,nan,nan,nan,nan,nan,nan,nan,nan,nan,nan,nan,nan,nan,nan,nan,nan,nan,nan,nan,nan,-2.237569060773478974e-02,nan,nan,nan,nan,nan,nan,nan,nan,nan,nan,nan,nan,nan,-1.657458563535896224e-03,nan,nan,-4.143646408839773629e-03,nan,nan,nan,nan,nan,nan,nan,0.000000000000000000e+00,nan,nan,-8.011049723756880070e-03
nan,-1.027104136947218881e-02,nan,nan,nan,7.960057061340944373e-02,nan,nan,nan,7.703281027104158518e-03,-8.559201141226834703e-03,nan,nan,nan,nan,nan,nan,nan,nan,nan,nan,nan,nan,nan,nan,nan,nan,nan,nan,nan,1.426533523537809687e-03,nan,nan,nan,nan,nan,nan,nan,nan,nan,2.220446049250313204e-17,nan,nan,nan,6.276747503566326714e-03,nan,nan,1.940085592011413576e-02,nan,nan,nan,nan,nan,6.904422253922967712e-02,nan,nan,nan,nan,nan,nan,nan,0.000000000000000000e+00,nan,nan,nan
3.087431693989073356e-02,-2.404371584699451642e-02,nan,-1.584699453551909748e-02,nan,2.295081967213115012e-02,nan,nan,nan,-2.267759562841529380e-02,2.595628415300548289e-02,nan,nan,nan,nan,nan,nan,nan,nan,nan,nan,nan,nan,nan,nan,nan,nan,nan,nan,nan,-5.737704918032782327e-03,nan,nan,nan,nan,nan,-1.366120218579231979e-02,nan,nan,nan,nan,nan,nan,nan,nan,nan,nan,nan,nan,nan,nan,nan,nan,-3.005464480874286796e-03,nan,nan,nan,nan,nan,nan,nan,0.000000000000000000e+00,nan,nan,nan
nan,-2.377049180327870520e-02,nan,nan,nan,nan,4.918032786885251535e-03,nan,nan,nan,nan,nan,-1.420765027322403763e-02,nan,-7.103825136611984989e-03,nan,nan,nan,nan,nan,nan,nan,nan,nan,nan,nan,nan,nan,nan,nan,-1.830601092896175924e-02,nan,nan,-3.005464480874318195e-02,nan,nan,nan,nan,nan,nan,-1.147540983606556465e-02,nan,-1.120218579234970660e-02,nan,nan,nan,nan,nan,nan,nan,nan,nan,nan,2.185792349726778556e-03,nan,nan,nan,nan,nan,nan,nan,0.000000000000000000e+00,nan,nan,nan
nan,nan,nan,nan,nan,nan,nan,nan,-2.486187845303873198e-02,nan,nan,nan,-2.734806629834258748e-02,nan,nan,nan,nan,nan,nan,nan,nan,nan,nan,nan,nan,nan,nan,nan,nan,nan,-1.132596685082876142e-02,nan,nan,nan,-4.143646408839796180e-03,nan,nan,nan,nan,nan,-4.696132596685087188e-03,nan,nan,-2.099447513812158217e-02,4.143646408839729393e-03,nan,-2.845303867403319378e-02,nan,nan,nan,-2.486187845303899739e-03,nan,nan,nan,nan,nan,nan,nan,nan,nan,nan,0.000000000000000000e+00,nan,nan,nan
nan,nan,-3.537604456824507831e-02,nan,nan,nan,nan,nan,nan,-2.005571030640664748e-02,nan,nan,nan,nan,-1.253481894150416595e-02,nan,nan,nan,nan,nan,nan,-1.727019498607236178e-02,nan,nan,nan,-3.091922005571028434e-02,-3.398328690807794761e-02,nan,nan,nan,nan,nan,nan,nan,nan,nan,nan,nan,nan,nan,nan,nan,nan,nan,nan,nan,nan,nan,nan,nan,8.356545961002881818e-04,nan,nan,nan,nan,nan,nan,nan,6.685236768802260351e-03,nan,nan,0.000000000000000000e+00,nan,nan,-1.559888579387180840e-02
nan,nan,nan,-3.658536585365856908e-02,nan,-1.734417344173446590e-02,nan,nan,nan,-2.222222222222223348e-02,-1.788617886178864996e-02,nan,nan,nan,nan,nan,nan,nan,nan,nan,nan,nan,nan,nan,nan,nan,nan,nan,nan,nan,-5.745257452574532853e-02,nan,nan,nan,nan,nan,nan,nan,nan,nan,nan,nan,nan,-2.086720867208673516e-02,-2.005420054200548335e-02,nan,nan,nan,nan,nan,-5.149051490514944610e-03,nan,nan,-5.420054200542057457e-03,nan,nan,nan,nan,nan,nan,nan,0.000000000000000000e+00,nan,nan,nan
nan,-3.160762942779289653e-02,nan,nan,nan,nan,9.536784741144411007e-03,nan,nan,nan,nan,nan,nan,nan,nan,nan,nan,nan,nan,nan,nan,nan,nan,-4.005449591280654115e-02,-2.070844686648498634e-02,nan,nan,nan,-3.841961852861033172e-02,nan,nan,nan,nan,nan,-7.356948228882842673e-03,nan,nan,nan,nan,nan,nan,nan,nan,-1.825613079019077281e-02,-1.089918256130806284e-03,nan,nan,nan,nan,nan,nan,nan,nan,nan,nan,nan,nan,nan,1.226158038147135906e-02,nan,nan,0.000000000000000000e+00,nan,nan,nan
nan,nan,nan,nan,nan,nan,-1.059782608695654035e-02,nan,-2.853260869565217225e-02,-2.445652173913044278e-02,nan,nan,nan,nan,nan,nan,nan,nan,nan,nan,nan,nan,nan,nan,nan,nan,nan,nan,nan,nan,nan,nan,nan,nan,nan,nan,-2.690217391304345826e-02,nan,nan,5.163043478260886596e-03,-1.086956521739113101e-03,nan,-2.255434782608696162e-02,nan,-1.277173913043478867e-02,nan,nan,nan,nan,nan,-5.163043478260864912e-03,nan,nan,nan,nan,nan,nan,nan,nan,nan,nan,0.000000000000000000e+00,nan,nan,nan
nan,-2.679830747531741775e-02,nan,nan,nan,nan,nan,nan,nan,-2.538787023977440160e-02,-7.898448519040979221e-03,nan,nan,nan,nan,nan,nan,nan,nan,nan,nan,nan,nan,nan,nan,nan,nan,nan,nan,nan,-2.313117066290557716e-02,nan,nan,nan,nan,nan,nan,nan,nan,nan,nan,nan,nan,nan,nan,nan,-2.510578279266579768e-02,nan,nan,nan,nan,nan,nan,nan,nan,nan,nan,-5.641748942172731141e-04,-1.974612129760266923e-03,-5.077574047954902699e-03,nan,0.000000000000000000e+00,nan,nan,-1.241184767277865239e-02
nan,nan,nan,nan,nan,nan,nan,nan,nan,nan,nan,nan,nan,nan,nan,nan,nan,nan,nan,nan,nan,nan,nan,nan,nan,nan,nan,nan,nan,nan,-1.946403385049362209e-02,nan,nan,nan,-2.849083215796892679e-02,nan,nan,nan,nan,nan,-1.664315937940758980e-02,nan,nan,-1.043723554301831911e-02,3.102961918194657893e-03,-1.918194640338501816e-02,nan,2.284908321579690732e-02,nan,nan,nan,nan,nan,-9.026798307475302971e-03,nan,nan,nan,nan,nan,nan,nan,0.000000000000000000e+00,nan,nan,-1.241184767277854137e-02
nan,nan,nan,nan,nan,-2.234636871508399649e-03,nan,nan,nan,nan,0.000000000000000000e+00,nan,nan,nan,nan,nan,nan,nan,nan,nan,nan,nan,nan,nan,nan,nan,nan,nan,nan,nan,-8.659217877094982016e-03,nan,nan,nan,nan,nan,nan,nan,nan,-2.262569832402234679e-02,nan,nan,nan,-1.089385474860338210e-02,-6.145251396648054691e-03,nan,nan,nan,nan,nan,nan,nan,nan,1.117318435754199825e-03,nan,nan,nan,nan,nan,-2.178770949720669828e-02,nan,0.000000000000000000e+00,nan,nan,-2.793296089385477552e-03
nan,-2.631578947368418131e-02,nan,nan,nan,nan,nan,nan,-2.770083102493077140e-02,-2.880886426592801225e-02,-2.770083102493092579e-03,-1.385041551246546290e-03,-2.825484764542935887e-02,nan,7.479224376731319346e-03,nan,nan,nan,nan,nan,nan,nan,nan,nan,nan,nan,nan,nan,nan,nan,nan,nan,nan,nan,nan,nan,nan,nan,nan,nan,nan,nan,-1.440443213296400612e-02,nan,-3.601108033240985051e-03,nan,nan,nan,nan,nan,nan,nan,nan,nan,nan,nan,nan,nan,nan,nan,nan,0.000000000000000000e+00,nan,nan,nan
nan,nan,nan,nan,nan,3.011049723756899915e-02,nan,nan,nan,nan,3.895027624309388425e-02,2.375690607734803894e-02,nan,nan,nan,nan,nan,nan,nan,nan,nan,nan,nan,nan,nan,nan,nan,nan,nan,nan,1.988950276243088913e-02,nan,nan,nan,nan,nan,nan,nan,nan,9.668508287292775644e-03,nan,nan,nan,nan,2.099447513812149196e-02,2.403314917127068531e-02,nan,2.790055248618783512e-02,nan,nan,nan,nan,nan,2.790055248618776920e-02,nan,nan,nan,nan,nan,nan,nan,0.000000000000000000e+00,nan,nan,nan
-3.579234972677593912e-02,nan,nan,nan,nan,nan,-3.852459016393439128e-02,nan,nan,-1.748633879781418335e-02,nan,nan,nan,nan,-6.202185792349723670e-02,nan,nan,-4.153005464480870323e-02,nan,nan,nan,nan,nan,nan,-3.387978142076497612e-02,nan,nan,nan,nan,nan,nan,nan,nan,nan,nan,nan,nan,nan,nan,nan,-8.005464480874313615e-02,nan,nan,nan,nan,nan,nan,nan,nan,nan,-5.491803278688520834e-02,nan,nan,-7.240437158469940904e-02,nan,nan,nan,nan,nan,nan,nan,0.000000000000000000e+00,nan,nan,nan
-7.563025210084006744e-03,nan,nan,nan,nan,-1.260504201680667791e-02,nan,nan,nan,nan,-1.176470588235289938e-02,nan,nan,nan,nan,nan,nan,nan,nan,nan,nan,nan,nan,nan,nan,nan,nan,nan,nan,nan,nan,nan,nan,nan,-6.442577030812279490e-03,nan,nan,nan,nan,nan,nan,nan,nan,-3.081232492997165815e-03,-4.201680672268870084e-03,-8.683473389355711447e-03,nan,nan,nan,nan,8.403361344537785271e-04,nan,nan,1.680672268907623624e-03,nan,nan,nan,nan,nan,nan,nan,0.000000000000000000e+00,nan,nan,nan
nan,nan,nan,nan,nan,-2.542372881355925516e-03,nan,nan,nan,nan,nan,nan,nan,nan,nan,nan,nan,nan,nan,nan,nan,nan,nan,nan,nan,nan,nan,nan,nan,nan,-1.016949152542374543e-02,nan,nan,nan,nan,nan,nan,nan,nan,nan,nan,nan,-2.090395480225986161e-02,-2.005649717514119620e-02,-1.497175141242934604e-02,-2.090395480225986161e-02,-1.610169491525421590e-02,-7.344632768361569926e-03,nan,nan,-2.824858757062132138e-03,nan,nan,nan,nan,nan,nan,nan,nan,nan,nan,0.000000000000000000e+00,nan,nan,nan
nan,nan,nan,nan,nan,-6.077348066298315574e-03,nan,nan,nan,nan,-8.287292817679148271e-04,nan,nan,nan,nan,5.524861878453135589e-04,nan,nan,nan,nan,nan,nan,nan,nan,nan,nan,nan,nan,nan,nan,-1.104972375690560548e-03,nan,nan,nan,nan,nan,nan,nan,nan,6.906077348066319739e-03,nan,nan,nan,nan,4.143646408839818732e-03,nan,-1.215469613259665370e-02,nan,nan,nan,nan,nan,nan,3.038674033149213298e-03,nan,nan,nan,nan,nan,-1.408839779005519564e-02,nan,0.000000000000000000e+00,nan,nan,nan
nan,-1.989100817438695795e-02,nan,nan,nan,-8.174386920980981214e-03,nan,nan,-2.724795640326977894e-02,-1.798365122615808165e-02,-6.267029972752080624e-03,nan,-2.724795640326980323e-02,nan,nan,nan,nan,nan,nan,nan,nan,nan,nan,nan,nan,nan,nan,nan,nan,nan,nan,nan,nan,nan,nan,nan,-2.316076294277931089e-02,nan,nan,nan,nan,nan,nan,nan,nan,nan,nan,nan,nan,nan,nan,nan,nan,nan,1.934604904632146807e-02,2.288828337874655380e-02,nan,nan,nan,nan,nan,0.000000000000000000e+00,nan,nan,nan
nan,nan,nan,nan,nan,nan,-2.833333333333330067e-02,nan,nan,nan,nan,nan,nan,nan,nan,nan,nan,nan,nan,nan,nan,-6.027777777777772183e-02,nan,nan,nan,nan,nan,nan,nan,nan,nan,nan,-6.388888888888885620e-02,nan,nan,nan,nan,nan,nan,nan,nan,nan,nan,nan,-1.833333333333329179e-02,-5.944444444444439007e-02,-4.694444444444441367e-02,nan,nan,nan,nan,nan,nan,nan,nan,nan,nan,nan,-6.944444444444419773e-03,-1.027777777777774161e-02,nan,0.000000000000000000e+00,-9.444444444444411585e-03,nan,nan
nan,nan,nan,nan,nan,nan,nan,nan,nan,nan,nan,nan,nan,nan,nan,nan,nan,nan,nan,nan,nan,nan,nan,nan,nan,nan,nan,nan,nan,nan,nan,nan,nan,nan,nan,nan,nan,nan,nan,nan,nan,nan,-1.086956521739113101e-03,-2.173913043478226201e-03,-1.168478260869563155e-02,-8.152173913043237125e-04,-5.978260869565166398e-03,-5.978260869565188082e-03,nan,nan,-1.086956521739090766e-03,nan,nan,nan,nan,nan,2.445652173913082268e-03,nan,nan,nan,nan,0.000000000000000000e+00,nan,2.173913043478292555e-03,nan
nan,nan,nan,nan,nan,5.617021276595746127e-02,nan,nan,nan,nan,nan,nan,nan,nan,-2.042553191489364720e-02,nan,nan,nan,nan,nan,nan,nan,nan,nan,nan,nan,nan,nan,nan,nan,-3.375886524822700047e-02,nan,nan,nan,-1.106382978723408073e-02,nan,nan,nan,nan,nan,-2.269503546099294056e-02,nan,nan,-2.836879432624117570e-02,8.510638297872352709e-03,nan,nan,nan,nan,nan,nan,nan,nan,5.815602836879434079e-02,nan,nan,nan,nan,nan,nan,nan,0.000000000000000000e+00,nan,nan,-2.950354609929082411e-02
nan,nan,nan,nan,nan,1.073825503355685298e-03,1.154362416107384062e-02,nan,nan,nan,nan,-1.610738255033572399e-03,nan,nan,nan,nan,nan,nan,nan,nan,nan,-3.758389261744943428e-03,nan,nan,nan,nan,nan,nan,nan,nan,-9.664429530201324239e-03,nan,nan,nan,nan,nan,nan,nan,nan,nan,nan,nan,nan,-5.369127516778493710e-03,7.516778523489931092e-03,-1.959731543624156774e-02,-2.442953020134228798e-02,nan,nan,nan,nan,nan,nan,nan,nan,nan,nan,nan,nan,nan,nan,0.000000000000000000e+00,nan,nan,nan
1.894451962110954612e-03,nan,nan,nan,nan,nan,nan,nan,nan,nan,-5.142083897158311601e-03,nan,nan,-5.710419485791611016e-02,nan,nan,-5.926928281461431997e-02,nan,nan,nan,nan,nan,nan,nan,nan,nan,nan,nan,nan,nan,-5.277401894451962810e-02,nan,nan,nan,nan,-5.710419485791611016e-02,nan,nan,nan,nan,-3.626522327469554330e-02,nan,nan,-3.464140730717187033e-02,nan,nan,7.036535859269265995e-03,nan,nan,nan,nan,nan,nan,nan,nan,nan,nan,nan,nan,nan,nan,0.000000000000000000e+00,nan,nan,nan
nan,nan,nan,nan,nan,5.649717514124264275e-03,-1.412429378531121580e-03,nan,nan,-1.949152542372882893e-02,nan,nan,nan,nan,nan,nan,nan,nan,nan,nan,nan,nan,nan,nan,-5.084745762711895267e-03,nan,nan,nan,nan,nan,nan,nan,nan,nan,-7.909604519774049089e-03,nan,nan,nan,nan,nan,nan,nan,nan,-8.474576271186484017e-03,-9.039548022598898128e-03,-1.581920903954807736e-02,nan,nan,nan,nan,nan,nan,nan,2.824858757061621153e-04,nan,nan,nan,nan,nan,nan,nan,0.000000000000000000e+00,nan,nan,nan
nan,nan,nan,nan,nan,nan,9.958506224066354662e-03,nan,nan,-1.078838174273859599e-02,7.745504840940498070e-03,nan,nan,nan,-4.426002766251735734e-03,nan,nan,nan,nan,nan,nan,nan,nan,nan,nan,nan,nan,nan,nan,nan,nan,nan,nan,nan,nan,nan,nan,nan,nan,1.521438450899026407e-02,-3.042876901798074931e-03,nan,nan,-1.051175656984788473e-02,1.604426002766248111e-02,nan,nan,nan,nan,nan,nan,nan,nan,nan,nan,nan,nan,nan,nan,nan,nan,0.000000000000000000e+00,nan,nan,-1.936376210235124518e-03
nan,nan,nan,nan,nan,nan,1.023513139695708674e-02,nan,nan,-5.809128630705396104e-03,6.085753803596105627e-03,nan,nan,nan,-8.575380359612739395e-03,nan,nan,nan,nan,nan,nan,nan,nan,nan,nan,nan,nan,nan,nan,nan,nan,nan,nan,nan,nan,nan,nan,nan,nan,9.405255878284890514e-03,-6.915629322268301848e-03,nan,nan,-1.272475795297376387e-02,1.715076071922540940e-02,nan,nan,nan,nan,nan,nan,nan,nan,nan,nan,nan,nan,nan,nan,nan,nan,0.000000000000000000e+00,nan,nan,-3.596127247579516961e-03
nan,-3.668478260869565549e-02,nan,nan,nan,-5.706521739130420920e-03,nan,nan,nan,-3.288043478260867236e-02,nan,nan,nan,nan,nan,nan,nan,nan,nan,nan,nan,-4.239130434782607815e-02,nan,nan,nan,nan,nan,nan,nan,nan,nan,nan,nan,nan,nan,nan,-4.456521739130432647e-02,nan,nan,nan,nan,nan,-1.820652173913041988e-02,nan,nan,-3.940217391304347977e-02,nan,nan,nan,nan,nan,nan,nan,nan,nan,nan,nan,nan,6.793478260869578907e-03,nan,nan,0.000000000000000000e+00,nan,nan,-2.989130434782594041e-03
nan,-3.342465753424657404e-02,nan,nan,nan,nan,nan,nan,nan,-4.657534246575343456e-02,nan,-1.753424657534246103e-02,nan,nan,nan,nan,nan,nan,nan,nan,nan,nan,nan,nan,nan,nan,nan,nan,nan,nan,nan,nan,nan,nan,nan,nan,nan,nan,nan,7.123287671232869482e-03,nan,nan,nan,-1.095890410958921812e-03,-9.041095890410976582e-03,-7.945205479452054770e-03,nan,nan,nan,nan,nan,nan,nan,-1.917808219178107534e-03,nan,nan,nan,nan,nan,nan,nan,0.000000000000000000e+00,nan,nan,-2.109589041095891876e-02
nan,nan,nan,nan,nan,nan,nan,-1.401617250673850047e-02,nan,nan,-2.695417789757348142e-04,nan,nan,nan,nan,nan,nan,-1.212938005390831221e-02,nan,nan,nan,nan,nan,nan,-1.698113207547164924e-02,nan,nan,nan,nan,nan,nan,nan,nan,nan,nan,nan,nan,nan,nan,6.738544474393570391e-03,nan,nan,nan,nan,-6.199460916442034626e-03,nan,nan,nan,nan,nan,nan,nan,nan,5.390835579515363069e-04,2.183288409703507821e-02,4.636118598382756723e-02,nan,nan,nan,nan,nan,0.000000000000000000e+00,nan,nan,nan
8.298755186721917115e-03,nan,nan,nan,nan,nan,5.532503457814196956e-04,nan,nan,-1.853388658367915998e-02,nan,nan,nan,nan,nan,5.532503457814597243e-03,nan,nan,nan,nan,nan,nan,nan,nan,nan,nan,nan,nan,nan,nan,nan,nan,nan,nan,nan,nan,nan,nan,nan,-5.532503457814729950e-03,nan,nan,nan,nan,nan,nan,5.255878284923886853e-03,nan,nan,-1.908713692946062412e-02,-3.596127247579561197e-03,nan,nan,nan,nan,nan,nan,nan,nan,nan,nan,0.000000000000000000e+00,nan,nan,5.615491009681876367e-02
nan,nan,nan,nan,nan,nan,nan,nan,nan,3.499999999999998945e-02,-1.888888888888890991e-02,nan,nan,nan,nan,nan,nan,nan,nan,nan,nan,2.388888888888889353e-02,nan,nan,nan,-2.666666666666666144e-02,nan,nan,-2.138888888888888090e-02,nan,-1.055555555555556281e-02,nan,nan,nan,nan,nan,nan,nan,nan,nan,nan,nan,5.833333333333334814e-02,nan,nan,nan,nan,nan,nan,nan,6.555555555555556135e-02,nan,nan,8.111111111111116156e-02,nan,nan,nan,nan,nan,nan,nan,0.000000000000000000e+00,nan,nan,nan
nan,-4.617449664429527229e-02,nan,nan,nan,nan,nan,nan,nan,-5.020134228187915493e-02,-1.744966442953017546e-02,nan,nan,nan,nan,nan,nan,nan,nan,nan,nan,nan,nan,nan,nan,nan,nan,nan,nan,nan,-4.053691275167779079e-02,nan,nan,nan,-4.295302013422815091e-02,nan,nan,nan,nan,3.758389261745009782e-03,nan,nan,nan,-3.221476510067109583e-02,nan,-5.020134228187915493e-02,nan,nan,nan,nan,nan,nan,nan,6.661338147750938996e-17,nan,nan,nan,nan,nan,nan,nan,0.000000000000000000e+00,nan,nan,nan
nan,nan,nan,nan,nan,nan,1.090387374461976311e-02,nan,nan,-1.377331420373033646e-02,nan,nan,nan,nan,nan,nan,nan,nan,nan,nan,nan,nan,nan,nan,nan,nan,nan,nan,nan,nan,nan,nan,nan,nan,nan,nan,nan,nan,nan,nan,nan,nan,-4.591104734576778243e-03,nan,-4.591104734576800794e-03,nan,-8.895265423242504702e-03,-1.061692969870877724e-02,nan,nan,-2.295552367288422515e-03,nan,nan,nan,nan,nan,nan,-8.608321377332028412e-04,-2.008608321377369863e-03,nan,nan,0.000000000000000000e+00,nan,nan,nan
nan,-2.352941176470590978e-02,nan,nan,nan,1.400560224089630879e-03,nan,nan,nan,-3.753501400560228796e-02,nan,-8.123249299719970118e-03,nan,nan,nan,nan,nan,nan,nan,nan,nan,nan,nan,nan,nan,nan,nan,nan,nan,nan,nan,nan,nan,nan,-3.585434173669473090e-02,nan,nan,nan,nan,nan,nan,nan,nan,-5.322128851540664125e-03,nan,nan,-3.641456582633058325e-02,-3.641456582633084520e-03,nan,nan,nan,nan,nan,-1.120448179271704703e-03,nan,nan,nan,nan,nan,nan,nan,0.000000000000000000e+00,nan,nan,nan
-4.469273743016732511e-03,nan,nan,nan,nan,nan,nan,nan,nan,-1.703910614525139255e-02,-8.938547486033510125e-03,nan,-1.424581005586591544e-02,nan,nan,nan,nan,nan,nan,nan,nan,nan,nan,nan,nan,nan,nan,nan,nan,nan,nan,nan,nan,nan,nan,nan,nan,nan,nan,3.016759776536313137e-02,3.156424581005586039e-02,nan,nan,nan,4.748603351955304856e-03,nan,-1.201117318435756046e-02,nan,nan,nan,nan,nan,nan,nan,nan,nan,nan,nan,nan,nan,nan,0.000000000000000000e+00,nan,nan,4.469273743016732511e-03
nan,-1.416893732970028220e-02,nan,nan,nan,nan,nan,nan,nan,nan,nan,nan,nan,nan,nan,nan,nan,nan,nan,nan,nan,nan,nan,nan,nan,nan,nan,nan,nan,nan,nan,nan,nan,nan,nan,nan,nan,nan,nan,nan,nan,nan,-2.179836512261590451e-03,nan,-1.634877384196185141e-02,-1.008174386920981415e-02,-1.171662125340600102e-02,-4.632152588555871198e-03,nan,nan,-7.901907356948244948e-03,nan,nan,nan,nan,nan,5.722070844686633247e-03,nan,nan,nan,nan,0.000000000000000000e+00,nan,1.035422343324252613e-02,nan
nan,-2.231520223152017035e-02,nan,nan,nan,-1.115760111575969746e-03,-1.450488145048809373e-02,nan,nan,-1.645746164574612980e-02,nan,nan,-2.705718270571821904e-02,nan,nan,nan,nan,nan,nan,nan,nan,nan,nan,nan,nan,-1.394700139470010994e-02,nan,nan,nan,nan,nan,nan,nan,nan,nan,nan,nan,nan,nan,nan,nan,nan,-2.426778242677818387e-02,nan,nan,nan,nan,nan,nan,nan,nan,nan,nan,nan,-5.578800557879626471e-04,2.789400278940368347e-04,nan,nan,nan,nan,nan,0.000000000000000000e+00,nan,nan,nan
-3.187250996015933337e-03,nan,nan,nan,nan,nan,-3.718459495351922155e-03,nan,nan,-1.195219123505975034e-02,nan,nan,nan,-1.885790172642760540e-02,nan,-8.233731739707827318e-03,nan,nan,nan,nan,nan,nan,nan,nan,nan,nan,nan,nan,nan,nan,-3.399734395750329125e-02,nan,nan,nan,nan,nan,nan,nan,nan,2.656042496680388609e-04,-5.046480743691894415e-03,nan,nan,nan,nan,-2.974767596281537724e-02,nan,nan,nan,nan,nan,nan,nan,nan,nan,nan,nan,nan,nan,nan,nan,0.000000000000000000e+00,nan,nan,nan
nan,nan,nan,nan,nan,nan,3.324099722991702595e-03,nan,nan,nan,-4.155124653739595067e-03,-3.324099722991680043e-03,nan,nan,nan,nan,nan,nan,nan,nan,nan,nan,nan,nan,nan,nan,nan,nan,nan,nan,nan,nan,nan,nan,nan,nan,nan,nan,nan,nan,nan,nan,nan,-8.310249307479210951e-03,5.540166204986319166e-04,nan,-7.479224376731275110e-03,-1.024930747922439024e-02,nan,nan,nan,nan,nan,-8.587257617728539377e-03,nan,nan,nan,nan,nan,nan,nan,0.000000000000000000e+00,nan,nan,3.324099722991702595e-03
nan,nan,nan,nan,nan,1.994459833795010281e-02,nan,nan,nan,nan,nan,5.678670360110802534e-02,nan,nan,2.963988919667588304e-02,nan,nan,nan,nan,nan,nan,nan,nan,nan,nan,nan,nan,nan,nan,nan,-2.770083102493048452e-04,nan,nan,nan,nan,nan,nan,nan,nan,1.578947368421050948e-02,nan,nan,nan,9.418282548476453533e-03,nan,nan,-4.432132963988921759e-03,1.052631578947365101e-02,nan,nan,1.108033240997219381e-03,nan,nan,nan,nan,nan,nan,nan,nan,nan,nan,0.000000000000000000e+00,nan,nan,nan
-1.851332398316964806e-02,nan,nan,nan,nan,nan,-2.412342215988776475e-02,nan,nan,-2.580645161290318068e-02,nan,nan,nan,nan,nan,-2.384291725105185458e-02,nan,nan,nan,nan,nan,nan,nan,-2.748948106591862089e-02,nan,nan,nan,nan,nan,nan,nan,nan,nan,nan,-2.103786816269279797e-02,nan,nan,nan,nan,nan,nan,nan,-2.973352033660585717e-02,nan,nan,nan,nan,nan,nan,nan,nan,nan,nan,nan,nan,nan,nan,nan,-8.134642356241172934e-03,nan,nan,0.000000000000000000e+00,nan,nan,-1.683029453015425642e-02
nan,nan,nan,nan,nan,nan,6.944444444444464008e-03,nan,nan,6.111111111111133982e-03,nan,nan,nan,nan,nan,nan,nan,nan,nan,nan,nan,nan,nan,nan,nan,nan,nan,nan,nan,nan,1.194444444444446932e-02,nan,nan,nan,4.111111111111113992e-02,nan,nan,nan,nan,nan,nan,nan,2.777777777777768018e-04,nan,nan,nan,nan,nan,nan,nan,6.000000000000003247e-02,7.555555555555559799e-02,nan,nan,nan,nan,nan,nan,nan,6.944444444444486560e-03,nan,0.000000000000000000e+00,2.305555555555558606e-02,nan,nan
2.234636871508399649e-03,nan,nan,nan,nan,nan,nan,nan,nan,-1.648044692737429123e-02,nan,nan,nan,nan,nan,nan,nan,nan,nan,nan,nan,nan,nan,nan,nan,-8.100558659217904980e-03,nan,-4.441340782122904507e-02,-4.636871508379887541e-02,nan,-1.201117318435753790e-02,nan,nan,nan,nan,nan,nan,nan,nan,nan,nan,nan,nan,nan,nan,-2.932960893854747939e-02,-1.480446927374303757e-02,nan,nan,nan,nan,nan,nan,nan,nan,nan,nan,nan,5.586592178770955104e-03,nan,nan,0.000000000000000000e+00,nan,nan,nan
nan,-3.822714681440442241e-02,nan,nan,nan,nan,-1.440443213296400612e-02,nan,-5.263157894736843201e-02,nan,nan,nan,-5.124653739612190784e-02,nan,nan,nan,nan,nan,nan,nan,nan,-4.626038781163435004e-02,nan,nan,nan,-2.299168975069254550e-02,nan,nan,nan,nan,-2.659279778393353055e-02,nan,nan,nan,nan,nan,nan,nan,nan,nan,nan,nan,nan,nan,nan,nan,nan,nan,nan,nan,nan,nan,nan,nan,-3.601108033241007169e-03,-1.662049861495851297e-03,nan,nan,nan,nan,nan,0.000000000000000000e+00,nan,nan,nan
nan,nan,nan,nan,nan,nan,3.852691218130310791e-02,nan,nan,-1.473087818696885466e-02,nan,nan,nan,nan,nan,2.124645892351273435e-02,nan,nan,nan,nan,nan,nan,nan,nan,nan,nan,nan,nan,nan,nan,nan,nan,nan,nan,nan,nan,-4.249291784702546523e-03,nan,nan,-2.266288951841355283e-03,5.382436260623246933e-03,nan,1.161473087818698513e-02,nan,nan,nan,nan,nan,nan,nan,nan,nan,nan,-3.399433427762055260e-03,nan,nan,nan,nan,3.456090651558072629e-02,nan,nan,0.000000000000000000e+00,nan,nan,nan
nan,-2.976878612716762212e-02,nan,nan,nan,nan,-1.127167630057803772e-02,nan,nan,nan,-5.491329479768780782e-03,nan,nan,nan,nan,nan,nan,nan,nan,nan,nan,nan,nan,-5.838150289017340899e-02,nan,nan,nan,nan,-5.664739884393064223e-02,nan,-3.554913294797688167e-02,nan,nan,-5.664739884393062141e-02,nan,nan,nan,nan,nan,1.098265895953756156e-02,nan,nan,nan,nan,nan,nan,nan,nan,nan,nan,nan,nan,nan,-5.780346820809078700e-04,nan,nan,nan,nan,nan,nan,nan,0.000000000000000000e+00,nan,nan,nan
nan,nan,nan,nan,nan,-6.629834254143629133e-03,nan,nan,nan,-3.038674033149169063e-03,nan,nan,-1.215469613259672135e-02,nan,-6.077348066298382361e-03,nan,nan,nan,nan,nan,nan,nan,nan,nan,-5.524861878453024566e-03,nan,nan,nan,nan,nan,nan,nan,nan,nan,nan,nan,nan,nan,nan,nan,-1.187845303867402988e-02,nan,nan,nan,nan,nan,nan,nan,nan,nan,nan,nan,nan,nan,-2.044198895027624779e-02,-1.961325966850830868e-02,nan,nan,-1.325966850828730337e-02,nan,nan,0.000000000000000000e+00,nan,nan,nan
nan,nan,nan,nan,nan,7.780821917808222743e-02,nan,-9.041095890410933214e-03,nan,nan,9.589041095890404529e-03,nan,nan,nan,nan,nan,nan,5.753424657534256248e-03,nan,nan,nan,nan,nan,nan,nan,nan,nan,nan,nan,nan,nan,nan,nan,nan,nan,nan,nan,nan,nan,nan,-1.178082191780818223e-02,2.821917808219180993e-02,nan,4.602739726027398059e-02,nan,nan,nan,nan,nan,nan,nan,nan,nan,-1.095890410958877360e-03,nan,nan,nan,nan,nan,nan,nan,0.000000000000000000e+00,nan,nan,5.150684931506850639e-02
-6.019151846785230839e-03,-4.979480164158689437e-02,nan,nan,nan,nan,nan,nan,-6.456908344733243432e-02,nan,nan,nan,-6.292749658002735891e-02,nan,nan,nan,nan,nan,nan,nan,nan,nan,nan,nan,nan,nan,nan,nan,nan,nan,nan,nan,nan,nan,nan,nan,-5.964432284541724971e-02,nan,nan,nan,nan,nan,nan,nan,-1.395348837209302653e-02,nan,nan,nan,nan,-4.842681258549934309e-02,-1.641586867305089292e-03,nan,nan,nan,nan,nan,nan,nan,6.839945280437742525e-03,nan,nan,0.000000000000000000e+00,nan,nan,nan
nan,nan,nan,nan,nan,1.763085399449036000e-02,-2.754820936639119575e-02,nan,nan,-2.479338842975220645e-03,nan,nan,nan,nan,nan,nan,nan,nan,-2.920110192837464119e-02,nan,nan,nan,nan,nan,nan,-2.506887052341599809e-02,nan,nan,nan,nan,nan,nan,nan,nan,nan,nan,nan,nan,nan,-4.683195592286515212e-03,nan,nan,-2.837465564738293061e-02,nan,nan,nan,nan,nan,nan,nan,nan,-3.471074380165293377e-02,nan,-4.132231404958686474e-03,nan,nan,nan,nan,nan,nan,nan,0.000000000000000000e+00,nan,nan,nan
nan,-3.031123139377540562e-02,nan,-2.110960757780790814e-02,nan,nan,8.930987821380197839e-03,nan,-4.113667117726664546e-02,nan,nan,nan,-3.897158322056837321e-02,nan,nan,nan,nan,nan,nan,nan,nan,nan,nan,nan,nan,nan,nan,nan,nan,nan,nan,nan,nan,nan,nan,nan,-3.599458728010831304e-02,nan,nan,1.434370771312580908e-02,nan,nan,1.894451962110910159e-03,nan,nan,nan,nan,nan,nan,nan,nan,nan,nan,-6.224627875507482422e-03,nan,nan,nan,nan,nan,nan,nan,0.000000000000000000e+00,nan,nan,nan
nan,nan,nan,nan,nan,-7.843137254902043942e-03,-8.403361344538450971e-04,nan,nan,-1.932773109243701715e-02,nan,nan,nan,nan,nan,nan,nan,nan,nan,nan,nan,nan,nan,nan,nan,nan,nan,nan,-7.843137254902021391e-03,nan,nan,nan,nan,nan,-3.921568627451033247e-03,nan,-2.324929971988798361e-02,nan,nan,nan,nan,nan,nan,nan,nan,nan,nan,-2.801120448179705738e-04,nan,nan,nan,nan,nan,nan,nan,nan,nan,8.403361344537340748e-04,-6.162464985994486888e-03,nan,nan,0.000000000000000000e+00,nan,nan,nan
nan,-2.103825136612020794e-02,nan,nan,nan,nan,nan,nan,nan,-1.830601092896175924e-02,2.220446049250313204e-17,nan,nan,nan,nan,nan,nan,nan,nan,nan,nan,nan,nan,nan,nan,nan,nan,nan,nan,nan,nan,nan,nan,-1.420765027322403763e-02,nan,nan,-8.196721311475418936e-03,nan,nan,nan,nan,nan,nan,nan,-8.469945355191233621e-03,nan,nan,-4.098360655737676508e-03,nan,nan,nan,nan,nan,1.366120218579236489e-02,nan,nan,nan,-2.732240437158362065e-04,nan,nan,nan,0.000000000000000000e+00,nan,nan,nan
3.051771117166215269e-02,nan,nan,nan,nan,nan,nan,nan,nan,-5.449591280653586899e-04,2.997275204359706006e-03,nan,nan,nan,nan,1.253405994550413870e-02,nan,nan,nan,nan,nan,nan,nan,nan,nan,nan,nan,nan,nan,nan,nan,nan,nan,nan,nan,nan,nan,nan,nan,6.539509536784793471e-03,-6.811989100817395296e-03,-4.087193460490401269e-03,nan,nan,nan,nan,nan,nan,nan,nan,nan,nan,nan,nan,8.174386920981157722e-04,7.901907356948244948e-03,nan,nan,nan,nan,nan,0.000000000000000000e+00,nan,nan,nan
nan,nan,nan,nan,nan,-4.377564979480164098e-03,nan,nan,nan,nan,nan,nan,nan,nan,nan,nan,nan,nan,nan,nan,nan,nan,nan,nan,nan,nan,nan,nan,nan,nan,-2.188782489740104167e-03,nan,nan,nan,-1.559507523939807072e-02,nan,nan,nan,nan,nan,-8.207934336525269520e-03,nan,nan,nan,nan,nan,-1.067031463748286876e-02,-1.504787961696305541e-02,nan,nan,-1.121751025991792917e-02,nan,nan,-1.039671682626539494e-02,nan,nan,nan,nan,-5.471956224350372090e-04,nan,nan,0.000000000000000000e+00,nan,nan,nan
nan,nan,nan,nan,nan,6.443514644351459875e-02,nan,nan,nan,2.928870292887022359e-02,1.311018131101810910e-02,nan,nan,nan,nan,nan,nan,nan,nan,nan,nan,nan,nan,nan,nan,nan,nan,nan,nan,nan,2.231520223152019117e-02,nan,nan,2.789400278940021988e-02,nan,nan,nan,nan,nan,3.765690376569034992e-02,nan,nan,nan,nan,nan,nan,nan,4.072524407252433448e-02,nan,nan,nan,nan,2.566248256624821186e-02,8.507670850767082293e-02,nan,nan,nan,nan,nan,nan,nan,0.000000000000000000e+00,nan,nan,nan
nan,nan,nan,nan,nan,nan,9.749303621169968723e-03,nan,nan,-2.590529247910859992e-02,nan,nan,nan,nan,nan,nan,nan,nan,nan,nan,nan,nan,nan,nan,nan,nan,nan,nan,nan,nan,2.506963788300864329e-03,nan,nan,nan,-1.977715877437322828e-02,nan,nan,nan,1.114206128133754439e-03,nan,nan,nan,1.169916434540394477e-02,nan,nan,nan,-2.395543175487462387e-02,5.292479108635128777e-03,nan,nan,-3.899721448467929983e-03,nan,nan,nan,nan,nan,nan,nan,nan,nan,nan,0.000000000000000000e+00,nan,nan,nan
nan,nan,nan,nan,nan,nan,nan,nan,nan,nan,-1.340629274965801122e-02,-6.292749658002749769e-03,nan,nan,nan,nan,nan,nan,nan,nan,nan,nan,nan,nan,nan,nan,nan,nan,nan,nan,nan,nan,nan,nan,nan,nan,nan,nan,nan,nan,-7.660738714090289947e-02,nan,nan,-2.462380300957594040e-02,4.103967168262645168e-03,-1.696306429548564282e-02,nan,nan,nan,nan,-2.735978112175186045e-04,nan,nan,-1.915184678522572487e-02,nan,nan,nan,nan,nan,nan,nan,0.000000000000000000e+00,nan,nan,-4.240766073871408970e-02
nan,nan,nan,nan,nan,4.419889502762374897e-03,nan,nan,-4.060773480662989432e-02,nan,-8.563535911602282100e-03,nan,nan,nan,nan,nan,nan,nan,nan,nan,nan,nan,nan,-4.861878453038677439e-02,nan,nan,nan,nan,-5.276243093922657057e-02,nan,-1.988950276243097587e-02,nan,nan,nan,nan,nan,nan,nan,nan,nan,nan,nan,-1.933701657458566231e-02,nan,5.524861878452691066e-04,nan,-2.624309392265200547e-02,nan,nan,nan,nan,nan,nan,nan,nan,nan,nan,nan,nan,nan,nan,0.000000000000000000e+00,nan,nan,nan
7.172413793103471664e-03,-2.510344827586201769e-02,nan,nan,nan,nan,8.551724137931060801e-03,nan,nan,-1.931034482758618026e-02,nan,nan,nan,nan,nan,8.275862068965533086e-03,nan,nan,nan,nan,nan,nan,nan,nan,nan,nan,nan,nan,nan,nan,-1.020689655172413168e-02,nan,nan,nan,nan,nan,nan,nan,nan,1.131034482758625989e-02,nan,nan,nan,-6.896551724137900581e-03,nan,nan,nan,nan,nan,nan,-2.482758620689628874e-03,nan,nan,nan,nan,nan,nan,nan,nan,nan,nan,0.000000000000000000e+00,nan,nan,nan
nan,nan,nan,nan,nan,5.494505494505474985e-04,nan,nan,nan,nan,nan,-1.456043956043961973e-02,nan,nan,nan,nan,nan,nan,nan,nan,nan,nan,nan,nan,nan,nan,nan,nan,nan,nan,nan,nan,nan,nan,-3.434065934065935050e-02,nan,nan,nan,nan,nan,nan,nan,-7.692307692307687531e-03,-1.895604395604399972e-02,nan,-2.005494505494509472e-02,-3.104395604395604469e-02,nan,nan,nan,-6.043956043956045035e-03,nan,nan,nan,nan,nan,nan,nan,nan,nan,nan,0.000000000000000000e+00,nan,nan,-1.153846153846156339e-02
nan,5.517241379310378231e-03,nan,nan,nan,5.131034482758625032e-02,-3.862068965517218011e-03,nan,nan,2.344827586206901099e-02,-1.406896551724134969e-02,4.910344827586208410e-02,nan,nan,nan,nan,nan,nan,nan,nan,nan,nan,nan,nan,nan,nan,nan,nan,nan,nan,nan,nan,nan,nan,nan,nan,nan,nan,nan,nan,nan,nan,nan,nan,nan,3.227586206896557869e-02,nan,1.213793103448279620e-02,nan,nan,nan,nan,nan,6.731034482758624371e-02,nan,nan,nan,nan,nan,nan,nan,0.000000000000000000e+00,nan,nan,nan
nan,2.225312934631484742e-03,nan,nan,nan,6.536856745479835418e-02,nan,nan,nan,nan,5.563282336578656562e-03,nan,nan,nan,nan,nan,nan,nan,nan,nan,nan,nan,nan,nan,nan,nan,nan,nan,nan,nan,1.251738525730183849e-02,nan,nan,nan,2.086230876216972271e-02,nan,nan,nan,nan,nan,nan,nan,nan,7.510431154381125643e-03,nan,-2.781641168288828464e-04,nan,1.168289290681507817e-02,nan,nan,nan,nan,nan,6.620305980528513878e-02,nan,nan,nan,nan,nan,nan,nan,0.000000000000000000e+00,nan,nan,nan
nan,nan,nan,nan,nan,nan,3.156424581005586039e-02,nan,nan,-8.659217877094959465e-03,-6.145251396648077243e-03,-8.100558659217859878e-03,nan,nan,nan,nan,nan,nan,nan,nan,nan,nan,nan,nan,nan,nan,nan,nan,nan,nan,nan,nan,nan,nan,1.117318435754188766e-02,nan,nan,nan,nan,nan,nan,nan,1.787709497206704107e-02,nan,-1.312849162011175963e-02,nan,nan,nan,nan,nan,nan,nan,nan,-5.027932960893899753e-03,nan,nan,nan,nan,nan,nan,nan,0.000000000000000000e+00,nan,nan,1.843575418994412157e-02
nan,-2.456140350877196107e-02,nan,-2.672064777327942675e-02,nan,-7.017543859649167173e-03,nan,nan,nan,-1.808367071524972364e-02,-1.889338731444034636e-03,nan,nan,nan,nan,nan,nan,nan,nan,nan,nan,nan,nan,nan,nan,nan,nan,nan,nan,nan,-2.429149797570873300e-03,nan,-2.105263157894741305e-02,nan,nan,nan,nan,nan,nan,nan,nan,nan,nan,nan,4.318488529014796913e-03,nan,nan,6.477732793522239171e-03,nan,nan,nan,nan,nan,nan,nan,nan,nan,nan,nan,nan,nan,0.000000000000000000e+00,nan,nan,nan
nan,nan,nan,nan,nan,7.773167358229597645e-02,nan,nan,nan,nan,-1.936376210235124518e-03,nan,nan,nan,4.094052558782852735e-02,nan,nan,nan,nan,nan,nan,nan,nan,nan,nan,nan,nan,nan,nan,nan,4.702627939142463298e-02,nan,nan,nan,3.457814661134164108e-02,nan,nan,nan,nan,4.121715076071923167e-02,7.413554633471648725e-02,nan,nan,nan,9.128630705394203543e-03,nan,nan,nan,nan,nan,nan,nan,nan,nan,nan,nan,nan,nan,nan,nan,nan,0.000000000000000000e+00,nan,nan,-1.410788381742735832e-02
-1.109607577807847356e-02,-3.112313937753719006e-02,nan,nan,nan,nan,nan,nan,nan,-2.760487144790255837e-02,-1.001353179972936866e-02,nan,nan,nan,nan,nan,nan,nan,nan,nan,nan,nan,nan,nan,nan,nan,nan,nan,nan,nan,-9.201623815967518299e-03,nan,nan,nan,-2.029769959404599186e-02,nan,-2.354533152909334820e-02,nan,nan,nan,nan,9.472259810554838760e-03,nan,nan,nan,nan,nan,nan,nan,nan,nan,nan,nan,nan,nan,nan,nan,nan,nan,nan,nan,0.000000000000000000e+00,nan,nan,-2.706359945872760628e-04
nan,6.284153005464543536e-03,nan,nan,nan,nan,nan,nan,nan,nan,-4.371584699453512010e-03,nan,nan,nan,nan,nan,nan,nan,nan,nan,nan,nan,nan,nan,nan,nan,nan,nan,nan,nan,-7.103825136611984989e-03,nan,nan,nan,1.857923497267763985e-02,nan,nan,nan,nan,nan,nan,nan,nan,nan,-3.278688524590145283e-03,nan,1.147540983606560802e-02,1.229508196721313881e-02,nan,nan,nan,nan,nan,4.590163934426232106e-02,nan,nan,nan,nan,nan,nan,nan,0.000000000000000000e+00,nan,nan,1.475409836065577629e-02
nan,-4.666666666666661328e-02,nan,nan,nan,nan,nan,nan,nan,-3.027777777777773682e-02,-1.055555555555551771e-02,nan,nan,nan,nan,nan,nan,nan,nan,nan,nan,nan,nan,nan,nan,nan,nan,nan,nan,nan,nan,nan,nan,nan,nan,nan,-4.999999999999995420e-02,nan,nan,nan,nan,nan,-2.861111111111107677e-02,nan,-2.194444444444441228e-02,nan,nan,nan,nan,-4.583333333333328152e-02,1.111111111111107207e-03,nan,nan,-5.555555555555536035e-04,nan,nan,nan,nan,nan,nan,nan,0.000000000000000000e+00,nan,nan,nan
-5.737704918032759775e-03,-1.803278688524587864e-02,nan,nan,nan,nan,nan,nan,nan,nan,nan,nan,nan,nan,nan,nan,nan,nan,nan,nan,nan,-2.950819672131150748e-02,nan,nan,nan,nan,nan,nan,nan,nan,nan,nan,-2.431693989071039702e-02,nan,nan,nan,-2.841530054644807526e-02,nan,nan,nan,nan,nan,-1.721311475409832356e-02,-9.562841530054645017e-03,2.732240437158362065e-04,nan,nan,nan,nan,nan,nan,nan,nan,nan,nan,nan,nan,nan,nan,nan,nan,0.000000000000000000e+00,nan,nan,-6.284153005464454197e-03
nan,-3.656509695290859063e-02,nan,nan,nan,nan,nan,nan,-5.069252077562327180e-02,-3.074792243767314817e-02,nan,nan,-5.512465373961219356e-02,nan,nan,nan,nan,nan,nan,nan,nan,nan,nan,nan,nan,nan,nan,nan,nan,nan,nan,nan,nan,nan,nan,nan,-5.457063711911358528e-02,nan,nan,1.412742382271465688e-02,-5.540166204986319166e-04,nan,nan,nan,-2.770083102493492433e-04,nan,nan,nan,nan,nan,nan,nan,nan,2.770083102493048344e-03,nan,nan,nan,nan,nan,nan,nan,0.000000000000000000e+00,nan,nan,nan
nan,-1.204481792717093658e-02,nan,nan,nan,-4.201680672268981107e-03,-5.322128851540641574e-03,nan,nan,-2.240896358543476193e-03,nan,nan,nan,nan,nan,nan,nan,nan,nan,nan,nan,nan,nan,nan,nan,nan,nan,nan,nan,nan,nan,nan,nan,nan,nan,nan,nan,nan,nan,9.803921568627416150e-03,-1.064425770308130570e-02,nan,nan,nan,nan,nan,nan,nan,nan,nan,nan,nan,nan,-3.361344537815203013e-03,5.378151260504195758e-02,2.577030812324922898e-02,nan,nan,nan,nan,nan,0.000000000000000000e+00,nan,nan,nan
nan,9.690444145356625488e-03,nan,nan,nan,2.476446837146697305e-02,nan,nan,nan,nan,-6.191117092866793570e-03,nan,nan,nan,nan,4.952893674293401549e-02,nan,nan,nan,nan,nan,nan,nan,nan,nan,nan,nan,nan,nan,nan,nan,nan,nan,nan,nan,nan,nan,nan,nan,nan,nan,nan,nan,nan,1.022880215343202615e-02,nan,4.037685060565255127e-03,3.257065948855986104e-02,nan,nan,4.172274562584114832e-02,nan,nan,nan,nan,nan,nan,nan,nan,nan,nan,0.000000000000000000e+00,nan,nan,3.660834454912513525e-02
nan,-3.891156462585030479e-02,nan,nan,nan,nan,nan,nan,nan,nan,nan,nan,nan,nan,nan,nan,nan,nan,nan,-1.224489795918362080e-02,nan,nan,nan,nan,nan,nan,nan,nan,nan,nan,-1.333333333333326307e-02,nan,nan,nan,nan,nan,nan,nan,nan,nan,nan,nan,-2.176870748299317843e-02,nan,-1.605442176870743726e-02,nan,-4.190476190476188911e-02,-1.006802721088431198e-02,nan,nan,nan,nan,nan,nan,nan,nan,nan,nan,-9.251700680272057289e-03,nan,nan,0.000000000000000000e+00,nan,nan,-9.795918367346879291e-03
nan,-4.272108843537410217e-02,nan,nan,nan,nan,nan,nan,nan,nan,nan,nan,nan,nan,nan,nan,nan,nan,nan,-2.204081632653056427e-02,nan,nan,nan,nan,nan,nan,nan,nan,nan,nan,-1.877551020408156982e-02,nan,nan,nan,nan,nan,nan,nan,nan,nan,nan,nan,-2.095238095238089945e-02,nan,-2.068027210884348932e-02,nan,-4.408163265306119794e-02,-7.619047619047569601e-03,nan,nan,nan,nan,nan,nan,nan,nan,nan,nan,-7.074829931972703365e-03,nan,nan,0.000000000000000000e+00,nan,nan,-8.979591836734645421e-03
nan,-2.932226832641771086e-02,nan,nan,nan,nan,nan,nan,nan,nan,nan,nan,nan,nan,nan,nan,nan,nan,nan,nan,nan,nan,nan,nan,nan,nan,nan,nan,nan,nan,nan,nan,nan,nan,-1.908713692946060331e-02,nan,nan,nan,nan,nan,nan,nan,-1.217150760719225636e-02,nan,-1.798063623789767501e-02,-2.821576763485478256e-02,-3.513139695712308441e-02,-1.438450899031809040e-02,nan,nan,-5.532503457814641479e-04,nan,nan,-1.106500691562928296e-03,nan,nan,nan,nan,nan,nan,nan,0.000000000000000000e+00,nan,nan,nan
nan,-6.353591160220983629e-03,-9.116022099447484636e-03,nan,nan,-2.762430939226234944e-04,nan,nan,nan,nan,nan,nan,nan,nan,nan,nan,nan,nan,nan,nan,nan,nan,nan,nan,nan,nan,nan,nan,nan,nan,-6.629834254143629133e-03,nan,nan,nan,nan,nan,nan,nan,nan,nan,-8.287292817679547258e-03,nan,nan,nan,-2.762430939226234944e-04,nan,nan,nan,nan,nan,nan,nan,nan,nan,-1.685082872928174089e-02,-1.243093922651932262e-02,nan,nan,-6.077348066298315574e-03,nan,nan,0.000000000000000000e+00,nan,nan,nan
nan,nan,nan,nan,nan,1.707988980716250785e-02,nan,nan,nan,-3.856749311294827183e-03,-2.479338842975264880e-03,nan,nan,nan,nan,nan,nan,nan,nan,nan,nan,nan,nan,nan,nan,nan,nan,nan,nan,nan,nan,nan,nan,nan,nan,nan,nan,nan,nan,nan,nan,nan,nan,nan,-1.460055096418735356e-02,1.404958677685943548e-02,nan,nan,nan,nan,nan,nan,nan,9.090909090909060977e-03,1.294765840220382137e-02,9.917355371900771557e-03,nan,nan,-2.203856749311339236e-03,nan,nan,0.000000000000000000e+00,nan,nan,nan
-5.851063829787261569e-03,5.319148936169914698e-04,nan,nan,nan,2.420212765957443363e-02,1.968085106382975319e-02,nan,nan,nan,nan,3.989361702127625434e-03,nan,nan,nan,nan,nan,nan,nan,nan,nan,nan,nan,nan,nan,nan,nan,nan,nan,nan,nan,nan,nan,nan,-2.925531914893642060e-03,nan,nan,nan,nan,nan,nan,nan,nan,nan,nan,nan,nan,nan,nan,nan,1.489361702127653918e-02,nan,nan,1.409574468085101825e-02,nan,nan,nan,nan,nan,nan,nan,0.000000000000000000e+00,nan,nan,4.521276595744638804e-03
nan,-4.463040446304043091e-02,nan,nan,nan,-3.626220362621967921e-03,-6.415620641562003526e-03,nan,nan,-3.486750348675027311e-02,nan,nan,nan,nan,nan,nan,nan,nan,nan,nan,nan,nan,nan,nan,nan,nan,nan,nan,nan,nan,nan,nan,nan,nan,nan,nan,nan,nan,nan,nan,-1.032078103207807393e-02,nan,-1.785216178521613697e-02,-2.705718270571823986e-02,-9.483960948396052276e-03,nan,-3.793584379358434788e-02,nan,nan,nan,nan,nan,nan,nan,nan,nan,nan,nan,nan,nan,nan,0.000000000000000000e+00,nan,nan,nan
nan,nan,nan,nan,nan,-7.616361071932309379e-03,nan,nan,nan,nan,-8.744710860366744151e-03,-5.077574047954880147e-03,nan,nan,nan,nan,nan,nan,nan,nan,nan,nan,nan,nan,nan,nan,nan,nan,nan,nan,nan,nan,nan,nan,-9.873060648801201475e-03,nan,nan,nan,nan,-1.015514809590980540e-02,nan,nan,nan,-1.410437235543016143e-03,nan,nan,nan,nan,nan,nan,nan,nan,nan,-5.641748942172087125e-03,nan,nan,nan,nan,1.382228490832155751e-02,nan,nan,0.000000000000000000e+00,nan,nan,4.513399153737651485e-03
nan,-2.256267409470746887e-02,nan,nan,nan,4.178272980501418141e-03,nan,nan,nan,-1.922005571030640375e-02,nan,9.470752089136525234e-03,nan,nan,nan,6.685236768802282903e-03,nan,nan,nan,nan,nan,nan,nan,nan,nan,nan,nan,nan,nan,nan,nan,nan,nan,nan,nan,nan,nan,nan,nan,nan,nan,nan,nan,-8.356545961002747810e-03,-7.799442896935881650e-03,nan,-1.754874651810580527e-02,2.785515320334441933e-04,nan,nan,nan,nan,nan,nan,nan,nan,nan,nan,nan,nan,nan,0.000000000000000000e+00,nan,nan,nan
nan,nan,nan,nan,nan,-6.469002695417813351e-03,nan,nan,nan,nan,nan,nan,nan,nan,-5.390835579514851976e-03,nan,nan,nan,nan,nan,nan,nan,nan,nan,nan,nan,nan,nan,nan,nan,-1.293800539083558333e-02,nan,nan,nan,nan,nan,nan,nan,nan,nan,nan,nan,-8.625336927223736100e-03,-6.469002695417813351e-03,nan,nan,-8.894878706199472324e-03,nan,nan,nan,-2.425876010781680223e-03,nan,nan,-2.964959568733172186e-03,nan,nan,nan,nan,nan,nan,nan,0.000000000000000000e+00,nan,nan,-1.159029649595690915e-02
nan,-5.177111716621252135e-02,nan,nan,nan,nan,nan,nan,-6.594005449591280876e-02,-3.760217983651224088e-02,-1.144414168937326649e-02,nan,-7.166212534059943073e-02,nan,nan,nan,nan,nan,nan,nan,nan,nan,nan,nan,nan,nan,nan,nan,nan,nan,nan,nan,nan,nan,nan,nan,-6.675749318801089960e-02,nan,nan,-2.724795640326971476e-03,nan,nan,nan,nan,-1.089918256130786335e-02,nan,nan,nan,nan,nan,nan,nan,nan,nan,nan,nan,nan,nan,nan,nan,nan,0.000000000000000000e+00,nan,nan,-4.904632152588561493e-03
nan,-3.053645116918850613e-02,nan,nan,nan,-1.100412654745564021e-03,nan,-1.540577716643745133e-02,-4.539202200825313838e-02,-1.843191196698765882e-02,nan,nan,-4.401650618982122509e-02,nan,nan,nan,nan,nan,nan,nan,nan,nan,nan,nan,nan,nan,nan,nan,nan,nan,nan,nan,nan,nan,nan,nan,-4.841815680880334760e-02,nan,nan,nan,nan,nan,-1.375515818431960555e-03,nan,nan,nan,nan,nan,nan,nan,nan,nan,nan,-8.528198074277893587e-03,nan,nan,nan,nan,nan,nan,nan,0.000000000000000000e+00,nan,nan,nan
nan,-1.406896551724132714e-02,nan,-2.041379310344819745e-02,nan,8.275862068966022278e-04,1.655172413793160003e-03,nan,nan,-1.186206896551720257e-02,nan,nan,-3.117241379310340538e-02,nan,nan,nan,nan,nan,nan,nan,nan,nan,nan,nan,nan,nan,nan,nan,nan,nan,nan,nan,-1.627586206896545346e-02,nan,nan,nan,-3.227586206896546767e-02,nan,nan,nan,nan,nan,nan,nan,-8.275862068965134316e-04,nan,nan,nan,nan,nan,nan,nan,nan,nan,nan,nan,nan,nan,nan,nan,nan,0.000000000000000000e+00,nan,nan,nan
nan,-4.277929155313353604e-02,nan,nan,nan,-6.267029972752058073e-03,nan,nan,nan,-3.896457765667575568e-02,nan,nan,nan,nan,nan,nan,nan,nan,nan,nan,nan,nan,nan,nan,nan,nan,nan,nan,nan,nan,-9.536784741144411007e-03,nan,nan,-3.351498637602179365e-02,nan,nan,nan,nan,nan,nan,nan,nan,-2.452316076294280747e-03,nan,nan,-4.686648501362398328e-02,-4.523160762942779467e-02,-3.814713896457777760e-03,nan,nan,nan,nan,nan,nan,nan,nan,nan,nan,nan,nan,nan,0.000000000000000000e+00,nan,nan,nan
nan,-4.219653179190747949e-02,nan,nan,nan,nan,nan,nan,-5.520231213872826143e-02,-3.236994219653173410e-02,1.156069364161882527e-03,nan,-5.346820809248551548e-02,nan,nan,nan,nan,nan,nan,nan,nan,nan,nan,nan,nan,nan,nan,nan,nan,nan,nan,nan,nan,nan,nan,nan,-5.462427745664737155e-02,nan,nan,nan,nan,nan,nan,nan,-1.040462427745663179e-02,-3.815028901734100752e-02,nan,nan,nan,nan,1.156069364161904645e-03,nan,nan,nan,nan,nan,nan,nan,nan,nan,nan,0.000000000000000000e+00,nan,nan,nan
nan,-4.158940397350989471e-02,nan,nan,nan,nan,nan,nan,-6.092715231788074781e-02,nan,-4.503311258278142222e-03,nan,-5.854304635761588965e-02,nan,6.887417218543068036e-03,nan,nan,nan,nan,nan,nan,nan,nan,nan,nan,nan,nan,nan,nan,nan,nan,nan,nan,nan,nan,nan,-5.880794701986753747e-02,nan,nan,nan,nan,nan,nan,nan,nan,nan,nan,nan,nan,-5.165562913907282422e-02,nan,nan,nan,-1.430463576158940223e-02,nan,nan,nan,nan,nan,nan,nan,0.000000000000000000e+00,nan,nan,6.092715231788092475e-03
nan,-2.537517053206004430e-02,-1.527967257844475846e-02,nan,nan,nan,nan,nan,nan,-2.155525238744886510e-02,-5.184174624829496029e-03,nan,nan,nan,-5.729877216916823453e-03,-1.227830832196457125e-02,nan,nan,nan,nan,nan,nan,nan,nan,nan,nan,nan,nan,nan,nan,nan,nan,nan,nan,nan,nan,nan,nan,nan,nan,-1.282401091405187613e-02,nan,nan,nan,nan,nan,nan,nan,nan,nan,nan,nan,nan,nan,nan,-1.255115961800821155e-02,nan,nan,-1.036834924965896951e-02,nan,nan,0.000000000000000000e+00,nan,nan,nan
-9.589041095890427080e-03,nan,nan,nan,nan,-3.561643835616456859e-03,nan,-1.671232876712331825e-02,nan,3.013698630136940441e-03,8.219178082191636037e-04,nan,nan,nan,nan,nan,nan,-1.780821917808219496e-02,nan,nan,nan,nan,nan,nan,-2.136986301369865268e-02,nan,nan,nan,nan,nan,nan,nan,nan,nan,nan,nan,nan,nan,nan,nan,nan,nan,nan,nan,nan,nan,nan,nan,nan,nan,nan,nan,nan,nan,-1.013698630136989839e-02,-7.123287671232958820e-03,nan,nan,nan,nan,nan,0.000000000000000000e+00,nan,nan,nan
nan,-1.394700139469984192e-03,nan,3.905160390516071271e-03,nan,nan,nan,nan,nan,4.741980474198092925e-03,nan,nan,nan,nan,nan,nan,nan,nan,nan,nan,nan,4.440892098500626408e-17,nan,nan,nan,nan,nan,nan,nan,nan,nan,nan,-3.068340306833983264e-03,nan,8.368200836820438799e-04,nan,nan,nan,nan,nan,nan,nan,nan,nan,nan,-8.647140864714098277e-03,1.952580195258057970e-03,nan,nan,nan,nan,4.184100418410085717e-03,nan,nan,nan,nan,nan,nan,nan,nan,nan,0.000000000000000000e+00,nan,nan,nan
nan,nan,nan,nan,nan,nan,8.583690987124437469e-03,nan,nan,nan,1.545064377682401312e-02,1.258941344778250447e-02,nan,nan,nan,nan,nan,nan,nan,nan,nan,nan,nan,nan,nan,nan,nan,nan,nan,nan,nan,nan,nan,nan,nan,nan,nan,nan,nan,1.115879828326178311e-02,nan,nan,nan,nan,-4.291845493562230010e-03,nan,nan,nan,nan,nan,nan,nan,nan,-1.716738197424905188e-03,-2.575107296137369058e-03,-3.147353361945648235e-03,nan,nan,1.917024320457796221e-02,nan,nan,0.000000000000000000e+00,nan,nan,nan
