nan,nan,nan,nan,nan,nan,nan,nan,nan,nan,nan,nan,nan,nan,nan,nan,nan,nan,nan,nan,nan,nan,nan,nan,nan,nan,nan,nan,nan,-2.938144329896907880e-02,nan,nan,nan,nan,nan,nan,nan,0.000000000000000000e+00,0.000000000000000000e+00,-1.134020618556705849e-02,nan,0.000000000000000000e+00,nan,nan,-1.958762886597942288e-02,nan,nan,nan,nan,1.030927835051542729e-03,-1.134020618556708104e-02,nan,nan,nan,nan,nan,nan,nan,nan,0.000000000000000000e+00,0.000000000000000000e+00,nan,nan,nan,nan
nan,nan,nan,nan,nan,nan,nan,nan,nan,nan,nan,nan,nan,nan,nan,nan,nan,nan,nan,nan,nan,nan,nan,nan,nan,nan,nan,nan,nan,-1.578947368421102036e-03,nan,nan,nan,nan,nan,nan,nan,0.000000000000000000e+00,0.000000000000000000e+00,nan,nan,0.000000000000000000e+00,nan,nan,-3.684210526315845335e-03,nan,nan,nan,-2.105263157894765418e-03,nan,nan,nan,nan,nan,nan,nan,nan,nan,nan,0.000000000000000000e+00,0.000000000000000000e+00,nan,8.947368421052592780e-03,nan,2.052631578947363561e-02
nan,nan,nan,nan,nan,nan,nan,nan,nan,nan,nan,-1.627296587926503266e-02,nan,nan,nan,nan,nan,nan,nan,nan,nan,nan,nan,nan,nan,nan,nan,nan,nan,-1.417322834645666843e-02,nan,nan,nan,nan,nan,nan,nan,0.000000000000000000e+00,0.000000000000000000e+00,nan,nan,0.000000000000000000e+00,8.923884514435731843e-03,nan,-1.627296587926505694e-02,nan,nan,nan,nan,nan,0.000000000000000000e+00,nan,nan,nan,nan,nan,nan,nan,nan,0.000000000000000000e+00,0.000000000000000000e+00,nan,nan,nan,nan
nan,nan,nan,nan,nan,nan,nan,nan,nan,nan,nan,4.556962025316435919e-03,nan,nan,nan,nan,nan,nan,nan,nan,nan,nan,nan,nan,nan,nan,nan,nan,nan,-7.088607594936746810e-03,nan,nan,nan,nan,nan,nan,nan,nan,0.000000000000000000e+00,-5.063291139240555863e-03,nan,0.000000000000000000e+00,nan,nan,-4.556962025316480154e-03,nan,nan,nan,nan,nan,-3.037974683544319814e-03,nan,nan,-1.316455696202538730e-02,nan,nan,nan,nan,nan,0.000000000000000000e+00,0.000000000000000000e+00,nan,nan,nan,nan
nan,nan,nan,nan,nan,nan,nan,nan,nan,nan,nan,nan,nan,nan,nan,nan,nan,nan,nan,nan,nan,nan,nan,nan,nan,nan,nan,nan,nan,-2.099737532808394411e-02,nan,nan,nan,nan,nan,nan,nan,0.000000000000000000e+00,0.000000000000000000e+00,nan,nan,0.000000000000000000e+00,nan,nan,-2.309711286089235344e-02,nan,nan,-2.152230971128605772e-02,nan,nan,0.000000000000000000e+00,nan,nan,-1.207349081364825737e-02,nan,nan,nan,nan,nan,0.000000000000000000e+00,0.000000000000000000e+00,nan,nan,nan,nan
nan,nan,nan,nan,nan,0.000000000000000000e+00,nan,nan,nan,nan,nan,-3.084832904884320451e-02,nan,nan,nan,nan,nan,nan,nan,nan,nan,nan,nan,nan,nan,nan,nan,nan,nan,-7.712082262210806331e-03,nan,nan,nan,nan,nan,nan,nan,nan,0.000000000000000000e+00,nan,nan,0.000000000000000000e+00,nan,nan,-3.547557840616970271e-02,nan,nan,nan,nan,-3.084832904884349334e-03,-2.570694087403624373e-03,nan,nan,nan,nan,nan,nan,nan,nan,0.000000000000000000e+00,0.000000000000000000e+00,nan,nan,nan,nan
nan,nan,nan,nan,nan,0.000000000000000000e+00,nan,nan,nan,nan,nan,nan,nan,nan,nan,nan,nan,nan,nan,nan,nan,nan,nan,nan,nan,nan,nan,nan,nan,3.126684636118592930e-02,nan,nan,nan,nan,nan,nan,nan,0.000000000000000000e+00,0.000000000000000000e+00,-7.008086253369327431e-03,nan,0.000000000000000000e+00,nan,nan,nan,nan,nan,nan,nan,nan,0.000000000000000000e+00,nan,nan,nan,nan,nan,nan,nan,nan,0.000000000000000000e+00,0.000000000000000000e+00,nan,0.000000000000000000e+00,nan,nan
nan,nan,nan,nan,nan,nan,-6.750629722921910880e-02,nan,nan,nan,5.541561712846365673e-03,-5.541561712846345550e-02,nan,nan,nan,nan,nan,nan,nan,nan,nan,nan,nan,nan,nan,nan,nan,nan,nan,-2.317380352644835689e-02,nan,nan,nan,nan,nan,nan,nan,0.000000000000000000e+00,0.000000000000000000e+00,-5.591939546599496158e-02,nan,nan,nan,nan,-8.765743073047856104e-02,nan,nan,nan,nan,nan,nan,nan,nan,nan,nan,nan,nan,nan,nan,0.000000000000000000e+00,0.000000000000000000e+00,nan,nan,nan,nan
nan,nan,nan,nan,nan,nan,-1.561712846347607098e-02,nan,nan,nan,nan,nan,nan,nan,nan,nan,nan,nan,nan,nan,nan,nan,nan,nan,nan,nan,nan,nan,nan,-2.518891687657420688e-03,nan,nan,nan,nan,nan,nan,nan,0.000000000000000000e+00,0.000000000000000000e+00,8.060453400503741692e-03,nan,nan,nan,nan,-5.541561712846365673e-03,nan,nan,nan,nan,nan,0.000000000000000000e+00,nan,nan,nan,nan,nan,nan,nan,nan,0.000000000000000000e+00,0.000000000000000000e+00,nan,0.000000000000000000e+00,nan,nan
nan,nan,nan,nan,nan,0.000000000000000000e+00,-2.067183462532273981e-03,nan,nan,nan,nan,nan,nan,nan,nan,nan,nan,nan,nan,nan,nan,nan,nan,nan,nan,nan,nan,nan,nan,-1.498708010335911799e-02,nan,nan,nan,nan,nan,nan,nan,0.000000000000000000e+00,0.000000000000000000e+00,-5.167958656330462692e-04,nan,0.000000000000000000e+00,nan,nan,1.498708010335922901e-02,nan,nan,nan,nan,nan,nan,nan,nan,nan,nan,nan,nan,nan,nan,0.000000000000000000e+00,0.000000000000000000e+00,nan,nan,nan,nan
nan,nan,nan,nan,nan,0.000000000000000000e+00,nan,nan,nan,nan,nan,2.916666666666662897e-02,nan,nan,nan,nan,nan,nan,nan,nan,nan,nan,nan,nan,nan,nan,nan,nan,nan,2.604166666666629659e-03,nan,nan,nan,nan,nan,nan,nan,0.000000000000000000e+00,0.000000000000000000e+00,nan,nan,nan,nan,nan,2.604166666666662966e-02,nan,nan,nan,nan,nan,4.322916666666661023e-02,nan,nan,nan,nan,nan,nan,nan,nan,0.000000000000000000e+00,0.000000000000000000e+00,nan,3.177083333333330373e-02,nan,nan
nan,nan,nan,nan,nan,nan,nan,nan,nan,nan,nan,4.603580562659881706e-03,nan,nan,nan,nan,nan,nan,nan,nan,nan,nan,nan,nan,nan,nan,nan,nan,nan,-1.943734015345266464e-02,nan,nan,nan,nan,nan,nan,nan,0.000000000000000000e+00,0.000000000000000000e+00,nan,nan,0.000000000000000000e+00,nan,nan,-4.398976982097182326e-02,nan,nan,-2.097186700767259687e-02,nan,nan,0.000000000000000000e+00,nan,nan,nan,nan,nan,nan,nan,nan,0.000000000000000000e+00,0.000000000000000000e+00,nan,nan,nan,nan
nan,nan,nan,nan,nan,0.000000000000000000e+00,nan,nan,nan,nan,nan,nan,nan,nan,nan,nan,nan,nan,nan,nan,nan,nan,nan,nan,nan,nan,nan,nan,nan,-2.144638403990022438e-02,nan,nan,nan,nan,nan,nan,nan,0.000000000000000000e+00,0.000000000000000000e+00,nan,nan,nan,nan,nan,-5.087281795511220533e-02,nan,nan,-2.793017456359101619e-02,nan,nan,-1.047381546134660245e-02,nan,nan,-5.486284289276799689e-03,nan,nan,nan,nan,nan,0.000000000000000000e+00,0.000000000000000000e+00,nan,nan,nan,nan
nan,nan,nan,nan,nan,nan,nan,nan,nan,nan,nan,-5.513784461152848419e-03,nan,nan,nan,nan,nan,nan,nan,nan,nan,nan,nan,nan,nan,nan,nan,nan,nan,-5.513784461152848419e-03,nan,nan,nan,nan,nan,nan,nan,0.000000000000000000e+00,0.000000000000000000e+00,nan,nan,0.000000000000000000e+00,nan,nan,nan,nan,nan,nan,1.002506265664182506e-03,0.000000000000000000e+00,nan,nan,nan,nan,nan,nan,nan,nan,nan,0.000000000000000000e+00,0.000000000000000000e+00,nan,0.000000000000000000e+00,nan,nan
nan,nan,nan,nan,nan,0.000000000000000000e+00,nan,nan,nan,nan,nan,3.948051948051949089e-02,nan,nan,nan,nan,nan,nan,nan,nan,nan,nan,nan,nan,nan,nan,nan,nan,nan,4.675324675324676882e-02,nan,nan,nan,nan,nan,nan,nan,nan,0.000000000000000000e+00,8.311688311688315151e-03,nan,nan,nan,nan,1.662337662337663030e-02,nan,nan,-8.311688311688315151e-03,nan,nan,nan,nan,nan,nan,nan,nan,nan,nan,nan,0.000000000000000000e+00,0.000000000000000000e+00,nan,0.000000000000000000e+00,nan,nan
nan,nan,nan,nan,nan,nan,1.111111111111107164e-02,nan,nan,nan,nan,-1.640211640211643868e-02,nan,nan,nan,nan,nan,nan,nan,nan,nan,nan,nan,nan,nan,nan,nan,nan,nan,-6.349206349206415120e-03,nan,nan,nan,nan,nan,nan,nan,nan,0.000000000000000000e+00,4.232804232804187987e-03,nan,nan,nan,nan,3.439153439153434799e-02,nan,nan,-2.169312169312176408e-02,nan,nan,-1.798941798941804462e-02,nan,nan,nan,nan,nan,nan,nan,nan,0.000000000000000000e+00,0.000000000000000000e+00,nan,nan,nan,nan
nan,nan,nan,nan,nan,nan,nan,nan,nan,nan,nan,2.936708860759491488e-02,nan,nan,nan,nan,nan,nan,nan,nan,nan,nan,nan,nan,nan,nan,nan,nan,nan,2.025316455696213498e-03,nan,nan,nan,nan,nan,nan,nan,0.000000000000000000e+00,0.000000000000000000e+00,nan,nan,0.000000000000000000e+00,nan,nan,2.886075949367088514e-02,nan,nan,4.253164556962023279e-02,nan,4.151898734177215250e-02,nan,nan,nan,nan,nan,nan,nan,nan,nan,0.000000000000000000e+00,0.000000000000000000e+00,nan,nan,nan,nan
nan,nan,nan,nan,nan,0.000000000000000000e+00,nan,nan,nan,nan,nan,1.534526854219948541e-02,nan,nan,nan,nan,nan,nan,nan,nan,nan,nan,nan,nan,nan,nan,nan,nan,nan,6.291560102301788082e-02,nan,nan,nan,nan,nan,nan,nan,0.000000000000000000e+00,0.000000000000000000e+00,4.143222506393855198e-02,nan,0.000000000000000000e+00,nan,nan,3.222506393861890306e-02,nan,nan,nan,nan,nan,nan,nan,nan,nan,nan,nan,nan,nan,nan,0.000000000000000000e+00,0.000000000000000000e+00,nan,nan,nan,nan
nan,nan,nan,nan,nan,0.000000000000000000e+00,nan,nan,nan,nan,nan,nan,nan,nan,nan,nan,nan,nan,nan,nan,nan,nan,nan,nan,nan,nan,nan,nan,nan,3.779527559055122221e-02,nan,nan,nan,nan,nan,nan,nan,0.000000000000000000e+00,0.000000000000000000e+00,5.196850393700789411e-02,nan,nan,nan,nan,2.677165354330710706e-02,nan,nan,nan,nan,0.000000000000000000e+00,nan,nan,nan,nan,nan,nan,nan,nan,nan,0.000000000000000000e+00,0.000000000000000000e+00,nan,5.249343832021000772e-02,nan,nan
nan,nan,nan,nan,nan,0.000000000000000000e+00,8.854166666666673374e-03,nan,nan,nan,nan,nan,nan,nan,nan,nan,nan,nan,nan,nan,nan,nan,nan,nan,nan,nan,nan,nan,nan,-1.041666666666696359e-03,nan,nan,nan,nan,nan,nan,nan,0.000000000000000000e+00,0.000000000000000000e+00,1.770833333333334675e-02,nan,nan,nan,nan,-1.041666666666674025e-03,nan,nan,nan,nan,-5.208333333333259535e-04,nan,nan,nan,nan,nan,nan,nan,nan,nan,0.000000000000000000e+00,0.000000000000000000e+00,nan,nan,nan,nan
nan,nan,nan,nan,nan,0.000000000000000000e+00,-8.220551378446110113e-02,nan,nan,nan,nan,nan,nan,nan,nan,nan,nan,nan,nan,nan,nan,nan,nan,nan,nan,nan,nan,nan,nan,-4.511278195488688247e-03,nan,nan,nan,nan,nan,nan,nan,0.000000000000000000e+00,0.000000000000000000e+00,-4.210526315789471508e-02,nan,nan,nan,nan,-4.511278195488721554e-02,nan,nan,-9.122807017543857477e-02,nan,nan,nan,nan,nan,nan,nan,nan,nan,nan,nan,0.000000000000000000e+00,0.000000000000000000e+00,nan,nan,nan,nan
nan,nan,nan,nan,nan,0.000000000000000000e+00,nan,nan,nan,nan,nan,4.787234042553212277e-03,nan,nan,nan,nan,nan,nan,nan,nan,nan,nan,nan,nan,nan,nan,nan,nan,nan,1.914893617021273808e-02,nan,nan,nan,nan,nan,nan,nan,nan,0.000000000000000000e+00,4.255319148936153803e-03,nan,nan,nan,nan,1.595744680851063314e-03,nan,nan,nan,nan,nan,2.659574468085068588e-03,nan,nan,-3.723404255319118315e-03,nan,nan,nan,nan,nan,0.000000000000000000e+00,0.000000000000000000e+00,nan,nan,nan,nan
nan,nan,nan,nan,nan,nan,nan,nan,nan,nan,nan,1.142857142857143203e-02,nan,nan,nan,nan,nan,nan,nan,nan,nan,nan,nan,nan,nan,nan,nan,nan,nan,-3.116883116883117748e-03,nan,nan,nan,nan,nan,nan,nan,0.000000000000000000e+00,0.000000000000000000e+00,nan,nan,0.000000000000000000e+00,nan,3.688311688311689263e-02,-1.298701298701299134e-02,nan,nan,nan,nan,nan,nan,nan,nan,nan,nan,nan,nan,nan,nan,0.000000000000000000e+00,0.000000000000000000e+00,nan,nan,nan,4.051948051948053159e-02
nan,nan,nan,nan,nan,nan,nan,nan,nan,nan,nan,5.012531328320690271e-04,nan,nan,nan,nan,nan,nan,nan,nan,nan,nan,nan,nan,nan,nan,nan,nan,nan,-4.862155388471180867e-02,nan,nan,nan,nan,nan,nan,nan,0.000000000000000000e+00,0.000000000000000000e+00,nan,nan,0.000000000000000000e+00,nan,nan,-2.957393483709276280e-02,nan,nan,-2.706766917293237235e-02,nan,nan,0.000000000000000000e+00,nan,nan,nan,nan,nan,nan,nan,nan,0.000000000000000000e+00,0.000000000000000000e+00,nan,nan,nan,nan
nan,nan,nan,nan,nan,nan,nan,nan,nan,nan,nan,nan,nan,nan,nan,nan,nan,nan,nan,-7.235142118863091207e-03,nan,nan,nan,nan,nan,nan,nan,nan,nan,-1.291989664082691079e-02,nan,nan,nan,nan,nan,nan,nan,0.000000000000000000e+00,0.000000000000000000e+00,-1.602067183462538985e-02,nan,0.000000000000000000e+00,nan,nan,-1.085271317829461513e-02,nan,nan,nan,nan,nan,-5.167958656331128392e-04,nan,nan,nan,nan,nan,nan,nan,nan,0.000000000000000000e+00,0.000000000000000000e+00,nan,nan,nan,nan
nan,nan,nan,nan,nan,nan,nan,nan,nan,nan,nan,4.389027431421441833e-02,nan,nan,nan,nan,nan,nan,nan,nan,nan,nan,nan,nan,nan,nan,nan,nan,nan,-2.220446049250313204e-17,nan,nan,nan,nan,nan,nan,nan,0.000000000000000000e+00,0.000000000000000000e+00,nan,nan,0.000000000000000000e+00,nan,nan,1.945137157107228523e-02,nan,nan,nan,nan,nan,4.438902743142143781e-02,nan,nan,nan,nan,nan,nan,nan,nan,0.000000000000000000e+00,0.000000000000000000e+00,nan,3.840399002493764119e-02,nan,nan
nan,nan,nan,nan,nan,nan,-2.222222222222218838e-02,nan,nan,nan,1.355013550135502134e-02,nan,nan,nan,nan,nan,nan,nan,nan,nan,nan,nan,nan,nan,nan,nan,nan,nan,nan,-3.468834688346882078e-02,nan,nan,nan,nan,nan,nan,nan,0.000000000000000000e+00,0.000000000000000000e+00,1.788617886178864996e-02,nan,nan,nan,nan,-4.552845528455284896e-02,nan,nan,nan,-2.330623306233059466e-02,nan,nan,nan,nan,nan,nan,nan,nan,nan,nan,0.000000000000000000e+00,0.000000000000000000e+00,nan,nan,nan,nan
nan,nan,nan,nan,nan,0.000000000000000000e+00,-2.850356294536848974e-03,nan,nan,nan,nan,nan,nan,nan,nan,nan,nan,nan,nan,nan,nan,nan,nan,nan,nan,nan,nan,nan,nan,-1.187648456057011082e-02,nan,nan,nan,nan,nan,nan,nan,nan,0.000000000000000000e+00,1.900237529691173235e-03,nan,0.000000000000000000e+00,nan,nan,-8.076009501187675008e-03,nan,nan,nan,nan,nan,-5.700712589073652845e-03,nan,nan,nan,nan,nan,nan,nan,nan,0.000000000000000000e+00,0.000000000000000000e+00,nan,nan,nan,nan
nan,nan,nan,nan,-2.245430809399473482e-02,nan,nan,nan,nan,nan,nan,nan,nan,nan,nan,nan,nan,nan,nan,nan,nan,nan,nan,nan,nan,nan,nan,nan,nan,-3.133159268929452870e-03,nan,nan,nan,nan,nan,nan,nan,0.000000000000000000e+00,0.000000000000000000e+00,1.566579634464781946e-03,nan,0.000000000000000000e+00,nan,nan,-5.744125326370697060e-03,nan,nan,nan,nan,nan,-1.044386422976499931e-02,nan,nan,nan,nan,nan,nan,nan,nan,0.000000000000000000e+00,0.000000000000000000e+00,nan,nan,nan,nan
nan,nan,nan,nan,nan,0.000000000000000000e+00,nan,nan,nan,nan,nan,4.557640750670244323e-02,nan,nan,nan,nan,nan,nan,nan,nan,nan,nan,nan,nan,nan,nan,nan,nan,nan,4.450402144772121205e-02,nan,nan,nan,nan,nan,nan,nan,0.000000000000000000e+00,0.000000000000000000e+00,6.434316353887403750e-02,nan,0.000000000000000000e+00,nan,nan,3.217158176943701875e-02,nan,nan,nan,nan,nan,nan,nan,nan,nan,nan,nan,nan,nan,nan,0.000000000000000000e+00,0.000000000000000000e+00,nan,nan,nan,nan
nan,nan,nan,nan,nan,nan,7.712082262210784647e-03,nan,nan,nan,nan,nan,nan,nan,nan,nan,nan,nan,nan,nan,nan,nan,nan,nan,nan,nan,nan,nan,nan,1.542416452442174667e-03,nan,nan,nan,nan,nan,nan,nan,0.000000000000000000e+00,0.000000000000000000e+00,8.226221079691509175e-03,nan,nan,nan,nan,-2.416452442159384636e-02,nan,nan,nan,0.000000000000000000e+00,nan,-1.491002570694088813e-02,nan,nan,nan,nan,nan,nan,nan,nan,0.000000000000000000e+00,0.000000000000000000e+00,nan,nan,nan,nan
nan,nan,nan,nan,nan,0.000000000000000000e+00,nan,nan,nan,nan,nan,4.245524296675191878e-02,nan,nan,nan,nan,nan,nan,nan,nan,nan,nan,nan,nan,nan,nan,nan,nan,nan,3.580562659846542230e-03,nan,nan,nan,nan,nan,nan,nan,0.000000000000000000e+00,0.000000000000000000e+00,nan,nan,0.000000000000000000e+00,nan,nan,2.404092071611252379e-02,nan,nan,nan,nan,nan,nan,nan,nan,nan,nan,nan,nan,nan,nan,0.000000000000000000e+00,0.000000000000000000e+00,nan,2.404092071611254461e-02,nan,nan
nan,nan,nan,nan,nan,nan,-3.141361256544517033e-03,nan,nan,nan,nan,nan,nan,nan,nan,nan,nan,nan,nan,-4.712041884816752998e-03,nan,nan,nan,nan,nan,nan,nan,nan,nan,-7.853403141361292583e-03,nan,nan,nan,nan,nan,nan,nan,0.000000000000000000e+00,0.000000000000000000e+00,4.869109947643977115e-02,nan,nan,nan,nan,-4.440892098500626408e-17,nan,nan,nan,nan,nan,nan,nan,nan,nan,nan,nan,nan,nan,nan,0.000000000000000000e+00,0.000000000000000000e+00,nan,8.376963350785327292e-03,nan,nan
nan,nan,nan,nan,nan,0.000000000000000000e+00,nan,nan,nan,nan,nan,-1.890547263681592247e-02,nan,nan,nan,nan,nan,nan,nan,nan,nan,nan,nan,nan,nan,nan,nan,nan,nan,-1.691542288557217402e-02,nan,nan,nan,nan,nan,nan,nan,0.000000000000000000e+00,0.000000000000000000e+00,nan,nan,nan,nan,nan,-1.890547263681594675e-02,nan,nan,nan,nan,nan,1.492537313432817838e-03,nan,nan,nan,nan,nan,nan,nan,nan,0.000000000000000000e+00,0.000000000000000000e+00,nan,0.000000000000000000e+00,nan,nan
nan,nan,nan,nan,nan,nan,nan,nan,nan,nan,nan,-3.535353535353546843e-03,nan,nan,nan,nan,nan,nan,nan,nan,nan,nan,nan,nan,nan,nan,nan,nan,nan,-2.373737373737378961e-02,nan,nan,nan,nan,nan,nan,nan,0.000000000000000000e+00,0.000000000000000000e+00,nan,nan,0.000000000000000000e+00,nan,nan,nan,nan,nan,-2.979797979797984414e-02,-3.131313131313136211e-02,nan,nan,nan,nan,nan,nan,nan,nan,nan,nan,0.000000000000000000e+00,0.000000000000000000e+00,nan,1.161616161616154698e-02,nan,nan
nan,nan,nan,nan,nan,0.000000000000000000e+00,nan,nan,nan,nan,nan,-3.655352480417706218e-03,nan,nan,nan,nan,nan,nan,nan,nan,nan,nan,nan,nan,nan,nan,nan,nan,nan,-9.399477806788491749e-03,nan,nan,nan,nan,nan,nan,nan,nan,0.000000000000000000e+00,nan,nan,0.000000000000000000e+00,nan,nan,-7.310704960835479223e-03,nan,nan,nan,0.000000000000000000e+00,1.044386422976506480e-03,nan,nan,nan,nan,nan,nan,nan,nan,nan,0.000000000000000000e+00,0.000000000000000000e+00,nan,nan,nan,nan
nan,nan,nan,nan,nan,nan,nan,nan,nan,nan,nan,-1.212121212121211079e-02,nan,nan,nan,nan,nan,nan,nan,nan,nan,nan,nan,nan,nan,nan,nan,nan,nan,-8.282828282828284816e-02,nan,nan,nan,nan,nan,nan,nan,0.000000000000000000e+00,0.000000000000000000e+00,nan,nan,0.000000000000000000e+00,-4.191919191919191157e-02,nan,-6.060606060606062162e-02,nan,nan,-8.737373737373740901e-02,nan,nan,nan,nan,nan,nan,nan,nan,nan,nan,nan,0.000000000000000000e+00,0.000000000000000000e+00,nan,nan,nan,nan
nan,nan,nan,nan,nan,0.000000000000000000e+00,nan,nan,nan,nan,nan,-1.007957559681695904e-02,nan,nan,nan,nan,nan,nan,nan,nan,nan,nan,nan,nan,nan,nan,nan,nan,nan,-2.122015915119361898e-02,nan,nan,nan,nan,nan,nan,nan,0.000000000000000000e+00,0.000000000000000000e+00,nan,nan,0.000000000000000000e+00,nan,nan,-2.917771883289119877e-02,nan,nan,-2.652519893899203327e-02,nan,nan,nan,nan,nan,nan,nan,nan,nan,nan,nan,0.000000000000000000e+00,0.000000000000000000e+00,nan,nan,nan,nan
nan,nan,nan,nan,nan,0.000000000000000000e+00,nan,nan,nan,nan,nan,-2.129870129870130649e-02,nan,nan,nan,nan,nan,nan,nan,nan,nan,nan,nan,nan,nan,nan,nan,nan,nan,-6.129870129870131773e-02,nan,nan,nan,nan,nan,nan,nan,0.000000000000000000e+00,0.000000000000000000e+00,nan,nan,0.000000000000000000e+00,nan,nan,-3.220779220779221991e-02,nan,nan,-5.038961038961040778e-02,nan,nan,nan,nan,nan,nan,nan,nan,nan,nan,nan,0.000000000000000000e+00,0.000000000000000000e+00,nan,nan,nan,nan
nan,nan,nan,nan,nan,nan,nan,nan,nan,nan,nan,7.376623376623378525e-02,nan,nan,nan,nan,nan,nan,nan,nan,nan,nan,nan,nan,nan,nan,nan,nan,nan,-1.038961038961039394e-03,nan,nan,nan,nan,nan,nan,nan,0.000000000000000000e+00,0.000000000000000000e+00,nan,nan,0.000000000000000000e+00,nan,nan,5.350649350649352293e-02,nan,nan,3.480519480519481818e-02,nan,nan,nan,nan,nan,nan,nan,nan,nan,nan,nan,0.000000000000000000e+00,0.000000000000000000e+00,nan,6.545454545454547357e-02,nan,nan
nan,nan,nan,nan,nan,nan,nan,nan,nan,nan,nan,-2.198952879581155331e-02,nan,nan,nan,nan,nan,nan,nan,nan,nan,nan,nan,nan,nan,nan,nan,nan,nan,-2.513089005235607035e-02,nan,nan,nan,nan,nan,nan,nan,0.000000000000000000e+00,0.000000000000000000e+00,-2.513089005235607035e-02,nan,0.000000000000000000e+00,-1.047120418848224242e-03,nan,-7.853403141361315135e-03,nan,nan,nan,nan,nan,nan,nan,nan,nan,nan,nan,nan,nan,nan,0.000000000000000000e+00,0.000000000000000000e+00,nan,nan,nan,nan
nan,nan,nan,nan,nan,nan,nan,nan,nan,nan,nan,2.378378378378382882e-02,nan,nan,nan,nan,nan,nan,nan,nan,nan,nan,nan,nan,nan,nan,nan,nan,nan,6.432432432432437508e-02,nan,nan,nan,nan,nan,nan,nan,nan,0.000000000000000000e+00,2.972972972972980424e-02,nan,0.000000000000000000e+00,nan,0.000000000000000000e+00,1.675675675675680765e-02,nan,nan,nan,nan,nan,0.000000000000000000e+00,nan,nan,nan,nan,nan,nan,nan,nan,0.000000000000000000e+00,0.000000000000000000e+00,nan,nan,nan,nan
nan,nan,nan,nan,nan,nan,nan,nan,nan,nan,nan,-4.587628865979378329e-02,nan,nan,nan,nan,nan,nan,nan,nan,nan,nan,nan,nan,nan,nan,nan,nan,nan,-1.804123711340206368e-02,nan,nan,nan,nan,nan,nan,nan,0.000000000000000000e+00,0.000000000000000000e+00,nan,nan,0.000000000000000000e+00,nan,nan,-4.742268041237109738e-02,nan,nan,-6.288659793814428689e-02,nan,nan,-2.164948453608246323e-02,nan,nan,nan,nan,nan,nan,nan,nan,0.000000000000000000e+00,0.000000000000000000e+00,nan,nan,nan,nan
nan,nan,nan,nan,nan,nan,nan,nan,nan,nan,nan,-3.052631578947373470e-02,nan,nan,nan,nan,nan,nan,nan,nan,nan,nan,nan,nan,nan,nan,nan,nan,nan,-3.210526315789478946e-02,nan,nan,nan,nan,nan,nan,nan,0.000000000000000000e+00,0.000000000000000000e+00,nan,nan,0.000000000000000000e+00,nan,nan,-1.684210526315792558e-02,nan,nan,nan,8.947368421052592780e-03,nan,nan,nan,nan,nan,nan,nan,nan,nan,nan,0.000000000000000000e+00,0.000000000000000000e+00,nan,0.000000000000000000e+00,nan,nan
nan,nan,nan,nan,nan,0.000000000000000000e+00,nan,nan,nan,nan,nan,-1.243523316062173853e-02,nan,nan,nan,nan,nan,nan,nan,nan,nan,nan,nan,nan,nan,nan,nan,nan,nan,-3.626943005181344770e-02,nan,nan,nan,nan,nan,nan,nan,0.000000000000000000e+00,0.000000000000000000e+00,nan,nan,0.000000000000000000e+00,nan,nan,-3.575129533678748917e-02,nan,nan,nan,nan,nan,-5.181347150259085549e-04,nan,nan,nan,nan,nan,nan,nan,nan,0.000000000000000000e+00,0.000000000000000000e+00,nan,nan,nan,nan
nan,nan,nan,nan,nan,nan,nan,nan,nan,nan,nan,nan,nan,nan,nan,nan,nan,nan,nan,nan,nan,nan,nan,nan,nan,nan,nan,nan,nan,7.043701799485854731e-02,nan,nan,nan,nan,nan,nan,nan,0.000000000000000000e+00,0.000000000000000000e+00,5.295629820051410419e-02,nan,0.000000000000000000e+00,nan,nan,7.660668380462720695e-02,nan,nan,5.501285347043698148e-02,1.028277634961405253e-03,nan,nan,nan,nan,nan,nan,nan,nan,nan,nan,0.000000000000000000e+00,0.000000000000000000e+00,nan,nan,nan,nan
nan,nan,nan,nan,nan,nan,nan,nan,nan,nan,nan,-1.499999999999996822e-02,nan,nan,nan,nan,nan,nan,nan,nan,nan,nan,nan,nan,nan,nan,nan,nan,nan,-2.799999999999997977e-02,nan,nan,nan,nan,nan,nan,nan,0.000000000000000000e+00,0.000000000000000000e+00,nan,nan,0.000000000000000000e+00,nan,nan,-1.650000000000000425e-02,nan,nan,nan,nan,nan,0.000000000000000000e+00,nan,nan,-4.499999999999971037e-03,nan,nan,nan,nan,nan,0.000000000000000000e+00,0.000000000000000000e+00,nan,nan,nan,nan
nan,nan,nan,nan,nan,0.000000000000000000e+00,nan,nan,nan,nan,nan,nan,nan,nan,nan,nan,nan,nan,nan,nan,nan,nan,nan,nan,nan,nan,nan,nan,nan,9.669211195928806638e-03,nan,nan,nan,nan,nan,nan,nan,nan,0.000000000000000000e+00,-5.089058524173006685e-03,nan,0.000000000000000000e+00,nan,nan,-3.969465648854959838e-02,nan,nan,-4.732824427480910451e-02,-1.323155216284981409e-02,nan,nan,nan,nan,nan,nan,nan,nan,nan,nan,0.000000000000000000e+00,0.000000000000000000e+00,nan,nan,nan,nan
nan,nan,nan,nan,nan,nan,nan,nan,nan,nan,nan,nan,nan,nan,nan,nan,nan,nan,nan,nan,nan,nan,nan,nan,nan,nan,nan,nan,nan,2.638522427440581544e-03,nan,nan,nan,nan,nan,nan,nan,0.000000000000000000e+00,0.000000000000000000e+00,nan,nan,0.000000000000000000e+00,nan,nan,2.796833773087066197e-02,nan,nan,2.955145118733504273e-02,nan,nan,4.643799472295510877e-02,nan,nan,6.174142480211075590e-02,nan,nan,nan,nan,nan,0.000000000000000000e+00,0.000000000000000000e+00,nan,nan,nan,nan
nan,nan,nan,nan,nan,0.000000000000000000e+00,nan,nan,nan,nan,nan,nan,nan,nan,nan,nan,nan,nan,nan,nan,nan,nan,nan,nan,nan,nan,nan,nan,nan,-7.608695652173924628e-03,nan,nan,nan,nan,nan,nan,nan,0.000000000000000000e+00,0.000000000000000000e+00,nan,nan,0.000000000000000000e+00,nan,nan,-1.086956521739133007e-02,nan,nan,nan,nan,nan,-2.173913043478292555e-03,nan,nan,nan,nan,nan,nan,nan,nan,0.000000000000000000e+00,0.000000000000000000e+00,nan,2.717391304347824971e-02,nan,nan
nan,nan,nan,nan,nan,0.000000000000000000e+00,nan,nan,nan,nan,nan,nan,nan,nan,nan,nan,nan,nan,nan,nan,nan,nan,nan,nan,nan,nan,nan,nan,nan,3.252032520325221030e-03,nan,nan,nan,nan,nan,nan,nan,0.000000000000000000e+00,0.000000000000000000e+00,8.130081300813007256e-03,nan,0.000000000000000000e+00,1.463414634146345018e-02,nan,nan,nan,nan,nan,nan,0.000000000000000000e+00,nan,nan,nan,nan,nan,nan,nan,nan,nan,0.000000000000000000e+00,0.000000000000000000e+00,nan,nan,nan,nan
nan,nan,nan,nan,nan,nan,-1.298701298701299134e-02,nan,nan,nan,nan,nan,nan,nan,nan,nan,nan,nan,nan,nan,nan,nan,nan,nan,nan,nan,nan,nan,nan,-3.740259740259741644e-02,nan,nan,nan,nan,nan,nan,nan,0.000000000000000000e+00,0.000000000000000000e+00,-6.753246753246755843e-03,nan,0.000000000000000000e+00,nan,nan,-3.844155844155845714e-02,nan,nan,-4.883116883116885021e-02,nan,nan,nan,nan,nan,nan,nan,nan,nan,nan,nan,0.000000000000000000e+00,0.000000000000000000e+00,nan,nan,nan,nan
nan,nan,nan,nan,nan,nan,1.770833333333337103e-02,nan,nan,nan,nan,2.656250000000006523e-02,nan,nan,nan,nan,nan,nan,nan,nan,nan,nan,nan,nan,nan,nan,nan,nan,nan,4.166666666666674415e-03,nan,nan,nan,nan,nan,nan,nan,0.000000000000000000e+00,0.000000000000000000e+00,3.645833333333370254e-03,nan,nan,nan,nan,-7.291666666666629486e-03,nan,nan,-1.562499999999955634e-03,nan,nan,nan,nan,nan,nan,nan,nan,nan,nan,nan,0.000000000000000000e+00,0.000000000000000000e+00,nan,nan,nan,nan
nan,nan,nan,nan,nan,0.000000000000000000e+00,nan,nan,nan,nan,nan,nan,nan,nan,nan,nan,nan,nan,nan,nan,nan,nan,nan,nan,nan,nan,nan,nan,nan,-1.701030927835052095e-02,nan,nan,nan,nan,nan,nan,nan,nan,0.000000000000000000e+00,-5.721649484536084351e-02,nan,nan,nan,nan,-3.505154639175260545e-02,nan,nan,-3.711340206185571866e-02,nan,nan,-3.092783505154628187e-03,nan,nan,-3.402061855670106272e-02,nan,nan,nan,nan,nan,0.000000000000000000e+00,0.000000000000000000e+00,nan,nan,nan,nan
nan,nan,nan,nan,nan,nan,nan,nan,nan,nan,nan,nan,nan,nan,nan,nan,nan,nan,nan,nan,nan,nan,nan,nan,nan,nan,nan,nan,nan,-8.894736842105258057e-02,nan,nan,nan,nan,nan,nan,nan,0.000000000000000000e+00,0.000000000000000000e+00,-5.000000000000000278e-02,nan,0.000000000000000000e+00,nan,nan,-8.947368421052637882e-03,nan,nan,-3.789473684210522414e-02,nan,nan,-2.894736842105263136e-02,nan,nan,nan,nan,nan,nan,nan,nan,0.000000000000000000e+00,0.000000000000000000e+00,nan,nan,nan,nan
nan,nan,nan,nan,nan,nan,nan,nan,nan,nan,nan,nan,nan,nan,nan,nan,nan,nan,nan,nan,nan,nan,nan,nan,nan,nan,nan,nan,nan,-1.980198019801981957e-03,nan,nan,nan,nan,nan,nan,nan,0.000000000000000000e+00,0.000000000000000000e+00,1.188118811881189174e-02,nan,0.000000000000000000e+00,nan,nan,-2.821782178217824288e-02,nan,nan,-3.712871287128716169e-02,4.455445544554459403e-03,nan,nan,nan,nan,nan,nan,nan,nan,nan,nan,0.000000000000000000e+00,0.000000000000000000e+00,nan,nan,nan,nan
nan,nan,nan,nan,nan,nan,1.550387596899227560e-02,nan,nan,nan,nan,4.134366925064658985e-03,nan,nan,nan,nan,nan,nan,nan,nan,nan,nan,nan,nan,nan,nan,nan,nan,nan,-1.136950904392757325e-02,nan,nan,nan,nan,nan,nan,nan,0.000000000000000000e+00,0.000000000000000000e+00,2.067183462532305033e-02,nan,nan,nan,nan,8.268733850129272867e-03,nan,nan,nan,nan,nan,nan,nan,nan,nan,nan,nan,nan,nan,nan,0.000000000000000000e+00,0.000000000000000000e+00,nan,2.997416020671839210e-02,nan,nan
nan,nan,nan,nan,nan,nan,nan,nan,nan,nan,nan,nan,nan,nan,nan,nan,nan,nan,nan,nan,nan,nan,nan,nan,nan,nan,nan,nan,nan,4.950495049504954892e-04,nan,nan,nan,nan,nan,nan,nan,0.000000000000000000e+00,0.000000000000000000e+00,nan,nan,0.000000000000000000e+00,nan,nan,2.227722772277229701e-02,nan,nan,2.376237623762378348e-02,nan,nan,4.653465346534657598e-02,nan,nan,4.504950495049508952e-02,nan,nan,nan,nan,nan,0.000000000000000000e+00,0.000000000000000000e+00,nan,nan,nan,nan
nan,nan,nan,nan,nan,0.000000000000000000e+00,nan,nan,nan,nan,nan,-3.100775193798477325e-03,nan,nan,nan,nan,nan,nan,nan,nan,nan,nan,nan,nan,nan,nan,nan,nan,nan,-5.167958656330772990e-03,nan,nan,nan,nan,nan,nan,nan,nan,0.000000000000000000e+00,nan,nan,0.000000000000000000e+00,nan,nan,4.134366925064613882e-03,nan,nan,1.343669250645993483e-02,nan,nan,1.808785529715761786e-02,nan,nan,nan,nan,nan,nan,nan,nan,0.000000000000000000e+00,0.000000000000000000e+00,nan,nan,nan,nan
nan,nan,nan,nan,nan,nan,nan,nan,nan,nan,nan,nan,nan,nan,nan,nan,nan,nan,nan,nan,nan,nan,nan,nan,nan,nan,nan,nan,nan,-4.274809160305341471e-02,nan,nan,nan,nan,nan,nan,nan,nan,0.000000000000000000e+00,-1.017811704834603592e-02,nan,0.000000000000000000e+00,-3.053435114503815287e-02,nan,-6.259541984732822084e-02,nan,nan,-6.717557251908394533e-02,nan,nan,nan,nan,nan,-6.106870229007599696e-03,nan,nan,nan,nan,nan,0.000000000000000000e+00,0.000000000000000000e+00,nan,nan,nan,nan
nan,nan,nan,nan,nan,0.000000000000000000e+00,nan,nan,nan,nan,nan,-6.217616580310882796e-02,nan,nan,nan,nan,nan,nan,nan,nan,nan,nan,nan,nan,nan,nan,nan,nan,nan,-1.450777202072541829e-02,nan,nan,nan,nan,nan,nan,nan,0.000000000000000000e+00,0.000000000000000000e+00,-2.020725388601041228e-02,nan,nan,nan,nan,-4.196891191709850588e-02,nan,nan,nan,nan,nan,-4.145077720207268439e-03,nan,nan,nan,nan,nan,nan,nan,nan,0.000000000000000000e+00,0.000000000000000000e+00,nan,nan,nan,nan
nan,nan,nan,nan,nan,nan,nan,nan,nan,nan,nan,nan,nan,nan,nan,nan,nan,nan,nan,nan,nan,nan,nan,nan,nan,nan,nan,nan,nan,-5.626598465473144767e-02,nan,nan,nan,nan,nan,nan,nan,nan,0.000000000000000000e+00,-9.514066496163683939e-02,nan,0.000000000000000000e+00,nan,nan,-1.790281329923273240e-02,nan,nan,-4.501278772378518311e-02,nan,nan,nan,nan,nan,-3.120204603580562994e-02,nan,nan,nan,nan,nan,0.000000000000000000e+00,0.000000000000000000e+00,nan,0.000000000000000000e+00,nan,nan
nan,nan,nan,nan,nan,nan,nan,nan,nan,nan,nan,2.608695652173913596e-02,nan,nan,nan,nan,nan,nan,nan,nan,nan,nan,nan,nan,nan,nan,nan,nan,nan,5.166240409207165790e-02,nan,nan,nan,nan,nan,nan,nan,0.000000000000000000e+00,0.000000000000000000e+00,nan,nan,0.000000000000000000e+00,nan,nan,2.199488491048597755e-02,nan,nan,nan,nan,1.023017902813316924e-03,nan,nan,nan,nan,nan,nan,nan,nan,nan,0.000000000000000000e+00,0.000000000000000000e+00,nan,3.529411764705885080e-02,nan,nan
nan,nan,nan,nan,nan,nan,-3.865979381443298418e-02,nan,nan,nan,nan,nan,nan,nan,nan,nan,nan,nan,nan,nan,nan,nan,nan,nan,nan,nan,nan,nan,nan,-1.494845360824739212e-02,nan,nan,nan,nan,nan,nan,nan,0.000000000000000000e+00,0.000000000000000000e+00,-2.010309278350514914e-02,nan,0.000000000000000000e+00,nan,nan,-2.371134020618557298e-02,nan,nan,nan,nan,nan,-1.546391752577318604e-02,nan,nan,nan,nan,nan,nan,nan,nan,0.000000000000000000e+00,0.000000000000000000e+00,nan,nan,nan,nan
nan,nan,nan,nan,nan,nan,nan,nan,nan,nan,nan,nan,nan,nan,nan,nan,nan,nan,nan,nan,nan,nan,nan,nan,nan,nan,nan,nan,nan,-2.597402597402598268e-03,nan,nan,nan,nan,nan,nan,nan,0.000000000000000000e+00,0.000000000000000000e+00,2.077922077922078788e-03,nan,nan,nan,nan,7.168831168831171774e-02,nan,nan,4.311688311688312986e-02,nan,nan,9.610389610389613591e-02,nan,nan,8.987012987012990561e-02,nan,nan,nan,nan,nan,0.000000000000000000e+00,0.000000000000000000e+00,nan,nan,nan,nan
nan,nan,nan,nan,nan,nan,nan,nan,nan,nan,nan,nan,nan,nan,nan,nan,nan,nan,nan,nan,nan,nan,nan,nan,nan,nan,nan,nan,nan,2.493765586034912655e-03,nan,nan,nan,nan,nan,nan,nan,0.000000000000000000e+00,0.000000000000000000e+00,3.990024937655878290e-03,nan,0.000000000000000000e+00,nan,nan,2.493765586034912655e-03,nan,nan,nan,nan,nan,-7.980049875311690660e-03,nan,nan,-1.197007481296756895e-02,nan,nan,nan,nan,nan,0.000000000000000000e+00,0.000000000000000000e+00,nan,nan,nan,nan
nan,nan,nan,nan,nan,0.000000000000000000e+00,nan,nan,nan,nan,nan,3.112244897959182133e-02,nan,nan,nan,nan,nan,nan,nan,nan,nan,nan,nan,nan,nan,nan,nan,nan,nan,-6.122448979591821674e-03,nan,nan,nan,nan,nan,nan,nan,0.000000000000000000e+00,0.000000000000000000e+00,nan,nan,nan,nan,nan,2.500000000000002220e-02,nan,nan,nan,nan,nan,-2.551020408163240383e-03,nan,nan,nan,nan,nan,nan,nan,nan,0.000000000000000000e+00,0.000000000000000000e+00,nan,3.214285714285713969e-02,nan,nan
nan,nan,nan,nan,nan,0.000000000000000000e+00,nan,nan,nan,nan,nan,6.751918158567778161e-02,nan,nan,nan,nan,nan,nan,nan,nan,nan,nan,nan,nan,nan,nan,nan,nan,nan,1.023017902813303480e-02,nan,nan,nan,nan,nan,nan,nan,0.000000000000000000e+00,0.000000000000000000e+00,nan,nan,nan,nan,nan,5.115089514066805797e-04,nan,nan,nan,nan,nan,5.115089514066584620e-04,nan,nan,nan,nan,nan,nan,nan,nan,0.000000000000000000e+00,0.000000000000000000e+00,nan,2.710997442455247500e-02,nan,nan
nan,nan,nan,nan,nan,nan,nan,nan,nan,nan,nan,nan,nan,nan,nan,nan,nan,nan,nan,nan,nan,nan,nan,nan,nan,nan,nan,nan,nan,5.236907730673310418e-02,nan,nan,nan,nan,nan,nan,nan,0.000000000000000000e+00,0.000000000000000000e+00,1.645885286783037652e-02,nan,0.000000000000000000e+00,3.241895261845382376e-02,nan,9.975062344139607254e-03,nan,nan,-2.992518703241952953e-03,nan,nan,nan,nan,nan,nan,nan,nan,nan,nan,nan,0.000000000000000000e+00,0.000000000000000000e+00,nan,nan,nan,nan
nan,nan,nan,nan,nan,nan,nan,nan,nan,nan,nan,nan,nan,nan,nan,nan,nan,nan,nan,nan,nan,nan,nan,nan,nan,nan,nan,nan,nan,5.050505050505051802e-02,nan,nan,nan,nan,nan,nan,nan,nan,0.000000000000000000e+00,2.878787878787878590e-02,nan,0.000000000000000000e+00,nan,nan,7.828282828282824568e-02,nan,nan,nan,nan,nan,-5.050505050505083027e-03,nan,nan,-9.090909090909060977e-03,nan,nan,nan,nan,nan,0.000000000000000000e+00,0.000000000000000000e+00,nan,4.242424242424243375e-02,nan,nan
nan,nan,nan,nan,nan,nan,nan,nan,nan,nan,nan,1.849999999999998174e-02,nan,nan,nan,nan,nan,nan,nan,5.499999999999971925e-03,nan,nan,nan,nan,nan,nan,nan,nan,nan,7.599999999999998423e-02,nan,nan,nan,nan,nan,nan,nan,nan,0.000000000000000000e+00,7.849999999999997258e-02,nan,0.000000000000000000e+00,nan,nan,9.199999999999999845e-02,nan,nan,nan,nan,nan,nan,nan,nan,nan,nan,nan,nan,nan,nan,0.000000000000000000e+00,0.000000000000000000e+00,1.999999999999979659e-03,nan,nan,nan
nan,nan,nan,nan,nan,nan,nan,nan,nan,nan,nan,-3.176178660049633340e-02,nan,nan,nan,nan,nan,nan,nan,nan,nan,nan,nan,nan,nan,nan,nan,nan,nan,-1.985111662531018409e-02,nan,nan,nan,nan,nan,nan,nan,0.000000000000000000e+00,0.000000000000000000e+00,nan,nan,0.000000000000000000e+00,nan,nan,-2.034739454094296532e-02,nan,nan,nan,nan,nan,9.925558312654735559e-04,nan,nan,nan,nan,nan,nan,nan,nan,0.000000000000000000e+00,0.000000000000000000e+00,nan,0.000000000000000000e+00,nan,nan
nan,nan,nan,nan,nan,nan,nan,nan,nan,nan,nan,-9.844559585492263301e-03,nan,nan,nan,nan,nan,nan,nan,nan,nan,nan,nan,nan,nan,nan,nan,nan,nan,-2.020725388601032207e-02,nan,nan,nan,nan,nan,nan,nan,0.000000000000000000e+00,0.000000000000000000e+00,-2.590673575129542883e-03,nan,0.000000000000000000e+00,nan,nan,-6.217616580310903092e-03,nan,nan,nan,nan,nan,nan,nan,nan,nan,nan,nan,nan,nan,nan,0.000000000000000000e+00,0.000000000000000000e+00,nan,1.088082901554405721e-02,nan,nan
nan,nan,nan,nan,nan,nan,nan,nan,nan,nan,nan,-1.510416666666667372e-02,nan,nan,nan,nan,nan,nan,nan,nan,nan,nan,nan,nan,nan,nan,nan,nan,nan,-7.812500000000000000e-03,nan,nan,nan,nan,nan,nan,nan,0.000000000000000000e+00,0.000000000000000000e+00,-5.208333333333303554e-03,nan,nan,nan,nan,-2.656249999999999931e-02,nan,nan,-1.979166666666667268e-02,nan,nan,nan,nan,nan,nan,nan,nan,nan,nan,nan,0.000000000000000000e+00,0.000000000000000000e+00,nan,8.854166666666695926e-03,nan,nan
nan,nan,nan,nan,nan,0.000000000000000000e+00,-3.655352480417750453e-03,nan,nan,nan,nan,nan,nan,nan,nan,nan,nan,nan,nan,nan,nan,nan,nan,nan,nan,nan,nan,nan,nan,-2.088772845952990842e-03,nan,nan,nan,nan,nan,nan,nan,0.000000000000000000e+00,0.000000000000000000e+00,4.177545691906004235e-03,nan,0.000000000000000000e+00,nan,nan,1.201044386422978061e-02,nan,nan,nan,nan,nan,nan,nan,nan,nan,nan,nan,nan,nan,nan,0.000000000000000000e+00,0.000000000000000000e+00,nan,nan,nan,nan
nan,nan,nan,nan,nan,nan,-4.507772020725384771e-02,nan,nan,nan,nan,nan,nan,nan,nan,nan,nan,nan,nan,nan,nan,nan,nan,nan,nan,nan,nan,nan,nan,-2.538860103626940784e-02,nan,nan,nan,nan,nan,nan,nan,0.000000000000000000e+00,0.000000000000000000e+00,-1.036269430051750540e-03,nan,nan,nan,nan,-3.419689119170983560e-02,nan,nan,-5.284974093264247635e-02,nan,nan,0.000000000000000000e+00,nan,nan,nan,nan,nan,nan,nan,nan,0.000000000000000000e+00,0.000000000000000000e+00,nan,nan,nan,nan
nan,nan,nan,nan,nan,nan,nan,nan,nan,nan,nan,3.126684636118599869e-02,nan,nan,nan,nan,nan,nan,nan,1.293800539083560588e-02,nan,nan,nan,nan,nan,nan,nan,nan,nan,8.409703504043126998e-02,nan,nan,nan,nan,nan,nan,nan,0.000000000000000000e+00,0.000000000000000000e+00,2.749326145552561870e-02,nan,nan,nan,nan,3.989218328840968969e-02,nan,nan,nan,nan,nan,nan,nan,nan,-1.024258760107814650e-02,nan,nan,nan,nan,nan,0.000000000000000000e+00,0.000000000000000000e+00,nan,nan,nan,nan
nan,nan,nan,nan,nan,0.000000000000000000e+00,nan,nan,nan,nan,nan,nan,nan,nan,nan,nan,nan,nan,nan,nan,nan,nan,nan,nan,nan,nan,nan,nan,nan,1.975308641975281800e-03,nan,nan,nan,nan,nan,nan,nan,0.000000000000000000e+00,0.000000000000000000e+00,-1.481481481481505911e-03,nan,0.000000000000000000e+00,nan,nan,3.950617283950607836e-03,nan,nan,nan,4.938271604938204501e-04,nan,nan,nan,nan,nan,nan,nan,nan,nan,nan,0.000000000000000000e+00,0.000000000000000000e+00,nan,nan,nan,nan
nan,nan,nan,nan,nan,nan,-7.609254498714652926e-02,nan,nan,nan,nan,nan,nan,nan,nan,nan,nan,nan,nan,-1.131105398457583552e-02,nan,nan,nan,nan,nan,nan,nan,nan,nan,-6.992287917737786962e-02,nan,nan,nan,nan,nan,nan,nan,nan,0.000000000000000000e+00,-5.758354755784058504e-02,nan,nan,nan,nan,-8.637532133676091572e-02,nan,nan,-6.683804627249353980e-02,-3.341902313624678378e-02,nan,nan,nan,nan,nan,nan,nan,nan,nan,nan,0.000000000000000000e+00,0.000000000000000000e+00,nan,nan,nan,nan
nan,nan,nan,nan,nan,nan,-1.757105943152461464e-02,nan,nan,nan,nan,nan,nan,nan,nan,nan,nan,nan,nan,nan,nan,nan,nan,nan,nan,nan,nan,nan,nan,-2.635658914728686991e-02,nan,nan,nan,nan,nan,nan,nan,0.000000000000000000e+00,0.000000000000000000e+00,-6.661338147750938996e-17,nan,0.000000000000000000e+00,nan,nan,-3.410852713178300771e-02,nan,nan,-4.082687338501296559e-02,nan,nan,nan,nan,nan,nan,nan,nan,nan,nan,nan,0.000000000000000000e+00,0.000000000000000000e+00,nan,nan,nan,nan
nan,nan,nan,nan,nan,nan,nan,nan,nan,nan,nan,-1.542416452442196785e-03,nan,nan,nan,nan,nan,nan,nan,nan,nan,nan,nan,nan,nan,nan,nan,nan,nan,-5.141388174807248745e-03,nan,nan,nan,nan,nan,nan,nan,nan,0.000000000000000000e+00,nan,nan,0.000000000000000000e+00,nan,nan,5.141388174806805090e-04,nan,nan,-1.336760925449878047e-02,nan,nan,nan,nan,nan,3.290488431876601588e-02,nan,nan,nan,nan,nan,0.000000000000000000e+00,0.000000000000000000e+00,nan,0.000000000000000000e+00,nan,nan
nan,nan,nan,nan,nan,nan,nan,nan,nan,nan,nan,-3.076923076923066078e-03,nan,nan,nan,nan,nan,nan,nan,nan,nan,nan,nan,nan,nan,nan,nan,nan,nan,-3.794871794871790271e-02,nan,nan,nan,nan,nan,nan,nan,0.000000000000000000e+00,0.000000000000000000e+00,nan,nan,0.000000000000000000e+00,nan,nan,-2.923076923076917133e-02,nan,nan,-4.871794871794867671e-02,nan,nan,nan,nan,nan,nan,nan,nan,nan,nan,nan,0.000000000000000000e+00,0.000000000000000000e+00,nan,0.000000000000000000e+00,nan,nan
nan,nan,nan,nan,nan,nan,nan,nan,nan,nan,nan,nan,nan,nan,nan,nan,nan,nan,nan,nan,nan,nan,nan,nan,nan,nan,nan,nan,nan,7.438423645320199618e-02,nan,nan,nan,nan,nan,nan,nan,nan,0.000000000000000000e+00,3.152709359605913864e-02,nan,0.000000000000000000e+00,nan,nan,6.157635467980300537e-02,nan,nan,1.477832512315302481e-03,-3.448275862068928173e-03,nan,nan,nan,nan,nan,nan,nan,nan,nan,nan,0.000000000000000000e+00,0.000000000000000000e+00,nan,2.857142857142858094e-02,nan,nan
nan,nan,nan,nan,nan,nan,nan,nan,nan,nan,nan,nan,nan,nan,nan,nan,nan,nan,nan,nan,nan,nan,nan,nan,nan,nan,nan,nan,nan,-5.888594164456235902e-02,nan,nan,nan,nan,nan,nan,nan,0.000000000000000000e+00,0.000000000000000000e+00,-6.578249336870027608e-02,nan,0.000000000000000000e+00,nan,nan,-2.917771883289124041e-02,nan,nan,-4.031830238726792637e-02,nan,nan,nan,nan,nan,-4.297082228116710922e-02,nan,nan,nan,nan,nan,0.000000000000000000e+00,0.000000000000000000e+00,nan,nan,nan,nan
nan,nan,nan,nan,nan,nan,nan,nan,nan,nan,nan,nan,nan,nan,nan,nan,nan,nan,nan,nan,nan,nan,nan,nan,nan,nan,nan,nan,nan,-4.812834224598949891e-03,nan,nan,nan,nan,nan,nan,nan,0.000000000000000000e+00,0.000000000000000000e+00,-3.208556149732632971e-03,nan,nan,nan,nan,2.834224598930481370e-02,nan,nan,-3.262032085561498984e-02,nan,nan,nan,nan,nan,-3.582887700534760633e-02,nan,nan,nan,nan,nan,0.000000000000000000e+00,0.000000000000000000e+00,nan,0.000000000000000000e+00,nan,nan
nan,nan,nan,nan,nan,nan,-9.451697127937339071e-02,nan,nan,nan,nan,nan,nan,nan,nan,nan,nan,nan,nan,nan,nan,nan,nan,nan,nan,nan,nan,nan,nan,-5.169712793733684947e-02,nan,nan,nan,nan,nan,nan,nan,0.000000000000000000e+00,0.000000000000000000e+00,-8.616187989556137183e-02,nan,nan,nan,nan,-3.133159268929508467e-02,nan,nan,-8.981723237597913356e-02,nan,nan,nan,nan,nan,-3.028720626631855456e-02,nan,nan,nan,nan,nan,0.000000000000000000e+00,0.000000000000000000e+00,nan,nan,nan,nan
nan,nan,nan,nan,9.382716049382743700e-03,0.000000000000000000e+00,nan,nan,nan,nan,nan,nan,nan,nan,nan,nan,nan,nan,nan,nan,nan,nan,nan,nan,nan,nan,nan,nan,nan,-2.962962962962945035e-03,nan,nan,nan,nan,nan,nan,nan,nan,0.000000000000000000e+00,-2.962962962962945035e-03,nan,nan,nan,nan,-9.679012345679008367e-02,nan,nan,-7.407407407407404221e-02,nan,nan,nan,nan,nan,nan,nan,nan,nan,nan,nan,0.000000000000000000e+00,0.000000000000000000e+00,nan,0.000000000000000000e+00,nan,nan
nan,nan,nan,nan,nan,nan,nan,nan,nan,nan,nan,nan,nan,nan,nan,nan,nan,nan,nan,2.557544757033269976e-03,nan,nan,nan,nan,nan,nan,nan,nan,nan,4.440892098500626408e-17,nan,nan,nan,nan,nan,nan,nan,0.000000000000000000e+00,0.000000000000000000e+00,1.534526854219975169e-03,nan,0.000000000000000000e+00,nan,nan,1.023017902813316924e-03,nan,nan,nan,-1.023017902813250137e-03,nan,nan,nan,nan,nan,nan,nan,nan,nan,nan,0.000000000000000000e+00,0.000000000000000000e+00,nan,nan,nan,nan
nan,nan,nan,nan,nan,nan,nan,nan,nan,nan,nan,nan,nan,nan,nan,nan,nan,nan,nan,-4.070351758793973318e-02,nan,nan,nan,nan,nan,nan,nan,nan,nan,-2.160804020100508607e-02,nan,nan,nan,nan,nan,nan,nan,0.000000000000000000e+00,0.000000000000000000e+00,-3.718592964824125879e-02,nan,0.000000000000000000e+00,1.055276381909542316e-02,nan,nan,nan,nan,nan,nan,nan,-2.361809045226135467e-02,nan,nan,nan,nan,nan,nan,nan,nan,0.000000000000000000e+00,0.000000000000000000e+00,nan,nan,nan,nan
nan,nan,nan,nan,nan,nan,nan,nan,nan,nan,nan,-1.588089330024817711e-02,nan,nan,nan,nan,nan,nan,nan,nan,nan,nan,nan,nan,nan,nan,nan,nan,nan,-8.436724565756859376e-03,nan,nan,nan,nan,nan,nan,nan,0.000000000000000000e+00,0.000000000000000000e+00,nan,nan,0.000000000000000000e+00,nan,nan,-4.764267990074442377e-02,nan,nan,-5.161290322580647238e-02,nan,-1.488833746898277121e-03,nan,nan,nan,nan,nan,nan,nan,nan,nan,0.000000000000000000e+00,0.000000000000000000e+00,nan,nan,nan,nan
nan,nan,nan,nan,nan,0.000000000000000000e+00,-8.629441624365541755e-03,nan,nan,nan,nan,nan,nan,nan,nan,nan,nan,nan,nan,nan,nan,nan,nan,nan,nan,nan,nan,nan,nan,-5.076142131980043715e-04,nan,nan,nan,nan,nan,nan,nan,0.000000000000000000e+00,0.000000000000000000e+00,-8.121827411167580751e-03,nan,0.000000000000000000e+00,nan,nan,1.015228426395919838e-03,nan,nan,nan,nan,nan,nan,nan,nan,nan,nan,nan,nan,nan,nan,0.000000000000000000e+00,0.000000000000000000e+00,nan,nan,nan,nan
nan,nan,nan,nan,nan,nan,nan,nan,nan,nan,nan,2.150537634408600240e-02,nan,nan,nan,nan,nan,nan,nan,nan,nan,nan,nan,nan,nan,nan,nan,nan,nan,2.580645161290320150e-02,nan,nan,nan,nan,nan,nan,nan,0.000000000000000000e+00,0.000000000000000000e+00,2.258064516129032473e-02,nan,0.000000000000000000e+00,nan,nan,3.279569892473115089e-02,nan,nan,nan,nan,nan,-1.612903225806450094e-03,nan,nan,nan,nan,nan,nan,nan,nan,0.000000000000000000e+00,0.000000000000000000e+00,nan,nan,nan,nan
nan,nan,nan,nan,nan,nan,nan,nan,nan,nan,nan,nan,nan,nan,nan,nan,nan,nan,nan,nan,nan,nan,nan,nan,nan,nan,nan,nan,nan,-4.069478908188584043e-02,nan,nan,nan,nan,nan,nan,nan,0.000000000000000000e+00,0.000000000000000000e+00,-3.325062034739456607e-02,nan,0.000000000000000000e+00,nan,nan,-2.431761786600494801e-02,nan,nan,-1.687344913151360773e-02,nan,nan,nan,nan,nan,-2.580645161290322578e-02,nan,nan,nan,nan,nan,0.000000000000000000e+00,0.000000000000000000e+00,nan,nan,nan,nan
nan,nan,nan,nan,nan,nan,nan,nan,nan,nan,nan,1.483375959079280548e-02,nan,nan,nan,nan,nan,nan,nan,nan,nan,nan,nan,nan,nan,nan,nan,nan,nan,-8.184143222506424370e-03,nan,nan,nan,nan,nan,nan,nan,nan,0.000000000000000000e+00,nan,nan,nan,nan,nan,-3.069053708439928221e-03,nan,nan,2.557544757033203189e-03,nan,nan,0.000000000000000000e+00,nan,nan,5.677749360613808249e-02,nan,nan,nan,nan,nan,0.000000000000000000e+00,0.000000000000000000e+00,nan,0.000000000000000000e+00,nan,nan
nan,nan,nan,nan,nan,nan,nan,nan,nan,nan,nan,nan,nan,nan,nan,nan,nan,nan,nan,nan,nan,nan,nan,nan,nan,nan,nan,nan,nan,-3.664122137404581675e-02,nan,nan,nan,nan,nan,nan,nan,nan,0.000000000000000000e+00,nan,nan,0.000000000000000000e+00,nan,nan,-2.239185750636132205e-02,nan,nan,-2.849872773536896858e-02,-5.089058524172962884e-04,nan,-2.239185750636130123e-02,nan,nan,nan,nan,nan,nan,nan,nan,0.000000000000000000e+00,0.000000000000000000e+00,nan,-2.646310432569973919e-02,nan,nan
nan,nan,nan,nan,nan,0.000000000000000000e+00,nan,nan,nan,nan,nan,-1.066666666666664723e-02,nan,nan,nan,nan,nan,nan,nan,nan,nan,nan,nan,nan,nan,nan,nan,nan,nan,-1.546666666666665114e-02,nan,nan,nan,nan,nan,nan,nan,0.000000000000000000e+00,0.000000000000000000e+00,-7.466666666666665723e-03,nan,nan,nan,nan,-7.466666666666665723e-03,nan,nan,nan,nan,nan,nan,nan,nan,nan,nan,nan,nan,nan,nan,0.000000000000000000e+00,0.000000000000000000e+00,nan,8.000000000000007105e-03,nan,nan
nan,nan,nan,nan,nan,0.000000000000000000e+00,nan,nan,nan,nan,nan,nan,nan,nan,nan,nan,nan,nan,nan,nan,nan,nan,nan,nan,nan,nan,nan,nan,nan,4.958677685950462974e-03,nan,nan,nan,nan,nan,nan,nan,0.000000000000000000e+00,0.000000000000000000e+00,nan,nan,0.000000000000000000e+00,nan,nan,-7.713498622589498241e-03,nan,nan,nan,nan,nan,0.000000000000000000e+00,nan,nan,-1.432506887052338237e-02,nan,nan,nan,nan,nan,0.000000000000000000e+00,0.000000000000000000e+00,nan,nan,nan,nan
nan,nan,nan,nan,nan,nan,nan,nan,nan,nan,nan,nan,nan,nan,nan,nan,nan,nan,nan,nan,nan,nan,nan,nan,nan,nan,nan,nan,nan,-5.333333333333301063e-03,nan,nan,nan,nan,nan,nan,nan,0.000000000000000000e+00,0.000000000000000000e+00,-6.933333333333324341e-03,nan,0.000000000000000000e+00,nan,nan,-2.346666666666665652e-02,nan,nan,-3.733333333333330867e-02,nan,nan,2.133333333333364661e-03,nan,nan,nan,nan,nan,nan,nan,nan,0.000000000000000000e+00,0.000000000000000000e+00,nan,nan,nan,nan
nan,nan,nan,nan,nan,nan,nan,nan,nan,nan,nan,2.126582278481010599e-02,nan,nan,nan,nan,nan,nan,nan,nan,nan,nan,nan,nan,nan,nan,nan,nan,nan,4.860759493670883252e-02,nan,nan,nan,nan,nan,nan,nan,0.000000000000000000e+00,0.000000000000000000e+00,4.506329113924045782e-02,nan,0.000000000000000000e+00,nan,nan,2.784810126582275627e-02,nan,nan,nan,nan,nan,0.000000000000000000e+00,nan,nan,nan,nan,nan,nan,nan,nan,0.000000000000000000e+00,0.000000000000000000e+00,nan,nan,nan,nan
nan,nan,nan,nan,nan,nan,nan,nan,nan,nan,nan,1.557788944723614843e-02,nan,nan,nan,nan,nan,nan,nan,nan,nan,nan,nan,nan,nan,nan,nan,nan,nan,-3.015075376884479661e-03,nan,nan,nan,nan,nan,nan,nan,0.000000000000000000e+00,0.000000000000000000e+00,nan,nan,0.000000000000000000e+00,nan,nan,2.613065326633159241e-02,nan,nan,4.020100502512558016e-02,nan,nan,nan,nan,nan,nan,nan,nan,nan,nan,nan,0.000000000000000000e+00,0.000000000000000000e+00,nan,3.517587939698452269e-03,nan,nan
