nan,nan,nan,nan,nan,-4.819277108433772661e-03,nan,nan,2.891566265060196809e-03,nan,nan,nan,nan,nan,nan,nan,nan,nan,nan,nan,nan,nan,nan,nan,nan,nan,nan,nan,nan,nan,nan,nan,nan,nan,3.855421686746973893e-03,nan,nan,nan,1.445783132530098405e-03,nan,nan,1.253012048192767534e-02,nan,nan,nan,nan,nan,nan,nan,nan,nan,nan,nan,3.373493975903585351e-03,nan,nan,-9.638554216867500218e-03,nan,nan,nan,-7.228915662650603480e-03,nan,6.746987951807170703e-03,-8.192771084337380563e-03,nan
nan,nan,nan,nan,nan,-5.839416058394153279e-03,nan,nan,-3.163017031630177556e-02,nan,nan,nan,-3.260340632603411087e-02,nan,nan,nan,nan,nan,nan,nan,nan,nan,nan,nan,nan,nan,nan,nan,nan,nan,nan,nan,nan,nan,-2.043795620437958288e-02,nan,nan,nan,-3.406326034063256007e-03,nan,nan,-5.839416058394153279e-03,nan,nan,nan,nan,nan,nan,nan,nan,nan,nan,nan,-4.866180048661794761e-04,nan,nan,-7.785888077858871617e-03,nan,nan,nan,nan,nan,2.433090024330897272e-03,-1.459854014598538363e-02,nan
nan,nan,nan,nan,nan,-1.280788177339902204e-02,nan,nan,-1.576354679802953809e-02,nan,nan,nan,nan,nan,nan,nan,nan,nan,nan,nan,nan,nan,nan,nan,nan,nan,nan,nan,nan,nan,nan,nan,nan,nan,-9.852216748768237962e-04,nan,nan,nan,nan,nan,nan,7.389162561576378616e-03,nan,nan,nan,nan,nan,nan,nan,nan,nan,-2.315270935960589416e-02,nan,1.477832512315280147e-03,nan,nan,-1.280788177339899948e-02,nan,nan,nan,-1.674876847290642651e-02,nan,1.428571428571430088e-02,-2.068965517241381363e-02,nan
nan,nan,nan,nan,nan,-4.750593824228044326e-03,nan,nan,nan,nan,nan,nan,-9.026128266033283526e-03,nan,nan,nan,nan,nan,nan,nan,nan,nan,nan,nan,nan,nan,nan,nan,nan,nan,nan,nan,nan,nan,4.750593824228000091e-03,nan,nan,nan,2.375296912114000045e-03,nan,nan,6.175771971496435420e-03,nan,nan,nan,nan,nan,nan,nan,nan,nan,nan,nan,3.800475059382435374e-03,nan,nan,-1.140142517814730569e-02,nan,nan,nan,-1.187648456057011082e-02,nan,-4.750593824228044218e-04,-8.551068883610480134e-03,nan
nan,nan,nan,nan,nan,-9.756097560975618421e-04,nan,nan,nan,nan,nan,nan,-9.268292682926837500e-03,nan,nan,nan,nan,nan,nan,nan,nan,nan,nan,nan,nan,nan,nan,nan,nan,nan,nan,nan,nan,nan,-2.926829268292685526e-03,nan,nan,nan,4.878048780487809211e-03,nan,nan,4.878048780487809211e-03,nan,nan,nan,nan,nan,nan,nan,nan,nan,nan,nan,0.000000000000000000e+00,nan,nan,-1.317073170731708487e-02,nan,nan,nan,-1.707317073170733224e-02,nan,7.317073170731713816e-03,-1.609756097560977040e-02,nan
nan,nan,nan,nan,nan,-2.877697841726578436e-03,nan,nan,nan,nan,nan,nan,nan,nan,nan,nan,nan,nan,nan,nan,nan,nan,nan,nan,nan,nan,nan,nan,nan,nan,nan,nan,nan,nan,-1.438848920863300494e-03,nan,nan,nan,0.000000000000000000e+00,nan,nan,-1.055155875299758003e-02,nan,nan,nan,nan,nan,nan,nan,nan,nan,nan,nan,-2.877697841726600987e-03,nan,nan,-2.541966426858510708e-02,nan,nan,nan,-3.405275779376495254e-02,nan,-1.247002398081531460e-02,-2.973621103117507491e-02,-1.294964028776974738e-02
nan,nan,nan,nan,nan,-3.517587939698496504e-03,nan,nan,nan,nan,nan,nan,-4.522613065326641646e-03,nan,nan,nan,nan,nan,nan,nan,nan,nan,nan,nan,nan,nan,nan,nan,nan,nan,nan,nan,nan,nan,5.025125628140702724e-03,nan,nan,nan,8.542713567839177111e-03,nan,nan,1.557788944723617099e-02,nan,nan,nan,nan,nan,nan,nan,nan,nan,nan,nan,3.015075376884390757e-03,nan,nan,-1.005025125628138463e-02,nan,nan,nan,-3.015075376884412874e-03,nan,4.020100502512558016e-03,-9.547738693467321819e-03,nan
nan,nan,nan,nan,nan,9.456264775413725232e-04,nan,nan,nan,nan,nan,nan,4.728132387706862616e-04,nan,nan,nan,nan,nan,nan,nan,nan,nan,nan,nan,nan,nan,nan,nan,nan,nan,nan,nan,nan,nan,9.929078014184411494e-03,nan,nan,nan,4.728132387706862616e-03,nan,nan,8.983451536643038970e-03,nan,nan,nan,nan,nan,nan,nan,nan,nan,nan,nan,2.364066193853431308e-03,nan,nan,-1.465721040189127411e-02,nan,nan,nan,-8.510638297872352709e-03,nan,1.513002364066196037e-02,-1.371158392434990159e-02,nan
nan,nan,nan,nan,nan,-9.501187648456088652e-03,nan,nan,-2.280285035629452464e-02,nan,nan,nan,-3.135391923990497876e-02,nan,nan,nan,nan,nan,nan,nan,nan,nan,nan,nan,nan,nan,nan,nan,nan,nan,nan,nan,nan,nan,-5.225653206650848585e-03,nan,nan,nan,nan,nan,nan,1.045130641330167462e-02,nan,nan,nan,nan,nan,nan,nan,nan,nan,nan,nan,-1.425178147268413211e-03,nan,nan,-9.026128266033262709e-03,nan,nan,nan,-6.175771971496435420e-03,nan,1.710213776722091517e-02,-1.187648456057008826e-02,nan
nan,nan,nan,nan,nan,0.000000000000000000e+00,nan,nan,nan,nan,nan,nan,-1.442307692307693776e-02,nan,nan,nan,nan,nan,nan,nan,nan,nan,nan,nan,nan,nan,nan,nan,nan,nan,nan,nan,nan,nan,2.884615384615374367e-03,nan,nan,nan,6.730769230769206857e-03,nan,nan,-9.134615384615397266e-03,nan,nan,nan,nan,nan,nan,nan,nan,nan,nan,nan,2.403846153846145306e-03,nan,nan,-1.201923076923074908e-02,nan,nan,nan,-1.153846153846154257e-02,nan,1.442307692307691694e-02,-1.201923076923077163e-02,nan
nan,nan,nan,nan,nan,1.960784313725461112e-03,nan,nan,nan,nan,nan,nan,5.392156862745078882e-03,nan,nan,nan,nan,nan,nan,nan,nan,nan,nan,nan,nan,nan,nan,nan,nan,nan,nan,nan,nan,nan,4.901960784313685524e-03,nan,nan,nan,1.470588235294112422e-02,nan,nan,1.274509803921564099e-02,nan,nan,nan,nan,nan,nan,nan,nan,nan,nan,nan,-9.803921568627637327e-04,nan,nan,-1.029411764705889798e-02,nan,nan,nan,-5.882352941176538161e-03,nan,9.313725490196045342e-03,-8.333333333333392198e-03,nan
nan,nan,nan,nan,nan,-9.478672985781643866e-04,nan,nan,nan,nan,nan,nan,-1.184834123222744395e-02,nan,nan,nan,nan,nan,nan,nan,nan,nan,nan,nan,nan,nan,nan,nan,nan,nan,nan,nan,nan,nan,-3.317535545023631190e-03,nan,nan,nan,-6.635071090047350850e-03,nan,nan,-5.213270142180070552e-03,nan,nan,nan,nan,nan,nan,nan,nan,nan,nan,nan,1.895734597156439796e-03,nan,nan,-2.180094786729856043e-02,nan,nan,nan,-2.417061611374406865e-02,nan,-3.791469194312791120e-03,-2.417061611374404784e-02,nan
nan,nan,nan,nan,nan,-4.705882352941337604e-04,nan,nan,nan,nan,nan,nan,-1.082352941176474223e-02,nan,nan,nan,nan,nan,nan,nan,nan,nan,nan,nan,nan,nan,nan,nan,nan,nan,nan,nan,nan,nan,-4.235294117647070596e-03,nan,nan,nan,7.058823529411739801e-03,nan,nan,1.411764705882350215e-02,nan,nan,nan,nan,nan,nan,nan,nan,nan,nan,nan,1.882352941176446137e-03,nan,nan,-1.505882352941176859e-02,nan,nan,nan,-1.176470588235296530e-02,nan,1.129411764705881040e-02,-2.305882352941181906e-02,nan
nan,nan,nan,nan,nan,-2.107728337236536298e-02,nan,nan,nan,nan,nan,nan,-2.903981264637005635e-02,nan,nan,nan,nan,nan,nan,nan,nan,nan,nan,nan,nan,nan,nan,nan,nan,nan,nan,nan,nan,nan,-2.763466042154569952e-02,nan,nan,nan,5.620608899297429954e-03,nan,nan,-9.836065573770503070e-03,nan,nan,nan,nan,nan,nan,nan,nan,-3.747072599531620259e-03,nan,nan,-3.278688524590167401e-03,nan,nan,-2.529274004683843696e-02,nan,nan,nan,nan,nan,-1.124121779859485991e-02,-2.107728337236536298e-02,nan
nan,nan,nan,nan,nan,-1.121951219512196118e-02,nan,nan,nan,nan,nan,nan,-8.780487804878056579e-03,nan,nan,nan,nan,nan,nan,nan,nan,nan,nan,nan,nan,nan,nan,nan,nan,nan,nan,nan,nan,nan,-8.292682926829275658e-03,nan,nan,nan,2.926829268292641291e-03,nan,nan,6.341463414634063503e-03,nan,nan,nan,nan,nan,nan,nan,nan,nan,nan,nan,-4.878048780487809211e-04,nan,nan,-2.439024390243904605e-02,nan,nan,nan,-2.682926829268295066e-02,nan,7.317073170731647029e-03,-2.780487804878051250e-02,nan
nan,nan,nan,nan,nan,-2.220446049250313204e-17,nan,nan,2.444987775061080448e-03,nan,nan,nan,nan,nan,nan,nan,nan,nan,nan,nan,nan,nan,nan,nan,nan,nan,nan,nan,nan,nan,nan,nan,nan,nan,8.801955990219979126e-03,nan,nan,nan,2.542787286063565716e-02,nan,nan,7.334963325183329816e-03,nan,nan,nan,nan,nan,nan,nan,nan,nan,nan,nan,2.933985330073296451e-03,nan,nan,-7.823960880195634723e-03,nan,nan,nan,-3.911980440097839913e-03,nan,1.564792176039115842e-02,-7.823960880195657275e-03,nan
nan,nan,nan,nan,nan,-1.418439716312058785e-03,nan,nan,nan,nan,nan,nan,-1.513002364066196037e-02,nan,nan,nan,nan,nan,nan,nan,nan,nan,nan,nan,nan,nan,nan,nan,nan,nan,nan,nan,nan,nan,-8.037825059101666447e-03,nan,nan,nan,2.836879432624117570e-03,nan,nan,3.309692671394803831e-03,nan,nan,nan,nan,nan,nan,nan,nan,nan,nan,nan,-4.728132387706862616e-04,nan,nan,-2.033096926713950925e-02,nan,nan,nan,-1.513002364066196037e-02,nan,-4.728132387706862616e-04,-1.796690307328607794e-02,nan
nan,nan,nan,nan,nan,-7.228915662650580928e-03,nan,nan,nan,nan,nan,nan,nan,nan,nan,nan,nan,nan,nan,nan,nan,nan,nan,nan,nan,nan,nan,nan,nan,nan,nan,nan,nan,nan,5.783132530120482957e-03,nan,nan,nan,nan,nan,nan,1.493975903614457382e-02,nan,nan,nan,nan,nan,1.012048192771082197e-02,nan,nan,nan,1.445783132530142857e-03,nan,-9.638554216867323060e-04,nan,nan,-1.734939759036142545e-02,nan,nan,nan,-1.734939759036144974e-02,nan,1.301204819277110812e-02,-1.590361445783132835e-02,nan
nan,nan,nan,nan,nan,-2.444987775061169353e-03,nan,nan,nan,nan,nan,nan,3.716381418092906674e-02,nan,nan,nan,nan,nan,nan,nan,nan,nan,nan,nan,nan,nan,nan,nan,nan,nan,nan,nan,nan,nan,2.102689486552562423e-02,nan,nan,nan,7.823960880195546252e-03,nan,nan,6.845965770171091695e-03,nan,nan,nan,nan,nan,4.352078239608798971e-02,nan,nan,5.378973105134467886e-02,nan,nan,3.960880195599016801e-02,nan,nan,2.689486552567230820e-02,nan,nan,nan,nan,nan,nan,2.151589242053784240e-02,nan
nan,nan,nan,nan,nan,-8.780487804878034028e-03,nan,nan,-3.365853658536577253e-02,nan,nan,nan,-2.731707317073162056e-02,nan,nan,nan,nan,nan,nan,nan,nan,nan,nan,nan,nan,nan,nan,nan,nan,nan,nan,nan,nan,nan,-3.902439024390247369e-03,nan,nan,nan,nan,nan,nan,-9.756097560975618421e-04,nan,nan,nan,nan,nan,nan,nan,nan,nan,nan,nan,-1.560975609756096692e-02,nan,nan,-2.097560975609748940e-02,nan,nan,nan,-3.365853658536577253e-02,nan,1.121951219512196118e-02,-2.829268292682918240e-02,nan
nan,nan,nan,nan,nan,6.146572104018921401e-03,nan,nan,nan,nan,nan,nan,-4.255319148936176354e-03,nan,nan,nan,nan,nan,nan,nan,nan,nan,nan,nan,nan,nan,nan,nan,nan,nan,nan,nan,nan,nan,2.364066193853431308e-03,nan,nan,nan,2.836879432624117570e-03,nan,nan,1.418439716312058785e-03,nan,nan,nan,nan,nan,nan,nan,nan,nan,nan,nan,4.255319148936176354e-03,nan,nan,-1.465721040189127411e-02,nan,nan,nan,-1.985815602836882299e-02,nan,9.929078014184411494e-03,-1.323877068557921532e-02,nan
nan,nan,nan,nan,nan,-1.200000000000001066e-02,nan,nan,nan,nan,nan,nan,-1.299999999999998899e-02,nan,nan,nan,nan,nan,nan,nan,nan,nan,nan,nan,nan,nan,nan,nan,nan,nan,nan,nan,nan,nan,-8.499999999999997141e-03,nan,nan,nan,6.000000000000027880e-03,nan,nan,2.220446049250313204e-17,nan,nan,nan,nan,nan,nan,nan,nan,1.000000000000023006e-03,nan,nan,nan,nan,nan,-2.400000000000000050e-02,nan,nan,nan,-2.500000000000000139e-02,nan,-3.000000000000002665e-03,-2.449999999999998707e-02,nan
nan,nan,nan,nan,nan,3.129584352078233767e-02,nan,nan,nan,nan,nan,nan,2.933985330073318569e-03,nan,nan,nan,nan,nan,nan,nan,nan,nan,nan,nan,nan,nan,nan,nan,nan,nan,nan,nan,nan,nan,1.124694376528112549e-02,nan,nan,nan,-9.779951100244987927e-04,nan,nan,4.449877750611243993e-02,nan,nan,nan,nan,nan,nan,nan,nan,-9.779951100244987927e-04,nan,nan,-1.955990220048953350e-03,nan,nan,6.845965770171091695e-03,nan,nan,nan,nan,nan,3.618581907090458877e-02,1.955990220048893155e-02,nan
nan,nan,nan,nan,nan,-8.510638297872307606e-03,nan,nan,-1.134751773049638181e-02,nan,nan,nan,-3.782505910165423306e-03,nan,nan,nan,nan,nan,nan,nan,nan,nan,nan,nan,nan,nan,nan,nan,nan,nan,nan,nan,nan,nan,1.276595744680859498e-02,nan,nan,nan,-4.728132387706862616e-03,nan,nan,1.891252955082767164e-03,nan,nan,nan,nan,nan,nan,nan,nan,-1.418439716312058785e-03,nan,nan,-1.891252955082745046e-03,nan,nan,4.255319148936220590e-03,nan,nan,nan,nan,nan,nan,1.087470449172582912e-02,nan
nan,nan,nan,nan,nan,-5.326876513317135679e-03,nan,nan,nan,nan,nan,nan,-1.259079903147695099e-02,nan,nan,nan,nan,nan,nan,nan,nan,nan,nan,nan,nan,nan,nan,nan,nan,nan,nan,nan,nan,nan,-6.779661016949112447e-03,nan,nan,nan,1.452784503631998668e-03,nan,nan,5.326876513317225018e-03,nan,nan,nan,nan,nan,nan,nan,nan,nan,nan,nan,-9.685230024212732481e-04,nan,nan,-1.743341404358349570e-02,nan,nan,nan,-1.840193704600479041e-02,nan,1.162227602905574475e-02,-2.227602905569001784e-02,nan
nan,nan,nan,nan,nan,3.934426229508201228e-02,nan,nan,nan,nan,nan,nan,1.217798594847776562e-02,nan,nan,nan,nan,nan,nan,nan,nan,nan,nan,nan,nan,nan,nan,nan,nan,nan,nan,nan,nan,nan,3.840749414519904065e-02,nan,nan,nan,nan,nan,nan,-1.405152224824357489e-03,nan,nan,nan,nan,nan,6.088992974238882812e-03,nan,nan,4.028103044496485208e-02,nan,nan,4.074941451990628238e-02,nan,nan,1.545667447306793216e-02,nan,nan,nan,nan,nan,2.201405152224822359e-02,3.231850117096020381e-02,nan
nan,nan,nan,nan,nan,6.497461928934009090e-02,nan,nan,-2.538071065989888717e-03,nan,nan,nan,2.690355329949234431e-02,nan,nan,nan,nan,nan,nan,nan,nan,nan,nan,nan,nan,nan,nan,nan,nan,nan,nan,nan,nan,nan,9.441624365482229053e-02,nan,nan,nan,nan,nan,nan,1.928934010152281303e-02,nan,nan,nan,nan,nan,6.091370558375630920e-03,nan,nan,1.045685279187816841e-01,nan,nan,8.375634517766492038e-02,nan,nan,2.791878172588828713e-02,nan,nan,nan,nan,nan,nan,5.431472081218271380e-02,nan
nan,nan,nan,nan,nan,-3.139013452914807181e-03,nan,nan,nan,nan,nan,nan,-8.968609865471100385e-04,nan,nan,nan,nan,nan,nan,nan,nan,nan,nan,nan,nan,nan,nan,nan,nan,nan,nan,nan,nan,nan,-5.829596412556070292e-03,nan,nan,nan,2.107623318385645067e-02,nan,nan,9.865470852017855022e-03,nan,nan,nan,nan,nan,nan,nan,nan,nan,nan,nan,2.690582959641240994e-03,nan,nan,4.932735426008916235e-03,nan,nan,nan,7.623318385650157229e-03,nan,7.623318385650157229e-03,4.035874439461873200e-03,nan
nan,nan,nan,nan,nan,1.965601965601937364e-03,nan,nan,nan,nan,nan,nan,-5.405405405405438665e-03,nan,nan,nan,nan,nan,nan,nan,nan,nan,nan,nan,nan,nan,nan,nan,nan,nan,nan,nan,nan,nan,-7.371007371007399014e-03,nan,nan,nan,7.371007371007353912e-03,nan,nan,1.031941031941030484e-02,nan,nan,nan,nan,nan,nan,nan,nan,nan,nan,nan,1.965601965601937364e-03,nan,nan,-1.277641277641283768e-02,nan,nan,nan,-9.828009828009886747e-03,nan,4.914004914004887863e-03,-8.845208845208896165e-03,nan
nan,nan,nan,nan,nan,-3.266331658291458939e-02,nan,nan,nan,nan,nan,nan,-1.407035175879398602e-02,nan,nan,nan,nan,nan,nan,nan,nan,nan,nan,nan,nan,nan,nan,nan,nan,nan,nan,nan,nan,nan,-3.165829145728644989e-02,nan,nan,nan,-2.562814070351761980e-02,nan,nan,-3.015075376884412874e-03,nan,nan,nan,nan,nan,nan,nan,nan,-1.105527638190955189e-02,nan,nan,-1.206030150753769660e-02,nan,nan,-3.517587939698518622e-03,nan,nan,nan,nan,nan,-3.567839195979902872e-02,-4.522613065326641646e-03,nan
nan,nan,nan,nan,nan,8.133971291866059355e-03,nan,nan,nan,nan,nan,nan,4.784688995215224949e-04,nan,nan,nan,nan,nan,nan,nan,nan,nan,nan,nan,nan,nan,nan,nan,nan,nan,nan,nan,nan,nan,5.263157894736858466e-03,nan,nan,nan,2.870813397129201756e-03,nan,nan,1.004784688995217189e-02,nan,nan,nan,nan,nan,nan,nan,nan,nan,nan,nan,4.306220095693790925e-03,nan,nan,-9.569377990430626840e-03,nan,nan,nan,-8.133971291866015987e-03,nan,6.220095693779903456e-03,-1.578947368421053030e-02,nan
nan,nan,nan,nan,nan,1.193317422434365602e-02,nan,nan,nan,nan,nan,nan,-2.386634844868740397e-03,nan,nan,nan,nan,nan,nan,nan,nan,nan,nan,nan,nan,nan,nan,nan,nan,nan,nan,nan,nan,nan,8.591885441527401940e-03,nan,nan,nan,1.909307875894938888e-03,nan,nan,1.336515513126488273e-02,nan,nan,nan,nan,nan,nan,nan,nan,nan,nan,nan,9.546539379474472181e-04,nan,nan,-1.670644391408118018e-02,nan,nan,nan,-1.527446300715995520e-02,nan,1.813842482100236353e-02,-1.766109785202864962e-02,nan
nan,nan,nan,nan,nan,-7.785888077858871617e-03,nan,nan,nan,nan,nan,nan,6.326034063260354764e-03,nan,nan,nan,nan,nan,nan,nan,nan,nan,nan,nan,nan,nan,nan,nan,nan,nan,nan,nan,nan,nan,-1.021897810218976889e-02,nan,nan,nan,nan,nan,nan,-3.892944038929435809e-03,nan,nan,nan,nan,nan,nan,nan,nan,9.732360097323589521e-04,nan,nan,2.919708029197121309e-03,nan,nan,-8.759124087591208668e-03,nan,nan,nan,-1.167883211678830656e-02,nan,7.299270072992780287e-03,-1.070559610705592614e-02,nan
nan,nan,nan,nan,nan,1.851851851851837828e-03,nan,nan,nan,nan,nan,nan,1.851851851851860162e-03,nan,nan,nan,nan,nan,nan,nan,nan,nan,nan,nan,nan,nan,nan,nan,nan,nan,nan,nan,nan,nan,-3.703703703703720325e-03,nan,nan,nan,1.157407407407406996e-02,nan,nan,2.129629629629630275e-02,nan,nan,nan,nan,nan,4.629629629629605954e-03,nan,nan,7.175925925925925875e-02,nan,nan,5.601851851851850916e-02,nan,nan,2.175925925925925597e-02,nan,nan,nan,nan,nan,nan,1.250000000000000069e-02,nan
nan,nan,nan,nan,nan,4.275534441805240067e-03,nan,nan,9.501187648456088436e-04,nan,nan,nan,nan,nan,nan,nan,nan,nan,nan,nan,nan,nan,nan,nan,nan,nan,nan,nan,nan,nan,nan,nan,nan,nan,-4.275534441805217516e-03,nan,nan,nan,3.325415676959653233e-03,nan,nan,6.175771971496457971e-03,nan,nan,nan,nan,nan,nan,nan,nan,nan,nan,nan,-4.750593824228044218e-04,nan,nan,-1.520190023752965303e-02,nan,nan,nan,-1.092636579572445719e-02,nan,1.567695961995252407e-02,-8.076009501187609088e-03,nan
nan,nan,nan,nan,nan,-4.926108374384118981e-04,nan,nan,nan,nan,nan,nan,3.940886699507428759e-03,nan,nan,nan,nan,nan,nan,nan,nan,nan,nan,nan,nan,nan,nan,nan,nan,nan,nan,nan,nan,nan,3.940886699507406207e-03,nan,nan,nan,7.389162561576378616e-03,nan,nan,9.359605911330070444e-03,nan,nan,nan,nan,nan,nan,nan,nan,nan,nan,nan,-4.926108374384118981e-04,nan,nan,-1.280788177339902204e-02,nan,nan,nan,-1.477832512315269131e-02,nan,1.330049261083745583e-02,-1.428571428571430088e-02,nan
nan,nan,nan,nan,nan,6.666666666666642808e-03,nan,nan,nan,nan,nan,nan,5.714285714285694331e-03,nan,nan,nan,nan,nan,nan,nan,nan,nan,nan,nan,nan,nan,nan,nan,nan,nan,nan,nan,nan,nan,-1.428571428571423583e-03,nan,nan,nan,1.571428571428565985e-02,nan,nan,1.428571428571423496e-02,nan,nan,nan,nan,nan,nan,nan,nan,nan,nan,nan,1.428571428571423583e-03,nan,nan,-1.333333333333339664e-02,nan,nan,nan,-6.190476190476257475e-03,nan,1.952380952380945375e-02,-3.809523809523862430e-03,nan
nan,nan,nan,nan,nan,-1.985111662531036016e-03,nan,nan,-3.672456575682385427e-02,nan,nan,nan,-2.828784119106702091e-02,nan,nan,nan,nan,nan,nan,nan,nan,nan,nan,nan,nan,nan,nan,nan,nan,nan,nan,nan,nan,nan,-1.091811414392060940e-02,nan,nan,nan,nan,nan,nan,9.925558312654735559e-04,nan,nan,nan,nan,nan,nan,nan,nan,nan,nan,nan,-2.729528535980152437e-02,nan,nan,-2.828784119106702091e-02,nan,nan,nan,-2.828784119106697581e-02,nan,1.290322580645160075e-02,-2.729528535980150356e-02,nan
nan,nan,nan,nan,nan,8.292682926829275658e-03,nan,nan,nan,nan,nan,nan,0.000000000000000000e+00,nan,nan,nan,nan,nan,nan,nan,nan,nan,nan,nan,nan,nan,nan,nan,nan,nan,nan,nan,nan,nan,-4.878048780487809211e-04,nan,nan,nan,6.829268292682932895e-03,nan,nan,5.853658536585371053e-03,nan,nan,nan,nan,nan,nan,nan,nan,nan,nan,nan,4.878048780487809211e-04,nan,nan,-1.756097560975611316e-02,nan,nan,nan,-1.317073170731708487e-02,nan,8.292682926829275658e-03,-1.268292682926830395e-02,nan
nan,nan,nan,nan,nan,-5.392156862745078882e-03,nan,nan,nan,nan,nan,nan,-2.450980392156854037e-03,nan,nan,nan,nan,nan,nan,nan,nan,nan,nan,nan,nan,nan,nan,nan,nan,nan,nan,nan,nan,nan,-1.323529411764701180e-02,nan,nan,nan,4.901960784313708075e-04,nan,nan,4.901960784313930336e-04,nan,nan,nan,nan,nan,nan,nan,nan,nan,nan,nan,-2.941176470588246963e-03,nan,nan,-5.392156862745078882e-03,nan,nan,nan,-1.274509803921564099e-02,nan,-2.450980392156854037e-03,-5.392156862745078882e-03,nan
nan,nan,nan,nan,nan,5.811138014527816864e-03,nan,nan,nan,nan,nan,nan,-2.905569007263975219e-03,nan,nan,nan,nan,nan,nan,nan,nan,nan,nan,nan,nan,nan,nan,nan,nan,nan,nan,nan,nan,nan,-6.661338147750938996e-17,nan,nan,nan,1.598062953995154148e-02,nan,nan,2.179176755447937916e-02,nan,nan,nan,nan,nan,nan,nan,nan,nan,nan,nan,6.295399515738431262e-03,nan,nan,-5.811138014527861100e-03,nan,nan,nan,-1.210653753026640425e-02,nan,2.082324455205806363e-02,-1.743341404358356161e-02,nan
nan,nan,nan,nan,nan,-8.585858585858630737e-03,nan,nan,-2.171717171717178069e-02,nan,nan,nan,-1.919191919191922530e-02,nan,nan,nan,nan,nan,nan,nan,nan,nan,nan,nan,nan,nan,nan,nan,nan,nan,nan,nan,nan,nan,-8.585858585858630737e-03,nan,nan,nan,-4.545454545454586000e-03,nan,nan,9.090909090909060977e-03,nan,nan,nan,nan,nan,nan,nan,nan,nan,nan,nan,2.020202020201988975e-03,nan,nan,-3.030303030303027698e-03,nan,nan,nan,nan,nan,4.545454545454519213e-03,-4.040404040404088973e-03,nan
nan,nan,nan,nan,nan,-7.177033492822992682e-03,nan,nan,nan,nan,nan,nan,-3.827751196172246746e-03,nan,nan,nan,nan,nan,nan,nan,nan,nan,nan,nan,nan,nan,nan,nan,nan,nan,nan,nan,nan,nan,-1.004784688995217189e-02,nan,nan,nan,1.148325358851671682e-02,nan,nan,-5.263157894736858466e-03,nan,nan,nan,nan,nan,nan,nan,nan,nan,nan,nan,4.784688995215002688e-04,nan,nan,-3.827751196172268864e-03,nan,nan,nan,-8.133971291866038539e-03,nan,3.827751196172224195e-03,7.655502392344448390e-03,nan
nan,nan,nan,nan,nan,7.425742574257432338e-03,nan,nan,nan,nan,nan,nan,-9.900990099009909784e-04,nan,nan,nan,nan,nan,nan,nan,nan,nan,nan,nan,nan,nan,nan,nan,nan,nan,nan,nan,nan,nan,4.950495049504954892e-04,nan,nan,nan,5.445544554455450381e-03,nan,nan,5.940594059405945870e-03,nan,nan,nan,nan,nan,nan,nan,nan,nan,nan,nan,4.950495049504954892e-04,nan,nan,0.000000000000000000e+00,nan,nan,nan,-9.900990099009909784e-04,nan,6.435643564356441360e-03,1.485148514851486468e-03,nan
nan,nan,nan,nan,nan,-6.249999999999977796e-03,nan,nan,nan,nan,nan,nan,-8.173076923076894040e-03,nan,nan,nan,nan,nan,nan,nan,nan,nan,nan,nan,nan,nan,nan,nan,nan,nan,nan,nan,nan,nan,4.807692307692512873e-04,nan,nan,nan,-1.442307692307665066e-03,nan,nan,3.846153846153876725e-03,nan,nan,nan,nan,nan,nan,nan,nan,nan,nan,nan,-2.884615384615374367e-03,nan,nan,-1.490384615384612345e-02,nan,nan,nan,-1.730769230769224620e-02,nan,3.846153846153854607e-03,-1.923076923076918326e-02,nan
nan,nan,nan,nan,nan,-1.024390243902439934e-02,nan,nan,nan,nan,nan,nan,1.560975609756098947e-02,nan,nan,nan,nan,nan,nan,nan,nan,nan,nan,nan,nan,nan,nan,nan,nan,nan,nan,nan,nan,nan,-9.756097560975618421e-04,nan,nan,nan,1.951219512195123684e-03,nan,nan,1.073170731707318026e-02,nan,nan,nan,nan,nan,nan,nan,nan,0.000000000000000000e+00,nan,nan,9.756097560975618421e-04,nan,nan,-3.902439024390247369e-03,nan,nan,nan,nan,nan,-8.780487804878056579e-03,-2.439024390243904605e-03,nan
nan,nan,nan,nan,nan,3.294117647058847527e-03,nan,nan,nan,nan,nan,nan,2.447058823529415367e-02,nan,nan,nan,nan,nan,nan,nan,nan,nan,nan,nan,nan,nan,nan,nan,nan,nan,nan,nan,nan,nan,4.047058823529414706e-02,nan,nan,nan,nan,nan,nan,2.070588235294119547e-02,nan,nan,nan,nan,nan,3.529411764705885080e-02,nan,nan,4.988235294117648877e-02,nan,nan,3.952941176470592399e-02,nan,nan,1.788235294117650545e-02,nan,nan,nan,nan,nan,1.694117647058825810e-02,1.364705882352943399e-02,nan
nan,nan,nan,nan,nan,-1.923076923076916245e-03,nan,nan,nan,nan,nan,nan,-8.173076923076894040e-03,nan,nan,nan,nan,nan,nan,nan,nan,nan,nan,nan,nan,nan,nan,nan,nan,nan,nan,nan,nan,nan,2.220446049250313204e-17,nan,nan,nan,3.365384615384625546e-03,nan,nan,1.490384615384614600e-02,nan,nan,nan,nan,nan,nan,nan,nan,nan,nan,nan,4.326923076923061551e-03,nan,nan,-1.682692307692306224e-02,nan,nan,nan,-1.586538461538457984e-02,nan,1.298076923076925057e-02,-1.730769230769229131e-02,nan
nan,nan,nan,nan,nan,3.439803439803457066e-03,nan,nan,nan,nan,nan,nan,4.029484029484029645e-02,nan,nan,nan,nan,nan,nan,nan,nan,nan,nan,nan,nan,nan,nan,nan,nan,nan,nan,nan,nan,nan,2.113022113022113707e-02,nan,nan,nan,3.882063882063881838e-02,nan,nan,4.914004914004932098e-03,nan,nan,nan,nan,nan,4.766584766584767291e-02,nan,nan,5.700245700245700625e-02,nan,nan,5.601965601965604169e-02,nan,nan,2.309582309582309742e-02,nan,nan,nan,nan,nan,nan,1.425061425061422381e-02,nan
nan,nan,nan,nan,nan,0.000000000000000000e+00,nan,nan,nan,nan,nan,nan,-1.020408163265305000e-02,nan,nan,nan,nan,nan,nan,nan,nan,nan,nan,nan,nan,nan,nan,nan,nan,nan,nan,nan,nan,nan,-1.530612244897966477e-03,nan,nan,nan,8.673469387755084609e-03,nan,nan,-1.530612244897959842e-02,nan,nan,nan,nan,nan,nan,nan,nan,nan,nan,nan,1.530612244897944143e-03,nan,nan,-2.653061224489796505e-02,nan,nan,nan,-1.989795918367347552e-02,nan,1.326530612244898252e-02,-2.551020408163264669e-02,nan
nan,nan,nan,nan,nan,-1.176470588235296530e-02,nan,nan,-3.017902813299235681e-02,nan,nan,nan,-3.222506393861897245e-02,nan,nan,nan,nan,nan,nan,nan,nan,nan,nan,nan,nan,nan,nan,nan,nan,nan,nan,nan,nan,nan,-1.585677749360616534e-02,nan,nan,nan,-6.649616368286470451e-03,nan,nan,-4.092071611253245145e-03,nan,nan,nan,nan,nan,nan,nan,nan,nan,nan,nan,-1.023017902813339042e-03,nan,nan,-1.534526854219997504e-03,nan,nan,nan,nan,nan,1.125319693094626282e-02,-1.023017902813303480e-02,nan
nan,nan,nan,nan,nan,3.874092009685204015e-03,nan,nan,nan,nan,nan,nan,-4.842615012106587960e-04,nan,nan,nan,nan,nan,nan,nan,nan,nan,nan,nan,nan,nan,nan,nan,nan,nan,nan,nan,nan,nan,-4.842615012106810221e-04,nan,nan,nan,1.016949152542370206e-02,nan,nan,4.842615012106366240e-04,nan,nan,nan,nan,nan,nan,nan,nan,nan,nan,nan,-1.452784503631976334e-03,nan,nan,5.811138014527816864e-03,nan,nan,nan,-1.065375302663438238e-02,nan,2.905569007263886314e-03,-3.874092009685270368e-03,nan
nan,nan,nan,nan,nan,-3.389830508474611735e-03,nan,nan,nan,nan,nan,nan,6.779661016949089895e-03,nan,nan,nan,nan,nan,nan,nan,nan,nan,nan,nan,nan,nan,nan,nan,nan,nan,nan,nan,nan,nan,6.779661016949089895e-03,nan,nan,nan,9.685230024213042563e-03,nan,nan,5.811138014527816864e-03,nan,nan,nan,nan,nan,nan,nan,nan,nan,nan,nan,-2.905569007263952667e-03,nan,nan,-7.263922518159837867e-03,nan,nan,nan,-2.905569007263975219e-03,nan,1.549636803874088198e-02,-9.685230024213620443e-04,nan
nan,nan,nan,nan,nan,0.000000000000000000e+00,nan,nan,1.116504854368931612e-02,nan,nan,nan,nan,nan,nan,nan,nan,nan,nan,nan,nan,nan,nan,nan,nan,nan,nan,nan,nan,nan,nan,nan,nan,nan,5.339805825242715728e-03,nan,nan,nan,1.165048543689319906e-02,nan,nan,8.252427184466015059e-03,nan,nan,nan,nan,nan,nan,nan,nan,nan,nan,nan,3.398058252427183130e-03,nan,nan,-7.281553398058271745e-03,nan,nan,nan,-4.368932038834971547e-03,nan,1.601941747572814892e-02,-4.368932038834971547e-03,nan
nan,nan,nan,nan,nan,-3.465346534653468424e-03,nan,nan,nan,nan,nan,nan,-6.435643564356441360e-03,nan,nan,nan,nan,nan,nan,nan,nan,nan,nan,nan,nan,nan,nan,nan,nan,nan,nan,nan,nan,nan,5.940594059405945870e-03,nan,nan,nan,6.435643564356441360e-03,nan,nan,-5.445544554455450381e-03,nan,nan,nan,nan,nan,nan,nan,nan,nan,nan,nan,4.455445544554459403e-03,nan,nan,-1.435643564356436919e-02,nan,nan,nan,-5.940594059405945870e-03,nan,1.980198019801981957e-03,-1.089108910891090076e-02,nan
nan,nan,nan,nan,nan,1.392111368909509841e-03,nan,nan,nan,nan,nan,nan,2.320185614849190441e-03,nan,nan,nan,nan,nan,nan,nan,nan,nan,nan,nan,nan,nan,nan,nan,nan,nan,nan,nan,nan,nan,2.784222737819064351e-03,nan,nan,nan,1.067285382830624949e-02,nan,nan,9.744779582366613555e-03,nan,nan,nan,nan,nan,nan,nan,nan,nan,nan,nan,4.640371229698380881e-03,nan,nan,-1.160092807424593052e-02,nan,nan,nan,-8.352668213457082463e-03,nan,2.041763341067286477e-02,-1.670533642691414064e-02,nan
nan,nan,nan,nan,nan,-1.493975903614459463e-02,nan,nan,-1.493975903614459463e-02,nan,nan,nan,-2.216867469879522240e-02,nan,nan,nan,nan,nan,nan,nan,nan,nan,nan,nan,nan,nan,nan,nan,nan,nan,nan,nan,nan,nan,-1.590361445783132835e-02,nan,nan,nan,nan,nan,nan,-7.710843373493969470e-03,nan,nan,nan,nan,nan,nan,nan,nan,nan,nan,nan,-1.927710843373464612e-03,nan,nan,-4.819277108433883791e-04,nan,nan,nan,-5.301204819277094415e-03,nan,-6.265060240963848948e-03,1.445783132530120739e-03,nan
nan,nan,nan,nan,nan,-1.302325581395344899e-02,nan,nan,-1.116279069767438584e-02,nan,nan,nan,-2.325581395348832320e-02,nan,nan,nan,nan,nan,nan,nan,nan,nan,nan,nan,nan,nan,nan,nan,nan,nan,nan,nan,nan,nan,-6.046511627906947864e-03,nan,nan,nan,nan,nan,nan,1.395348837209309288e-03,nan,nan,nan,nan,nan,nan,nan,nan,-1.860465116279019782e-03,nan,nan,-4.651162790697327193e-04,nan,nan,-1.674418604651160131e-02,nan,nan,nan,nan,nan,9.302325581395543431e-04,-8.372093023255811062e-03,nan
nan,nan,nan,nan,nan,4.306220095693790925e-03,nan,nan,nan,nan,nan,nan,-4.784688995215002688e-04,nan,nan,nan,nan,nan,nan,nan,nan,nan,nan,nan,nan,nan,nan,nan,nan,nan,nan,nan,nan,nan,-9.569377990430227637e-04,nan,nan,nan,1.578947368421055458e-02,nan,nan,8.133971291866059355e-03,nan,nan,nan,nan,nan,nan,nan,nan,nan,nan,nan,9.569377990431115599e-04,nan,nan,2.870813397129223874e-03,nan,nan,nan,3.349282296650746369e-03,nan,7.655502392344515177e-03,-2.392344497607612475e-03,nan
nan,nan,nan,nan,nan,-1.895734597156351108e-03,nan,nan,nan,nan,nan,nan,-4.739336492890933172e-03,nan,nan,nan,nan,nan,nan,nan,nan,nan,nan,nan,nan,nan,nan,nan,nan,nan,nan,nan,nan,nan,6.635071090047461873e-03,nan,nan,nan,2.085308056872043833e-02,nan,nan,8.056872037914742171e-03,nan,nan,nan,nan,nan,nan,nan,nan,nan,nan,nan,6.161137440758324493e-03,nan,nan,-1.327014218009472425e-02,nan,nan,nan,-8.056872037914631149e-03,nan,1.042654028436023131e-02,-1.137440758293832913e-02,nan
nan,nan,nan,nan,nan,-1.658536585365855132e-02,nan,nan,-2.536585365853660790e-02,nan,nan,nan,-3.219512195121954079e-02,nan,nan,nan,nan,nan,nan,nan,nan,nan,nan,nan,nan,nan,nan,nan,nan,nan,nan,nan,nan,nan,-1.658536585365855132e-02,nan,-2.926829268292685526e-02,nan,nan,nan,nan,1.219512195121950048e-02,nan,nan,nan,nan,nan,nan,nan,nan,-6.341463414634151974e-03,nan,nan,-6.829268292682932895e-03,nan,nan,-1.365853658536586579e-02,nan,nan,nan,nan,nan,nan,-1.024390243902439934e-02,nan
nan,nan,nan,nan,nan,-6.746987951807259173e-03,nan,nan,nan,nan,nan,nan,-1.638554216867473684e-02,nan,nan,nan,nan,nan,nan,nan,nan,nan,nan,nan,nan,nan,nan,nan,nan,nan,nan,nan,nan,nan,-1.060240963855425475e-02,nan,nan,nan,4.337349397590339883e-03,nan,nan,1.445783132530098405e-03,nan,nan,nan,nan,nan,nan,nan,nan,nan,nan,nan,9.638554216867100798e-04,nan,nan,-1.783132530120483741e-02,nan,nan,nan,-2.506024096385541661e-02,nan,9.638554216867456850e-03,-2.265060240963856497e-02,nan
nan,nan,nan,nan,nan,-5.660377358490542229e-03,nan,nan,nan,nan,nan,nan,-6.132075471698095366e-03,nan,nan,nan,nan,nan,nan,nan,nan,nan,nan,nan,nan,nan,nan,nan,nan,nan,nan,nan,nan,nan,1.886792452830210378e-03,nan,nan,nan,8.490566037735880131e-03,nan,nan,8.962264150943432400e-03,nan,nan,nan,nan,nan,nan,nan,nan,nan,nan,nan,-9.433962264150896199e-03,nan,nan,-1.273584905660374300e-02,nan,nan,nan,-1.698113207547164924e-02,nan,5.660377358490587332e-03,-1.084905660377353219e-02,nan
nan,nan,nan,nan,nan,-1.743341404358349570e-02,nan,nan,nan,nan,nan,nan,1.937046004842635184e-03,nan,nan,nan,nan,nan,nan,nan,nan,nan,nan,nan,nan,nan,nan,nan,nan,nan,nan,nan,nan,nan,9.685230024213110217e-03,nan,nan,nan,1.791767554479422112e-02,nan,nan,-8.716707021791725296e-03,nan,nan,nan,nan,nan,nan,nan,nan,-2.421307506053271916e-03,nan,nan,-3.874092009685204015e-03,nan,nan,1.840193704600485633e-02,nan,nan,nan,nan,nan,-1.452784503631958726e-02,2.033898305084749086e-02,nan
nan,nan,nan,nan,nan,-4.866180048661861331e-03,nan,nan,nan,nan,nan,nan,-1.459854014598582772e-03,nan,nan,nan,nan,nan,nan,nan,nan,nan,nan,nan,nan,nan,nan,nan,nan,nan,nan,nan,nan,nan,-2.919708029197143426e-03,nan,nan,nan,9.732360097323589088e-03,nan,nan,3.406326034063233889e-03,nan,nan,nan,nan,nan,nan,nan,nan,nan,nan,nan,4.379562043795614742e-03,nan,nan,-1.654501216545021386e-02,nan,nan,nan,-1.508515815085167446e-02,nan,1.167883211678830656e-02,-1.557177615571785426e-02,nan
nan,nan,nan,nan,nan,7.476635514018692766e-03,nan,nan,nan,nan,nan,nan,nan,nan,nan,nan,nan,nan,nan,nan,nan,nan,nan,nan,nan,nan,nan,nan,nan,nan,nan,nan,nan,nan,4.205607476635520210e-03,nan,nan,nan,5.607476635514041692e-03,nan,nan,6.074766355140192968e-03,nan,nan,nan,nan,nan,nan,nan,nan,nan,7.943925233644889145e-03,nan,2.336448598130847019e-03,nan,nan,7.476635514018714450e-03,nan,nan,nan,4.205607476635541894e-03,nan,3.738317757009368501e-03,3.738317757009368501e-03,nan
nan,nan,nan,nan,nan,-2.857142857142891401e-03,nan,nan,nan,nan,nan,nan,7.619047619047592153e-03,nan,nan,nan,nan,nan,nan,nan,nan,nan,nan,nan,nan,nan,nan,nan,nan,nan,nan,nan,nan,nan,4.761904761904745095e-04,nan,nan,nan,7.142857142857140032e-03,nan,nan,-3.333333333333343522e-03,nan,nan,nan,nan,nan,nan,nan,nan,-3.809523809523796076e-03,nan,nan,-1.428571428571423583e-03,nan,nan,2.333333333333331705e-02,nan,nan,nan,nan,nan,8.095238095238066825e-03,1.809523809523803234e-02,nan
nan,nan,nan,nan,nan,-7.619047619047592153e-03,nan,nan,nan,nan,nan,nan,1.809523809523809826e-02,nan,nan,nan,nan,nan,nan,nan,nan,nan,nan,nan,nan,nan,nan,nan,nan,nan,nan,nan,nan,nan,2.047619047619047075e-02,nan,nan,nan,nan,nan,nan,0.000000000000000000e+00,nan,nan,nan,nan,nan,4.476190476190480133e-02,nan,nan,5.333333333333336451e-02,nan,nan,4.285714285714288529e-02,nan,nan,2.000000000000001776e-02,nan,nan,nan,nan,nan,2.476190476190476275e-02,1.380952380952384963e-02,nan
nan,nan,nan,nan,nan,-8.450704225352078866e-03,nan,nan,-1.690140845070418202e-02,nan,nan,nan,-1.737089201877930339e-02,nan,nan,nan,nan,nan,nan,nan,nan,nan,nan,nan,nan,nan,nan,nan,nan,nan,nan,nan,nan,nan,-6.103286384976503234e-03,nan,nan,nan,2.347417840375598617e-03,nan,nan,1.408450704225356828e-02,nan,nan,nan,nan,nan,nan,nan,nan,nan,nan,nan,-9.389671361502039282e-04,nan,nan,-5.633802816901356710e-03,nan,nan,nan,nan,nan,1.032863849765259731e-02,-5.633802816901378394e-03,nan
nan,nan,nan,nan,nan,-1.425178147268346641e-03,nan,nan,nan,nan,nan,nan,-6.175771971496368633e-03,nan,nan,nan,nan,nan,nan,nan,nan,nan,nan,nan,nan,nan,nan,nan,nan,nan,nan,nan,nan,nan,-1.140142517814719467e-02,nan,nan,nan,-1.900237529691151117e-03,nan,nan,1.900237529691262139e-03,nan,nan,nan,nan,nan,nan,nan,nan,nan,nan,nan,1.900237529691217687e-03,nan,nan,-1.520190023752965303e-02,nan,nan,nan,-2.232779097387169870e-02,nan,9.026128266033306077e-03,-2.090261282660328332e-02,nan
nan,nan,nan,nan,nan,-1.037735849056606839e-02,nan,nan,nan,nan,nan,nan,nan,nan,nan,nan,nan,nan,nan,nan,nan,nan,nan,nan,nan,nan,nan,nan,nan,nan,nan,nan,nan,nan,-4.440892098500626408e-17,nan,nan,nan,4.716981132075437691e-03,nan,nan,7.547169811320730490e-03,nan,nan,nan,nan,nan,nan,nan,nan,9.433962264150608451e-04,nan,nan,3.773584905660309734e-03,nan,nan,-2.122641509433966650e-02,nan,nan,nan,-1.556603773584912601e-02,nan,-1.084905660377364321e-02,-1.179245283018872693e-02,nan
nan,nan,nan,nan,nan,2.797202797202791129e-03,nan,nan,nan,nan,nan,nan,1.305361305361303279e-02,nan,nan,nan,nan,nan,nan,nan,nan,nan,nan,nan,nan,nan,nan,nan,nan,nan,nan,nan,nan,nan,-4.662004662004504249e-04,nan,nan,nan,8.857808857808869077e-03,nan,nan,2.564102564102566095e-02,nan,nan,nan,nan,nan,nan,nan,nan,-1.398601398601417899e-03,nan,nan,-4.662004662004725969e-04,nan,nan,2.703962703962703440e-02,nan,nan,nan,nan,nan,1.398601398601400161e-02,3.776223776223774919e-02,nan
nan,nan,nan,nan,nan,8.737864077669899726e-03,nan,nan,nan,nan,nan,nan,nan,nan,nan,nan,nan,nan,nan,nan,nan,nan,nan,nan,nan,nan,nan,nan,nan,nan,nan,nan,nan,nan,0.000000000000000000e+00,nan,nan,nan,1.116504854368931612e-02,nan,nan,2.427184466019416398e-03,nan,nan,nan,nan,nan,nan,nan,nan,nan,9.708737864077665158e-04,nan,5.339805825242715728e-03,nan,nan,-1.262135922330096492e-02,nan,nan,nan,-1.067961165048543146e-02,nan,7.766990291262132126e-03,-1.407766990291261545e-02,nan
nan,nan,nan,nan,nan,-2.933985330073341120e-03,nan,nan,nan,nan,nan,nan,-1.124694376528119141e-02,nan,nan,nan,nan,nan,nan,nan,nan,nan,nan,nan,nan,nan,nan,nan,nan,nan,nan,nan,nan,nan,9.779951100244766750e-04,nan,nan,nan,6.356968215158942045e-03,nan,nan,3.911980440097817362e-03,nan,nan,nan,nan,nan,nan,nan,nan,nan,nan,nan,9.779951100244543404e-04,nan,nan,-1.320293398533005716e-02,nan,nan,nan,-1.418092909535448830e-02,nan,8.801955990220067597e-03,-1.320293398533005716e-02,nan
nan,nan,nan,nan,nan,-9.268292682926837500e-03,nan,nan,nan,nan,nan,nan,4.878048780487809211e-04,nan,nan,nan,nan,nan,nan,nan,nan,nan,nan,nan,nan,nan,nan,nan,nan,nan,nan,nan,nan,nan,1.951219512195123684e-03,nan,nan,nan,1.463414634146342763e-03,nan,nan,1.268292682926830395e-02,nan,nan,nan,nan,nan,nan,nan,nan,nan,nan,nan,1.951219512195123684e-03,nan,nan,-1.268292682926830395e-02,nan,nan,nan,-1.463414634146342763e-02,nan,1.365853658536586579e-02,-1.170731707317074211e-02,nan
nan,nan,nan,nan,nan,-3.373493975903652138e-03,nan,nan,nan,nan,nan,nan,-5.301204819277138651e-03,nan,nan,nan,nan,nan,nan,nan,nan,nan,nan,nan,nan,nan,nan,nan,nan,nan,nan,nan,nan,nan,-2.409638554216919724e-03,nan,nan,nan,6.746987951807170703e-03,nan,nan,1.445783132530116186e-02,nan,nan,nan,nan,nan,nan,nan,nan,nan,nan,nan,2.891566265060196809e-03,nan,nan,-1.253012048192774300e-02,nan,nan,nan,-1.060240963855425475e-02,nan,1.542168674698791639e-02,-1.686746987951812798e-02,nan
nan,nan,nan,nan,nan,-5.076142131979666412e-03,nan,nan,-1.167512690355330084e-02,nan,nan,nan,-1.675126903553301322e-02,nan,nan,nan,nan,nan,nan,nan,nan,nan,nan,nan,nan,nan,nan,nan,nan,nan,nan,nan,nan,nan,-1.319796954314722548e-02,nan,nan,nan,6.598984771573590188e-03,nan,nan,1.522842639593908684e-02,nan,nan,nan,nan,nan,nan,nan,nan,nan,nan,nan,2.538071065989844048e-03,nan,nan,4.568527918781728828e-03,nan,nan,nan,nan,nan,1.472081218274110502e-02,6.091370558375630920e-03,nan
nan,nan,nan,nan,nan,-3.669724770642157803e-03,nan,nan,nan,nan,nan,nan,-1.238532110091739025e-02,nan,nan,nan,nan,nan,nan,nan,nan,nan,nan,nan,nan,nan,nan,nan,nan,nan,nan,nan,nan,nan,6.422018348623903874e-03,nan,nan,nan,6.422018348623903874e-03,nan,nan,-6.880733944954075913e-03,nan,nan,nan,nan,nan,nan,nan,nan,nan,nan,nan,1.834862385321134413e-03,nan,nan,-1.284403669724767418e-02,nan,nan,nan,-1.238532110091736770e-02,nan,1.238532110091750127e-02,-1.146788990825682239e-02,nan
nan,nan,nan,nan,nan,7.177033492822904211e-03,nan,nan,nan,nan,nan,nan,nan,nan,nan,nan,nan,nan,nan,nan,nan,nan,nan,nan,nan,nan,nan,nan,nan,nan,nan,nan,nan,nan,1.196172248803823931e-02,nan,nan,nan,-6.661338147750938996e-17,nan,nan,1.387559808612439695e-02,nan,nan,nan,nan,nan,nan,nan,nan,nan,1.196172248803823931e-02,nan,3.827751196172202077e-03,nan,nan,-2.870813397129223874e-03,nan,nan,nan,-1.244019138755985202e-02,nan,2.057416267942580035e-02,-7.655502392344515177e-03,nan
nan,nan,nan,nan,nan,3.855421686746973893e-03,nan,nan,nan,nan,nan,nan,4.819277108433661530e-04,nan,nan,nan,nan,nan,nan,nan,nan,nan,nan,nan,nan,nan,nan,nan,nan,nan,nan,nan,nan,nan,9.156626506024089993e-03,nan,nan,nan,1.253012048192769790e-02,nan,nan,-1.445783132530098405e-03,nan,nan,nan,nan,nan,nan,nan,nan,nan,nan,nan,-3.373493975903629587e-03,nan,nan,-4.337349397590362435e-03,nan,nan,nan,-8.192771084337335460e-03,nan,2.265060240963856497e-02,-6.265060240963871499e-03,nan
nan,nan,nan,nan,nan,4.878048780487809211e-04,nan,nan,nan,nan,nan,nan,nan,nan,nan,nan,nan,nan,nan,nan,nan,nan,nan,nan,nan,nan,nan,nan,nan,nan,nan,nan,nan,nan,1.658536585365853050e-02,nan,nan,nan,-1.024390243902439934e-02,nan,nan,-5.853658536585371053e-03,nan,nan,-5.853658536585371053e-03,nan,nan,nan,nan,nan,nan,nan,nan,2.439024390243904605e-03,nan,nan,-6.341463414634174525e-03,nan,nan,nan,6.829268292682888659e-03,nan,-1.268292682926830395e-02,-1.463414634146345018e-02,nan
nan,nan,nan,nan,nan,2.891566265060196809e-03,nan,nan,nan,nan,nan,nan,-5.301204819277116967e-03,nan,nan,nan,nan,nan,nan,nan,nan,nan,nan,nan,nan,nan,nan,nan,nan,nan,nan,nan,nan,nan,3.855421686746973893e-03,nan,nan,nan,6.746987951807170703e-03,nan,nan,1.349397590361440732e-02,nan,nan,nan,nan,nan,nan,nan,nan,nan,nan,nan,-4.819277108433883791e-04,nan,nan,-1.012048192771086708e-02,nan,nan,nan,-1.156626506024096591e-02,nan,1.445783132530116186e-02,-7.710843373494013706e-03,nan
nan,nan,nan,nan,nan,-7.888631090487253222e-03,nan,nan,nan,nan,nan,nan,-2.645011600928073164e-02,nan,nan,nan,nan,nan,nan,nan,nan,nan,nan,nan,nan,nan,nan,nan,nan,nan,nan,nan,nan,nan,-2.041763341067286477e-02,nan,nan,nan,-8.352668213457103280e-03,nan,nan,-5.104408352668232673e-03,nan,nan,nan,nan,nan,nan,nan,nan,1.392111368909487723e-03,nan,nan,9.280742459396584820e-04,nan,nan,-1.670533642691418574e-02,nan,nan,nan,nan,nan,-1.763341067285382341e-02,-1.670533642691414064e-02,nan
nan,nan,nan,nan,nan,-7.940446650124100697e-03,nan,nan,nan,nan,nan,nan,-8.933002481389595503e-03,nan,nan,nan,nan,nan,nan,nan,nan,nan,nan,nan,nan,nan,nan,nan,nan,nan,nan,nan,nan,nan,-4.962779156327546022e-03,nan,nan,nan,6.947890818858515685e-03,nan,nan,1.439205955334983342e-02,nan,nan,nan,nan,nan,nan,nan,nan,nan,nan,nan,3.473945409429268685e-03,nan,nan,-1.339950372208440453e-02,nan,nan,nan,-1.339950372208440453e-02,nan,1.736972704714634386e-02,-1.290322580645164585e-02,nan
nan,nan,nan,nan,nan,-1.306532663316579621e-02,nan,nan,nan,nan,nan,nan,-1.407035175879396346e-02,nan,nan,nan,nan,nan,nan,nan,nan,nan,nan,nan,nan,nan,nan,nan,nan,nan,nan,nan,nan,nan,-3.517587939698452269e-03,nan,nan,nan,nan,nan,nan,5.025125628140836298e-04,nan,nan,nan,nan,nan,nan,nan,nan,nan,-2.261306532663314231e-02,nan,-1.005025125628122807e-03,nan,nan,-1.608040201005021125e-02,nan,nan,nan,-2.412060301507534810e-02,nan,4.522613065326664197e-03,-2.763819095477384330e-02,nan
nan,nan,nan,nan,nan,-1.065375302663435983e-02,nan,nan,nan,nan,nan,nan,nan,nan,nan,nan,nan,nan,nan,nan,nan,nan,nan,nan,nan,nan,nan,nan,nan,nan,nan,nan,nan,nan,-9.200968523002384797e-03,nan,nan,nan,2.421307506053316152e-03,nan,nan,1.937046004842657519e-03,nan,nan,-1.937046004842590732e-03,nan,nan,nan,nan,nan,nan,nan,nan,2.905569007263952667e-03,nan,nan,-3.099273607748180906e-02,nan,nan,nan,-3.341404358353505799e-02,nan,1.016949152542379053e-02,-3.196125907990310377e-02,nan
nan,nan,nan,nan,nan,-2.211981566820280312e-02,nan,nan,nan,nan,nan,nan,-2.165898617511525723e-02,nan,nan,nan,nan,nan,nan,nan,nan,nan,nan,nan,nan,nan,nan,nan,nan,nan,nan,nan,nan,nan,-3.456221198156685798e-02,nan,nan,nan,nan,nan,nan,-4.101382488479266009e-02,nan,nan,nan,nan,nan,-2.304147465437791226e-02,nan,nan,-3.686635944700466898e-03,nan,nan,-2.764976958525378146e-03,nan,nan,-7.373271889400956347e-03,nan,nan,nan,nan,nan,-2.304147465437811435e-03,-7.834101382488500506e-03,nan
nan,nan,nan,nan,nan,-9.615384615384581224e-03,nan,nan,nan,nan,nan,nan,-1.778846153846149608e-02,nan,nan,nan,nan,nan,nan,nan,nan,nan,nan,nan,nan,nan,nan,nan,nan,nan,nan,nan,nan,nan,-2.163461538461532857e-02,nan,nan,nan,-1.442307692307665066e-03,nan,nan,-4.326923076923038999e-03,nan,nan,nan,nan,nan,nan,nan,nan,4.807692307692290612e-04,nan,nan,9.615384615384581224e-04,nan,nan,-1.249999999999995559e-02,nan,nan,nan,nan,nan,-1.346153846153841371e-02,-8.653846153846123102e-03,nan
nan,nan,nan,nan,nan,-5.176470588235337900e-03,nan,nan,-1.600000000000003503e-02,nan,nan,nan,-2.023529411764712904e-02,nan,nan,nan,nan,nan,nan,nan,nan,nan,nan,nan,nan,nan,nan,nan,nan,nan,nan,nan,nan,nan,-3.294117647058869645e-03,nan,nan,nan,nan,nan,nan,1.788235294117641525e-02,nan,nan,nan,nan,nan,nan,nan,nan,nan,nan,nan,-1.035294117647063070e-02,nan,nan,-9.411764705882407628e-03,nan,nan,nan,-1.317647058823534501e-02,nan,1.505882352941170267e-02,-1.552941176470594778e-02,nan
nan,nan,nan,nan,nan,-3.720930232558172703e-03,nan,nan,nan,nan,nan,nan,4.186046511627861295e-03,nan,nan,nan,nan,nan,nan,nan,nan,nan,nan,nan,nan,nan,nan,nan,nan,nan,nan,nan,nan,nan,9.302325581395098908e-04,nan,nan,nan,1.534883720930229137e-02,nan,nan,1.813953488372090778e-02,nan,nan,nan,nan,nan,nan,nan,nan,nan,nan,nan,-4.440892098500626408e-17,nan,nan,-1.116279069767445176e-02,nan,nan,nan,-1.116279069767445176e-02,nan,1.953488372093019690e-02,-1.116279069767445176e-02,nan
nan,nan,nan,nan,nan,-1.706161137440751624e-02,nan,nan,-2.748815165876776836e-02,nan,nan,nan,4.440892098500626408e-17,nan,nan,nan,nan,nan,nan,nan,nan,nan,nan,nan,nan,nan,nan,nan,nan,nan,nan,nan,nan,nan,-4.739336492890933064e-04,nan,nan,nan,nan,nan,nan,-5.213270142180093103e-03,nan,nan,nan,nan,nan,nan,nan,nan,-5.687203791469164563e-03,nan,nan,-9.004739336492883356e-03,nan,nan,-3.791469194312768569e-03,nan,nan,nan,nan,nan,1.232227488151658133e-02,-1.658767772511844305e-02,nan
nan,nan,nan,nan,nan,-1.279620853080565279e-02,nan,nan,nan,nan,nan,nan,2.748815165876778918e-02,nan,nan,nan,nan,nan,nan,nan,nan,nan,nan,nan,nan,nan,nan,nan,nan,nan,nan,nan,nan,nan,1.090047393364932359e-02,nan,nan,nan,6.635071090047395086e-03,nan,nan,2.369668246445488704e-03,nan,nan,nan,nan,nan,nan,nan,nan,-1.421800947867279865e-03,nan,nan,-4.265402843601861713e-03,nan,nan,9.478672985782043287e-03,nan,nan,nan,nan,nan,3.364928909952609459e-02,1.090047393364932359e-02,nan
nan,nan,nan,nan,nan,-9.975062344139030025e-04,nan,nan,nan,nan,nan,nan,3.441396508728185311e-02,nan,nan,nan,nan,nan,nan,nan,nan,nan,nan,nan,nan,nan,nan,nan,nan,nan,nan,nan,nan,nan,3.541147132169579492e-02,nan,nan,nan,nan,nan,nan,2.543640897755612348e-02,nan,nan,nan,nan,nan,nan,nan,nan,2.220446049250313204e-17,nan,nan,-2.992518703241841931e-03,nan,nan,-1.246882793017451904e-02,nan,nan,nan,1.895261845386535596e-02,nan,1.396508728179555146e-02,1.246882793017463006e-02,nan
nan,nan,nan,nan,nan,-9.389671361501817021e-04,nan,nan,nan,nan,nan,nan,-2.347417840375553948e-03,nan,nan,nan,nan,nan,nan,nan,nan,nan,nan,nan,nan,nan,nan,nan,nan,nan,nan,nan,nan,nan,1.877934272300496544e-03,nan,nan,nan,1.079812206572772215e-02,nan,nan,-1.877934272300407856e-03,nan,nan,nan,nan,nan,nan,nan,nan,nan,nan,nan,2.347417840375620735e-03,nan,nan,-1.549295774647883005e-02,nan,nan,nan,-1.549295774647887515e-02,nan,8.920187793427247075e-03,-1.126760563380277934e-02,nan
nan,nan,nan,nan,nan,-2.877697841726600987e-03,nan,nan,-3.069544364508389883e-02,nan,nan,nan,-3.021582733812946259e-02,nan,nan,nan,nan,nan,nan,nan,nan,nan,nan,nan,nan,nan,nan,nan,nan,nan,nan,nan,nan,nan,-5.275779376498768332e-03,nan,nan,nan,nan,nan,nan,-2.350119904076735169e-02,nan,nan,nan,nan,nan,nan,nan,nan,nan,nan,nan,-1.342925659472420444e-02,nan,nan,-2.494004796163065002e-02,nan,nan,nan,-2.829736211031173149e-02,nan,1.342925659472424781e-02,-2.733812949640284165e-02,nan
nan,nan,nan,nan,nan,2.216867469879517730e-02,nan,nan,nan,nan,nan,nan,7.228915662650603480e-03,nan,nan,nan,nan,nan,nan,nan,nan,nan,nan,nan,nan,nan,nan,nan,nan,nan,nan,nan,nan,nan,-6.746987951807214938e-03,nan,nan,nan,1.542168674698796149e-02,nan,nan,1.253012048192772045e-02,nan,nan,nan,nan,nan,nan,nan,nan,-1.927710843373464612e-03,nan,nan,-2.409638554216830819e-03,nan,nan,1.590361445783130406e-02,nan,nan,nan,nan,nan,8.192771084337358012e-03,2.554216867469880775e-02,nan
nan,nan,nan,nan,nan,-1.845386533665836076e-02,nan,nan,-1.945137157107230605e-02,nan,nan,nan,-1.795511221945134128e-02,nan,nan,nan,nan,nan,nan,nan,nan,nan,nan,nan,nan,nan,nan,nan,nan,nan,nan,nan,nan,nan,-1.097256857855359938e-02,nan,nan,nan,6.982543640897764456e-03,nan,nan,1.396508728179552891e-02,nan,nan,nan,nan,nan,nan,nan,nan,nan,nan,nan,3.491271820448904779e-03,nan,nan,-7.980049875311690660e-03,nan,nan,nan,nan,nan,1.496259351620949848e-02,9.975062344139916902e-04,nan
nan,nan,nan,nan,nan,-9.669211195928761535e-03,nan,nan,nan,nan,nan,nan,-1.272264631043258307e-02,nan,nan,nan,nan,nan,nan,nan,nan,nan,nan,nan,nan,nan,nan,nan,nan,nan,nan,nan,nan,nan,-1.882951653944022613e-02,nan,nan,nan,1.221374045801526531e-02,nan,nan,3.053435114503777296e-03,nan,nan,nan,nan,nan,nan,nan,nan,5.089058524172962884e-04,nan,nan,1.017811704834592577e-03,nan,nan,-6.106870229007621380e-03,nan,nan,nan,nan,nan,9.160305343511421228e-03,-1.170483460559799092e-02,nan
nan,nan,nan,nan,nan,5.000000000000337291e-04,nan,nan,nan,nan,nan,nan,nan,nan,nan,nan,nan,nan,nan,nan,nan,nan,nan,nan,nan,nan,nan,nan,nan,nan,nan,nan,nan,nan,2.000000000000023894e-03,nan,nan,nan,1.350000000000004495e-02,nan,nan,1.200000000000005576e-02,nan,nan,nan,nan,nan,nan,nan,nan,nan,5.000000000000026992e-03,nan,3.500000000000036502e-03,nan,nan,-1.449999999999995737e-02,nan,nan,nan,-1.249999999999995559e-02,nan,2.600000000000004391e-02,-1.499999999999992485e-02,nan
nan,nan,nan,nan,nan,-2.369668246445488704e-03,nan,nan,nan,nan,nan,9.478672985781866128e-04,nan,nan,nan,nan,nan,nan,nan,nan,nan,nan,nan,nan,nan,nan,nan,nan,nan,nan,nan,nan,nan,nan,-1.611374407582934903e-02,nan,nan,nan,-1.895734597156417678e-03,nan,nan,2.369668246445510822e-03,nan,nan,nan,nan,nan,nan,nan,nan,nan,nan,nan,4.739336492890933064e-04,nan,nan,-2.369668246445495383e-02,nan,nan,nan,-2.464454976303316266e-02,nan,-9.478672985781866128e-04,-2.701421800947865354e-02,nan
