nan,nan,nan,nan,nan,nan,nan,nan,nan,nan,nan,-3.532934131736522460e-02,nan,nan,nan,nan,nan,nan,nan,nan,nan,nan,nan,nan,nan,nan,nan,nan,nan,nan,nan,nan,nan,nan,nan,nan,nan,-3.383233532934128845e-02,-4.281437125748499550e-02,nan,nan,-1.197604790419137810e-03,nan,nan,-1.017964071856285527e-02,nan,-6.167664670658680459e-02,-1.526946107784430372e-02,nan,nan,nan,-6.347305389221555294e-02,nan,nan,nan,nan,nan,nan,nan,nan,nan,nan,-3.922155688622752656e-02,nan,-4.071856287425150434e-02
nan,nan,nan,nan,nan,nan,nan,nan,nan,nan,nan,-3.471810089020772871e-02,nan,nan,nan,nan,nan,nan,nan,nan,nan,nan,nan,nan,nan,nan,nan,nan,nan,-5.252225519287834210e-02,nan,nan,nan,nan,nan,nan,nan,2.047477744807119082e-02,5.430267062314537985e-02,nan,nan,8.902077151335064048e-04,nan,nan,-4.658753709198813070e-02,nan,nan,nan,nan,nan,nan,-1.246290801186946719e-02,nan,nan,nan,nan,nan,nan,nan,-6.735905044510390183e-02,nan,nan,-1.186943620178042627e-02,nan,1.483679525222525528e-03
nan,nan,nan,nan,nan,nan,nan,nan,nan,nan,nan,-1.230769230769230838e-01,nan,nan,nan,nan,nan,nan,nan,nan,nan,nan,nan,nan,nan,nan,nan,nan,nan,nan,nan,nan,nan,nan,nan,nan,nan,-1.209230769230769109e-01,-1.178461538461538505e-01,nan,nan,-7.630769230769231248e-02,nan,-1.298461538461538611e-01,-1.252307692307692566e-01,nan,nan,-3.261538461538461553e-02,nan,nan,nan,nan,nan,nan,nan,nan,nan,nan,nan,-8.584615384615383593e-02,nan,nan,-1.316923076923076918e-01,nan,-1.443076923076923035e-01
nan,nan,nan,nan,nan,nan,nan,nan,nan,nan,nan,-2.762762762762764959e-02,nan,nan,nan,nan,nan,nan,nan,nan,nan,nan,nan,nan,nan,nan,nan,nan,nan,nan,nan,nan,nan,nan,nan,nan,nan,-4.414414414414415816e-02,-7.627627627627629747e-02,nan,nan,-8.558558558558561347e-02,nan,-8.918918918918924965e-02,-8.108108108108111334e-02,nan,nan,-3.603603603603603572e-02,nan,nan,nan,nan,nan,nan,nan,nan,nan,nan,nan,-8.408408408408410417e-02,nan,nan,-1.279279279279278980e-01,nan,-8.768768768768769872e-02
nan,nan,nan,nan,nan,nan,nan,nan,nan,nan,nan,-3.982169390787515528e-02,nan,nan,nan,nan,nan,nan,nan,nan,nan,nan,nan,nan,nan,nan,nan,nan,nan,nan,nan,nan,nan,nan,nan,nan,nan,-4.368499257057945062e-02,-5.586924219910842371e-02,nan,nan,-6.805349182763739679e-02,nan,-2.050520059435363349e-02,-3.447251114413074635e-02,nan,nan,-3.595839524517083913e-02,nan,nan,nan,nan,nan,nan,nan,nan,nan,nan,nan,-2.199108469539372626e-02,nan,nan,-3.625557206537886185e-02,nan,-1.783060921248125251e-03
nan,nan,nan,nan,nan,nan,nan,nan,nan,nan,nan,7.151335311572706854e-02,nan,nan,nan,nan,nan,nan,nan,nan,nan,nan,nan,nan,nan,nan,nan,nan,nan,nan,nan,nan,nan,nan,nan,nan,nan,1.000000000000000194e-01,3.620178041543031799e-02,nan,nan,5.222551928783387976e-02,nan,5.430267062314544230e-02,1.005934718100890829e-01,nan,nan,nan,nan,nan,nan,6.884272997032644947e-02,nan,nan,nan,nan,nan,nan,nan,6.231454005934720236e-02,nan,nan,4.925816023738875671e-02,nan,6.112759643916918645e-02
nan,nan,nan,nan,nan,nan,nan,nan,nan,nan,nan,6.666666666666661023e-02,nan,nan,nan,nan,nan,nan,nan,nan,nan,nan,nan,nan,nan,nan,nan,nan,nan,nan,nan,nan,nan,nan,nan,nan,nan,8.878787878787877674e-02,8.272727272727267711e-02,nan,nan,1.393939393939393756e-01,nan,nan,5.606060606060601220e-02,nan,nan,8.939393939393935895e-02,nan,nan,nan,9.909090909090906285e-02,nan,nan,nan,nan,nan,nan,nan,1.045454545454544970e-01,nan,nan,6.757575757575751130e-02,nan,1.024242424242423899e-01
nan,nan,nan,nan,nan,nan,nan,nan,nan,nan,nan,4.254062038404726742e-02,nan,nan,nan,nan,nan,nan,nan,nan,nan,nan,nan,nan,nan,nan,nan,nan,nan,nan,nan,nan,nan,nan,nan,nan,nan,5.612998522895126102e-02,4.579025110782868058e-02,nan,nan,9.926144756277695269e-02,nan,nan,1.456425406203840367e-01,nan,nan,4.135893648449038423e-02,nan,nan,nan,1.234859675036927562e-01,nan,nan,nan,nan,nan,nan,nan,8.596750369276216774e-02,nan,nan,8.567208271787296603e-02,nan,9.305760709010339748e-02
nan,nan,nan,nan,nan,nan,nan,nan,nan,nan,nan,1.237113402061855716e-01,nan,nan,nan,nan,nan,nan,nan,nan,nan,nan,nan,nan,nan,nan,nan,nan,nan,1.187039764359352212e-01,nan,nan,nan,nan,nan,nan,nan,1.184094256259205225e-01,9.896907216494846282e-02,nan,nan,8.777614138438885605e-02,nan,1.319587628865979689e-01,1.010309278350515899e-01,nan,nan,nan,nan,nan,nan,nan,nan,nan,nan,nan,nan,nan,nan,4.506627393225335482e-02,nan,nan,9.513991163475701840e-02,nan,3.652430044182625180e-02
nan,nan,nan,nan,nan,nan,nan,nan,nan,nan,nan,7.488855869242197483e-02,nan,nan,nan,nan,nan,nan,nan,nan,nan,nan,nan,nan,nan,nan,nan,nan,nan,3.982169390787519692e-02,nan,nan,nan,nan,nan,nan,nan,6.092124814264487931e-02,1.040118870728086106e-02,nan,nan,4.517087667161965442e-02,nan,nan,5.646359583952475884e-03,nan,nan,1.129271916790490840e-02,nan,nan,nan,nan,nan,nan,nan,nan,nan,nan,nan,5.497771173848439025e-02,nan,nan,6.359583952451708377e-02,nan,7.340267459138186124e-02
nan,nan,nan,nan,nan,nan,nan,nan,nan,nan,nan,-4.401197604790420964e-02,nan,nan,nan,nan,nan,nan,nan,nan,nan,nan,nan,nan,nan,nan,nan,nan,nan,nan,nan,nan,nan,nan,nan,nan,nan,-1.646706586826351959e-02,-1.125748502994012024e-01,nan,nan,-8.023952095808387086e-02,nan,-5.119760479041921691e-02,-7.395209580838327246e-02,nan,nan,nan,nan,nan,nan,-4.610778443113774244e-02,nan,nan,nan,nan,nan,nan,nan,-2.455089820359286287e-02,nan,nan,4.700598802395206111e-02,nan,-4.491017964071863933e-03
nan,nan,nan,nan,nan,nan,nan,nan,nan,nan,nan,2.402315484804634638e-02,nan,nan,nan,nan,nan,nan,nan,nan,nan,nan,nan,nan,nan,nan,nan,nan,nan,nan,nan,nan,nan,nan,nan,nan,nan,4.862518089725037518e-02,2.220446049250313204e-17,nan,nan,5.441389290882783086e-02,nan,nan,1.736613603473229420e-02,nan,3.068017366136037774e-02,3.994211287988427145e-02,nan,nan,nan,nan,nan,nan,nan,nan,nan,nan,nan,3.820549927641099519e-02,nan,nan,7.785817655571636298e-02,nan,6.975397973950799024e-02
nan,nan,nan,nan,nan,nan,nan,nan,nan,nan,nan,1.639824304538799529e-02,nan,nan,nan,nan,nan,nan,nan,nan,nan,nan,nan,nan,nan,nan,nan,nan,nan,nan,nan,nan,nan,nan,nan,nan,nan,9.311859443631037569e-02,7.525622254758417007e-02,nan,nan,2.693997071742311109e-02,nan,nan,1.332357247437774284e-01,nan,nan,1.874084919472913599e-02,nan,nan,nan,8.111273792093701140e-02,nan,nan,nan,nan,nan,nan,nan,2.840409956076135264e-02,nan,nan,2.606149341142018766e-02,nan,4.040995607613471347e-02
nan,nan,nan,nan,nan,nan,nan,nan,nan,nan,nan,-5.144508670520229338e-02,nan,nan,nan,nan,nan,nan,nan,nan,nan,nan,nan,nan,nan,nan,nan,nan,nan,nan,nan,nan,nan,nan,nan,nan,nan,-5.982658959537571347e-02,4.335260115606942924e-03,6.358381502890186714e-03,nan,-3.005780346820809829e-02,nan,-6.618497109826586289e-02,1.242774566473991982e-02,nan,nan,nan,nan,nan,nan,nan,nan,nan,nan,nan,nan,nan,nan,-5.549132947976880004e-02,nan,nan,-4.046242774566470579e-02,nan,-4.335260115606933556e-02
nan,nan,nan,nan,nan,nan,nan,nan,nan,nan,nan,5.911179173047474700e-02,nan,nan,nan,nan,nan,nan,nan,nan,nan,nan,nan,nan,nan,nan,nan,nan,nan,nan,nan,nan,nan,nan,nan,nan,nan,1.191424196018376624e-01,2.664624808575806122e-02,nan,nan,5.390505359877491298e-02,nan,7.932618683001532722e-02,5.941807044410415267e-02,nan,nan,2.542113323124044547e-02,nan,nan,nan,nan,nan,nan,nan,nan,nan,nan,nan,8.300153139356819532e-02,nan,nan,9.280245022970903812e-02,nan,7.534456355283310203e-02
nan,nan,nan,nan,nan,nan,nan,nan,nan,nan,nan,7.432024169184288376e-02,nan,nan,nan,nan,nan,nan,nan,nan,nan,nan,nan,nan,nan,nan,nan,nan,nan,nan,nan,nan,nan,nan,nan,nan,nan,4.561933534743198987e-02,3.927492447129905806e-02,nan,nan,5.498489425981867296e-02,nan,3.383685800604226135e-02,8.036253776435042795e-02,nan,nan,nan,nan,nan,nan,4.350453172205435287e-02,nan,nan,nan,nan,nan,nan,nan,6.042296072507546967e-02,nan,nan,4.712990936555890020e-02,nan,5.105740181268878658e-02
nan,nan,nan,nan,nan,nan,nan,nan,nan,nan,nan,-6.696428571428575394e-02,nan,nan,nan,nan,nan,nan,nan,nan,nan,nan,nan,nan,nan,nan,nan,nan,nan,nan,nan,nan,nan,nan,nan,nan,nan,2.380952380952377004e-02,2.083333333333314656e-03,-1.517857142857144057e-02,nan,-1.250000000000002151e-02,nan,nan,-4.345238095238098536e-02,nan,nan,5.952380952380931234e-04,nan,nan,nan,nan,nan,nan,nan,nan,nan,nan,nan,-6.160714285714288113e-02,nan,nan,-2.410714285714288252e-02,nan,-5.119047619047620984e-02
nan,nan,nan,nan,nan,nan,nan,nan,nan,nan,nan,2.092675635276537369e-02,nan,nan,nan,nan,nan,nan,nan,nan,nan,nan,nan,nan,nan,nan,nan,nan,nan,nan,nan,nan,nan,nan,nan,nan,nan,4.783258594917838384e-03,5.381165919282571326e-03,nan,nan,3.647234678624818732e-02,nan,3.826606875934235319e-02,-3.258594917787738243e-02,nan,nan,nan,nan,nan,nan,2.720478325859498892e-02,nan,nan,nan,nan,nan,nan,nan,3.677130044843055640e-02,nan,nan,5.052316890881917988e-02,nan,2.690582959641259903e-02
nan,nan,nan,nan,nan,nan,nan,nan,nan,nan,nan,8.652694610778444151e-02,nan,nan,nan,nan,nan,nan,nan,nan,nan,nan,nan,nan,nan,nan,nan,nan,nan,nan,nan,nan,nan,nan,nan,nan,nan,-1.167664670658681222e-02,3.263473053892217146e-02,nan,nan,3.622754491017965428e-02,nan,1.497005988023949498e-02,8.862275449101796043e-02,nan,8.922155688622754321e-02,5.329341317365270114e-02,nan,nan,nan,nan,nan,nan,nan,nan,nan,nan,nan,3.742514970059880597e-02,nan,nan,6.976047904191615134e-02,nan,nan
nan,nan,nan,nan,nan,nan,nan,nan,nan,nan,nan,-9.911764705882353255e-02,nan,nan,nan,nan,nan,nan,nan,nan,nan,nan,nan,nan,nan,nan,nan,nan,nan,nan,nan,nan,nan,nan,nan,nan,nan,-1.473529411764705754e-01,-1.185294117647058831e-01,nan,nan,-1.541176470588235259e-01,nan,nan,-8.852941176470589812e-02,nan,nan,-1.002941176470588391e-01,nan,nan,nan,-9.617647058823527995e-02,nan,nan,nan,nan,nan,nan,nan,-1.291176470588235592e-01,nan,nan,-1.035294117647059114e-01,nan,-1.076470588235294290e-01
nan,nan,nan,nan,nan,nan,nan,nan,nan,nan,nan,-1.492537313432884625e-03,nan,nan,nan,nan,nan,nan,nan,nan,nan,nan,nan,nan,nan,nan,nan,nan,nan,nan,nan,nan,nan,nan,nan,nan,nan,3.074626865671636899e-02,4.835820895522383728e-02,nan,nan,-3.582089552238864986e-03,nan,nan,-1.492537313432884625e-03,nan,nan,-1.194029850746274393e-02,nan,nan,nan,2.835820895522382992e-02,nan,nan,nan,nan,nan,nan,nan,1.552238805970144152e-02,nan,nan,-4.477611940298542419e-03,nan,4.567164179104474947e-02
nan,nan,nan,nan,nan,nan,nan,nan,nan,nan,nan,5.501519756838910841e-02,nan,nan,nan,nan,nan,nan,nan,nan,nan,nan,nan,nan,nan,nan,nan,nan,nan,nan,nan,nan,nan,nan,nan,nan,nan,5.106382978723410238e-02,4.346504559270521206e-02,nan,nan,2.036474164133741244e-02,nan,9.118541033435012110e-04,5.805471124620065204e-02,3.586626139817631481e-02,nan,6.686930091185472151e-03,nan,nan,nan,nan,nan,nan,nan,nan,nan,nan,nan,5.227963525835870040e-02,nan,nan,-2.188449848024313221e-02,nan,nan
nan,nan,nan,nan,nan,nan,nan,nan,nan,nan,nan,2.570162481536186760e-02,nan,nan,nan,nan,nan,nan,nan,nan,nan,nan,nan,nan,nan,nan,nan,nan,nan,nan,nan,nan,nan,nan,nan,nan,nan,8.419497784342683255e-02,6.144756277695713476e-02,nan,nan,3.840472673559780590e-03,nan,nan,6.499261447562743044e-03,nan,nan,1.033973412112254575e-02,nan,nan,nan,6.883308714918753846e-02,nan,nan,nan,nan,nan,nan,nan,3.751846381093051214e-02,nan,nan,4.372230428360406040e-02,nan,4.047267355982271664e-02
nan,nan,nan,nan,nan,nan,nan,nan,nan,nan,nan,1.603498542274052197e-01,nan,nan,nan,nan,nan,nan,nan,nan,nan,nan,nan,nan,nan,nan,nan,nan,nan,nan,nan,nan,nan,nan,nan,nan,nan,1.020408163265305729e-01,5.043731778425653012e-02,nan,nan,9.358600583090373459e-02,nan,nan,3.965014577259471512e-02,nan,nan,8.454810495626818856e-02,nan,nan,nan,1.271137026239066992e-01,nan,nan,nan,nan,nan,nan,nan,5.072886297376089093e-02,nan,nan,7.696793002915444659e-02,nan,7.405247813411075519e-02
nan,nan,nan,nan,nan,nan,nan,nan,nan,nan,nan,8.928571428571729701e-04,nan,nan,nan,nan,nan,nan,nan,nan,nan,nan,nan,nan,nan,nan,nan,nan,nan,nan,nan,nan,nan,nan,nan,nan,nan,-3.005952380952374783e-02,6.517857142857146069e-02,nan,nan,-4.374999999999993477e-02,nan,nan,-3.898809523809521060e-02,nan,2.529761904761910346e-02,-2.291666666666663035e-02,nan,nan,nan,nan,nan,nan,nan,nan,nan,nan,nan,-1.785714285714281452e-02,nan,nan,-2.738095238095237388e-02,nan,-5.803571428571425994e-02
nan,nan,nan,nan,nan,nan,nan,nan,nan,nan,nan,-5.339233038348079052e-02,nan,nan,nan,nan,nan,nan,nan,nan,nan,nan,nan,nan,nan,nan,nan,nan,nan,2.212389380530977931e-02,nan,nan,nan,nan,nan,nan,nan,-2.300884955752209235e-02,-1.504424778761056548e-02,nan,nan,-7.315634218289079893e-02,nan,nan,-9.351032448377576134e-02,nan,nan,nan,nan,nan,nan,-4.011799410029495000e-02,nan,nan,nan,nan,nan,nan,nan,-2.477876106194685374e-02,nan,nan,-7.286135693215337050e-02,nan,-2.064896755162235614e-02
nan,nan,nan,nan,nan,nan,nan,nan,nan,nan,nan,3.032159264931089115e-02,nan,nan,nan,nan,nan,nan,nan,nan,nan,nan,nan,nan,nan,nan,nan,nan,nan,nan,nan,nan,nan,nan,nan,nan,nan,6.064318529862178231e-02,5.635528330781013062e-02,nan,nan,1.059724349157733919e-01,nan,nan,2.970903522205208327e-02,nan,nan,2.787136294027570127e-02,nan,nan,nan,7.381316998468608059e-02,nan,nan,nan,nan,nan,nan,nan,4.318529862174580458e-02,nan,nan,1.001531393568147327e-01,nan,5.819295558958655079e-02
nan,nan,nan,nan,nan,nan,nan,nan,nan,nan,nan,-1.072546230440967197e-01,nan,nan,nan,nan,nan,nan,nan,nan,nan,nan,nan,nan,nan,nan,nan,nan,nan,nan,nan,nan,nan,nan,nan,nan,nan,-5.718349928876247101e-02,-1.280227596017069480e-02,nan,nan,-8.307254623044096897e-02,nan,-5.633001422475105574e-02,-3.015647226173543555e-02,nan,nan,-1.877667140825035538e-02,nan,nan,nan,nan,nan,nan,nan,nan,nan,nan,nan,-3.385490753911808703e-02,nan,nan,-4.267425320056898730e-02,nan,-7.339971550497864650e-02
nan,nan,nan,nan,nan,nan,nan,nan,nan,nan,nan,-4.752186588921283178e-02,nan,nan,nan,nan,nan,nan,nan,nan,nan,nan,nan,nan,nan,nan,nan,nan,nan,nan,nan,nan,nan,nan,nan,nan,nan,-3.644314868804663515e-02,1.720116618075803044e-02,nan,nan,-1.516034985422740587e-02,nan,3.411078717201165844e-02,-5.276967930029154152e-02,nan,nan,6.122448979591832083e-03,nan,nan,nan,nan,nan,nan,nan,nan,nan,nan,nan,9.037900874635584197e-03,nan,nan,2.215743440233236550e-02,nan,-4.139941690962097021e-02
nan,nan,nan,nan,nan,nan,nan,nan,nan,nan,nan,-7.469512195121953690e-02,nan,nan,nan,nan,nan,nan,nan,nan,nan,nan,nan,nan,nan,nan,nan,nan,nan,nan,nan,nan,nan,nan,nan,nan,nan,-6.371951219512196618e-02,-7.134146341463418195e-02,nan,nan,-3.932926829268294094e-02,nan,-2.713414634146341792e-02,-6.249999999999998612e-02,nan,nan,-3.109756097560978372e-02,nan,nan,nan,nan,nan,nan,nan,nan,nan,nan,nan,-3.292682926829271217e-02,nan,nan,-7.073170731707317804e-02,nan,-1.106707317073170882e-01
nan,nan,nan,nan,nan,nan,nan,nan,nan,nan,nan,5.917159763313551216e-03,nan,nan,nan,nan,nan,nan,nan,nan,nan,nan,nan,nan,nan,nan,nan,nan,nan,nan,nan,nan,nan,nan,nan,nan,nan,2.928994082840230551e-02,5.443786982248514233e-02,nan,nan,-1.686390532544384049e-02,nan,5.029585798816493467e-03,-1.213017751479297281e-02,nan,nan,nan,nan,nan,nan,4.467455621301770485e-02,nan,nan,nan,nan,nan,nan,nan,5.029585798816563896e-02,nan,nan,7.041420118343191814e-02,nan,4.852071005917156510e-02
nan,nan,nan,nan,nan,nan,nan,nan,nan,nan,nan,-2.280701754385967492e-02,nan,nan,nan,nan,nan,nan,nan,nan,nan,nan,nan,nan,nan,nan,nan,nan,nan,nan,nan,nan,nan,nan,nan,nan,nan,1.929824561403505750e-02,1.871345029239762647e-02,nan,nan,-9.941520467836273758e-03,nan,nan,2.046783625730993345e-02,nan,nan,2.251461988304093165e-02,nan,nan,nan,5.321637426900584222e-02,nan,nan,nan,nan,nan,nan,nan,6.403508771929825039e-02,nan,nan,-2.923976608187217499e-04,nan,7.280701754385963953e-02
nan,nan,nan,nan,nan,nan,nan,nan,nan,nan,nan,6.804733727810674884e-03,nan,nan,nan,nan,nan,nan,nan,nan,nan,nan,nan,nan,nan,nan,nan,nan,nan,nan,nan,nan,nan,nan,nan,nan,nan,-1.005917159763307714e-02,6.094674556213022093e-02,nan,nan,1.538461538461541843e-02,nan,nan,6.834319526627222197e-02,nan,nan,1.213017751479295026e-02,nan,nan,nan,5.384615384615389772e-02,nan,nan,nan,nan,nan,nan,nan,2.988165680473376870e-02,nan,nan,-5.917159763313195380e-04,nan,6.715976331360953844e-02
nan,nan,nan,nan,nan,nan,nan,nan,nan,nan,nan,-2.985507246376815221e-02,nan,nan,nan,nan,nan,nan,nan,nan,nan,nan,nan,nan,nan,nan,nan,nan,nan,nan,nan,nan,nan,nan,nan,nan,nan,-3.391304347826089305e-02,-4.202898550724640941e-02,nan,nan,-3.768115942028989196e-02,nan,nan,-3.913043478260873342e-02,nan,nan,-2.898550724637960268e-04,nan,nan,nan,8.115942028985467793e-03,nan,nan,nan,nan,nan,nan,nan,-3.652173913043479242e-02,nan,nan,-4.695652173913047317e-02,nan,-3.681159420289856904e-02
nan,nan,nan,nan,nan,nan,nan,nan,nan,nan,nan,-6.138032305433190061e-02,nan,nan,nan,nan,nan,nan,nan,nan,nan,nan,nan,nan,nan,nan,nan,nan,nan,nan,nan,nan,nan,nan,nan,nan,nan,-7.812041116005878638e-02,-5.403817914831136882e-02,nan,nan,-4.992657856094029172e-03,nan,nan,-5.374449339207052617e-02,nan,-2.760646108663733500e-02,-5.903083700440532600e-02,nan,nan,nan,nan,nan,nan,nan,nan,nan,nan,nan,-6.167400881057294795e-03,nan,nan,-3.553597650513953127e-02,nan,1.174743024963284012e-02
nan,nan,nan,nan,nan,nan,nan,nan,nan,nan,nan,2.116244411326377931e-02,nan,nan,nan,nan,nan,nan,nan,nan,nan,nan,nan,nan,nan,nan,nan,nan,nan,nan,nan,nan,nan,nan,nan,nan,nan,1.639344262295082746e-02,3.010432190760061605e-02,nan,nan,6.825633383010430710e-02,nan,nan,4.709388971684053127e-02,nan,nan,4.292101341281671922e-02,nan,nan,nan,-8.047690014903153069e-03,nan,nan,nan,nan,nan,nan,nan,8.643815201192239089e-03,nan,nan,9.239940387481371947e-03,nan,1.132637853949329879e-02
nan,nan,nan,nan,nan,nan,nan,nan,nan,nan,nan,-9.072463768115943128e-02,nan,nan,nan,nan,nan,nan,nan,nan,nan,nan,nan,nan,nan,nan,nan,nan,nan,nan,nan,nan,nan,nan,nan,nan,nan,-6.289855072463770846e-02,-1.971014492753624461e-02,nan,nan,-1.092753623188406076e-01,nan,-5.391304347826088306e-02,-8.666666666666666963e-02,nan,nan,nan,nan,nan,nan,-6.608695652173912638e-02,nan,nan,nan,nan,nan,nan,nan,-1.594202898550727346e-02,nan,nan,-6.840579710144929770e-02,nan,-3.101449275362318930e-02
nan,nan,nan,nan,nan,nan,nan,nan,nan,nan,nan,8.734567901234566167e-02,nan,nan,nan,nan,nan,nan,nan,nan,nan,nan,nan,nan,nan,nan,nan,nan,nan,nan,nan,nan,nan,nan,nan,nan,nan,1.188271604938271331e-01,6.296296296296297057e-02,nan,nan,1.154320987654321035e-01,nan,nan,9.228395061728393578e-02,nan,7.808641975308641681e-02,6.018518518518518878e-02,nan,nan,nan,nan,nan,nan,nan,nan,nan,nan,nan,5.586419753086419027e-02,nan,nan,9.753086419753084768e-02,nan,7.623456790123454840e-02
nan,nan,nan,nan,nan,nan,nan,nan,nan,nan,nan,1.040123456790123385e-01,nan,nan,nan,nan,nan,nan,nan,nan,nan,nan,nan,nan,nan,nan,nan,nan,nan,nan,nan,nan,nan,nan,nan,nan,nan,6.759259259259257913e-02,5.030864197530864057e-02,nan,nan,7.067901234567899871e-02,nan,nan,5.401234567901232186e-02,nan,5.432098765432095966e-02,6.419753086419750787e-02,nan,nan,nan,nan,nan,nan,nan,nan,nan,nan,nan,5.925925925925924764e-02,nan,nan,6.018518518518518878e-02,nan,6.080246913580247131e-02
nan,nan,nan,nan,nan,nan,nan,nan,nan,nan,nan,-4.918032786885249280e-02,nan,nan,nan,nan,nan,nan,nan,nan,nan,nan,nan,nan,nan,nan,nan,nan,nan,nan,nan,nan,nan,nan,nan,nan,nan,-5.067064083457530066e-02,-5.514157973174369648e-02,nan,nan,-5.067064083457528678e-02,nan,-1.669150521609542512e-02,-1.549925484351718542e-02,nan,nan,-4.619970193740689096e-02,nan,nan,nan,nan,nan,nan,nan,nan,nan,nan,nan,-2.652757078986594033e-02,nan,nan,5.663189269746593882e-03,nan,-2.563338301043223064e-02
nan,nan,nan,nan,nan,nan,nan,nan,nan,nan,nan,1.201201201201201885e-01,nan,nan,nan,nan,nan,nan,nan,nan,nan,nan,nan,nan,nan,nan,nan,nan,nan,nan,nan,nan,nan,nan,nan,nan,nan,6.516516516516521196e-02,7.897897897897905584e-02,nan,nan,9.879879879879889526e-02,nan,nan,3.813813813813819731e-02,nan,nan,1.141141141141144288e-02,nan,nan,nan,6.726726726726732497e-02,nan,nan,nan,nan,nan,nan,nan,6.936936936936943798e-02,nan,nan,1.087087087087087456e-01,nan,8.408408408408411805e-02
nan,nan,nan,nan,nan,nan,nan,nan,nan,nan,nan,1.167883211678832911e-02,nan,nan,nan,nan,nan,nan,nan,nan,nan,nan,nan,nan,nan,nan,nan,nan,nan,-2.627737226277366764e-02,nan,nan,nan,nan,nan,nan,nan,1.547445255474453295e-02,3.620437956204382995e-02,nan,nan,-4.963503649635003963e-03,nan,-2.948905109489048312e-02,-5.547445255474436551e-03,nan,nan,2.043795620437993676e-03,nan,nan,nan,2.160583941605842551e-02,nan,nan,nan,nan,nan,nan,nan,nan,nan,nan,9.635036496350401353e-03,nan,nan
nan,nan,nan,nan,nan,nan,nan,nan,nan,nan,nan,-4.193061840120666794e-02,nan,nan,nan,nan,nan,nan,nan,nan,nan,nan,nan,nan,nan,nan,nan,nan,nan,nan,nan,nan,nan,nan,nan,nan,nan,-2.051282051282054056e-02,-5.429864253393690103e-03,2.654600301659122349e-02,nan,-1.508295625942686000e-02,nan,1.809954751131220840e-02,-8.144796380090534721e-03,nan,nan,nan,nan,nan,nan,nan,nan,nan,nan,nan,nan,nan,nan,-1.840120663650079980e-02,nan,nan,2.111613876319751171e-03,nan,-2.654600301659128941e-02
nan,nan,nan,nan,nan,nan,nan,nan,nan,nan,nan,-2.482168330955774119e-02,nan,nan,nan,nan,nan,nan,nan,nan,nan,nan,nan,nan,nan,nan,nan,nan,nan,-6.847360912981414680e-03,nan,nan,nan,nan,nan,nan,nan,2.738944365192583913e-02,4.222539229671899708e-02,nan,nan,3.109843081312415464e-02,nan,nan,7.617689015691872512e-02,nan,nan,nan,nan,nan,nan,7.731811697574897391e-02,nan,nan,nan,nan,nan,nan,nan,2.396576319543513092e-02,nan,nan,5.791726105563484855e-02,nan,2.168330955777464375e-02
nan,nan,nan,nan,nan,nan,nan,nan,nan,nan,nan,-3.550295857988162995e-02,nan,nan,nan,nan,nan,nan,nan,nan,nan,nan,nan,nan,nan,nan,nan,nan,nan,nan,nan,nan,nan,nan,nan,nan,nan,-8.313609467455619628e-02,-8.609467455621297449e-02,nan,nan,-6.035502958579880284e-02,nan,-8.047337278106506120e-02,-4.999999999999997502e-02,nan,nan,-7.810650887573961088e-02,nan,nan,nan,nan,nan,nan,nan,nan,nan,nan,nan,-3.224852071005916004e-02,nan,nan,-1.213017751479287219e-02,nan,-5.177514792899406970e-02
nan,nan,nan,nan,nan,nan,nan,nan,nan,nan,nan,8.592592592592596112e-03,nan,nan,nan,nan,nan,nan,nan,nan,nan,nan,nan,nan,nan,nan,nan,nan,nan,nan,nan,nan,nan,nan,nan,nan,nan,2.607407407407407243e-02,-2.696296296296292125e-02,nan,nan,4.029629629629631615e-02,nan,6.222222222222240084e-03,-2.903703703703703828e-02,nan,1.511111111111113070e-02,nan,nan,nan,nan,nan,nan,nan,nan,nan,nan,nan,nan,-3.407407407407410382e-02,nan,nan,-1.185185185185184606e-02,nan,1.540740740740739224e-02
nan,nan,nan,nan,nan,nan,nan,nan,nan,nan,nan,-9.191616766467061717e-02,nan,nan,nan,nan,nan,nan,nan,nan,nan,nan,nan,nan,nan,nan,nan,nan,nan,nan,nan,nan,nan,nan,nan,nan,nan,-2.125748502994008124e-02,-6.826347305389215969e-02,nan,nan,-6.556886227544907186e-02,nan,nan,-4.311377245508979383e-02,nan,nan,-1.523952095808382978e-01,nan,nan,nan,-7.035928143712572025e-02,nan,nan,nan,nan,nan,nan,nan,-7.604790419161673587e-02,nan,nan,-3.562874251497003680e-02,nan,-5.928143712574849428e-02
nan,nan,nan,nan,nan,nan,nan,nan,nan,nan,nan,-9.656203288490287917e-02,nan,nan,nan,nan,nan,nan,nan,nan,nan,nan,nan,nan,nan,nan,nan,nan,nan,nan,nan,nan,nan,nan,nan,nan,nan,-5.052316890881917294e-02,-8.131539611360241726e-02,nan,nan,-9.237668161434978154e-02,nan,nan,-9.417040358744396822e-02,nan,nan,-6.008968609865472654e-02,nan,nan,nan,-6.696562032884904869e-02,nan,nan,nan,nan,nan,nan,nan,-3.258594917787745876e-02,nan,nan,-4.514200298953666840e-02,nan,-4.275037369207775051e-02
nan,nan,nan,nan,nan,nan,nan,nan,nan,nan,nan,6.467065868263471851e-02,nan,nan,nan,nan,nan,nan,nan,nan,nan,nan,nan,nan,nan,nan,nan,nan,nan,nan,nan,nan,nan,nan,nan,nan,nan,1.002994011976047900e-01,7.155688622754492745e-02,nan,nan,7.125748502994011524e-02,nan,nan,8.203592814371257758e-02,nan,nan,7.964071856287427420e-02,nan,nan,nan,1.140718562874251801e-01,nan,nan,nan,nan,nan,nan,nan,9.461077844311376051e-02,nan,nan,4.281437125748501632e-02,nan,5.628742514970060118e-02
nan,nan,nan,nan,nan,nan,nan,nan,nan,nan,nan,-7.738095238095210604e-03,nan,nan,nan,nan,nan,nan,nan,nan,nan,nan,nan,nan,nan,nan,nan,nan,nan,nan,nan,nan,nan,nan,nan,nan,nan,-3.303571428571427937e-02,-2.559523809523808063e-02,nan,nan,3.571428571428602976e-03,nan,-2.559523809523804941e-02,-6.279761904761897717e-02,nan,-4.999999999999997502e-02,nan,nan,nan,nan,nan,nan,nan,nan,nan,nan,nan,nan,-3.601190476190470335e-02,nan,nan,-2.886904761904756159e-02,nan,-1.458333333333327111e-02
nan,nan,nan,nan,nan,nan,nan,nan,nan,nan,nan,1.613394216133941933e-02,nan,nan,nan,nan,nan,nan,nan,nan,nan,nan,nan,nan,nan,nan,nan,nan,nan,nan,nan,nan,nan,nan,nan,nan,nan,-1.035007610350079446e-02,-1.582952815829530291e-02,nan,nan,-3.044140030441400135e-02,nan,-5.783866057838664421e-02,-2.465753424657535220e-02,nan,nan,nan,nan,nan,nan,-1.217656012176593404e-03,nan,nan,nan,nan,nan,nan,nan,-4.535768645357687173e-02,nan,nan,-9.589041095890411814e-02,nan,-3.592085235920854103e-02
nan,nan,nan,nan,nan,nan,nan,nan,nan,nan,nan,3.763608087091756260e-02,nan,nan,nan,nan,nan,nan,nan,nan,nan,nan,nan,nan,nan,nan,nan,nan,nan,nan,nan,nan,nan,nan,nan,nan,nan,4.136858475894246434e-02,2.301710730948677147e-02,nan,nan,3.048211508553655413e-02,nan,6.345256609642302426e-02,1.648522550544322465e-02,nan,nan,4.510108864696728975e-02,nan,nan,nan,nan,nan,nan,nan,nan,nan,nan,nan,1.461897356143078072e-02,nan,nan,4.416796267496114758e-02,nan,5.878693623639191790e-02
nan,nan,nan,nan,nan,nan,nan,nan,nan,nan,nan,1.686390532544377457e-02,nan,nan,nan,nan,nan,nan,nan,nan,nan,nan,nan,nan,nan,nan,nan,nan,nan,nan,nan,nan,nan,nan,nan,nan,nan,5.207100591715975446e-02,-4.674556213017751205e-02,nan,nan,1.449704142011835027e-02,nan,-4.437869822485174254e-03,1.183431952662705646e-03,nan,nan,-4.171597633136094746e-02,nan,nan,nan,7.159763313609471269e-02,nan,nan,nan,nan,nan,nan,nan,nan,nan,nan,4.911242603550299013e-02,nan,1.094674556213017826e-02
nan,nan,nan,nan,nan,nan,nan,nan,nan,nan,nan,3.794117647058827675e-02,nan,nan,nan,nan,nan,nan,nan,nan,nan,nan,nan,nan,nan,nan,nan,nan,nan,nan,nan,nan,nan,nan,nan,nan,nan,4.323529411764705926e-02,-3.235294117647047156e-03,nan,nan,4.205882352941179431e-02,nan,nan,-3.794117647058821430e-02,nan,nan,1.735294117647059181e-02,nan,nan,nan,8.323529411764704622e-02,nan,nan,nan,nan,nan,nan,nan,6.588235294117647523e-02,nan,nan,1.529411764705883650e-02,nan,3.823529411764708952e-02
nan,nan,nan,nan,nan,nan,nan,nan,nan,nan,nan,-1.767304860088370023e-03,nan,nan,nan,nan,nan,nan,nan,nan,nan,nan,nan,nan,nan,nan,nan,nan,nan,nan,nan,nan,nan,nan,nan,nan,nan,1.973490427098675143e-02,1.354933726067744128e-02,nan,nan,1.148748159057437837e-02,nan,3.888070692194404293e-02,4.418262150220912676e-02,nan,nan,4.123711340206185488e-02,nan,nan,nan,nan,nan,nan,nan,nan,nan,nan,nan,-8.836524300441805230e-03,nan,nan,4.418262150220919962e-03,nan,1.237113402061856826e-02
nan,nan,nan,nan,nan,nan,nan,nan,nan,nan,nan,3.515509601181685678e-02,nan,nan,nan,nan,nan,nan,nan,nan,nan,nan,nan,nan,nan,nan,nan,nan,nan,nan,nan,nan,nan,nan,nan,nan,nan,4.106351550960116864e-02,7.887740029542097964e-02,nan,nan,-1.299852289512553119e-02,nan,nan,6.085672082717870357e-02,nan,1.979320531757755575e-02,2.806499261447563745e-02,nan,nan,nan,1.181683899556906824e-03,nan,nan,nan,nan,nan,nan,nan,nan,nan,nan,5.760709010339735980e-02,nan,5.937961595273265336e-02
nan,nan,nan,nan,nan,nan,nan,nan,nan,nan,nan,-1.011560693641613308e-02,nan,nan,nan,nan,nan,nan,nan,nan,nan,nan,nan,nan,nan,nan,nan,nan,nan,nan,nan,nan,nan,nan,nan,nan,nan,-1.213872832369938815e-02,3.872832369942199454e-02,nan,nan,3.670520231213878631e-02,nan,2.220446049250313204e-17,-1.791907514450865463e-02,nan,2.254335260115612055e-02,-2.745664739884390304e-02,nan,nan,nan,2.919075144508671490e-02,nan,nan,nan,nan,nan,nan,nan,nan,nan,nan,1.156069364161860192e-03,nan,nan
nan,nan,nan,nan,nan,nan,nan,nan,nan,nan,nan,-4.947526236881558820e-02,nan,nan,nan,nan,nan,nan,nan,nan,nan,nan,nan,nan,nan,nan,nan,nan,nan,nan,nan,nan,nan,nan,nan,nan,nan,-8.095952023988006729e-02,-1.007496251874062942e-01,nan,nan,-4.227886056971515844e-02,nan,nan,-4.407796101949024159e-02,nan,-3.688155922038980489e-02,-9.595202398800618121e-03,nan,nan,nan,nan,nan,nan,nan,nan,nan,nan,nan,-7.136431784107946652e-02,nan,nan,-4.047976011994006834e-02,nan,-6.086956521739132070e-02
nan,nan,nan,nan,nan,nan,nan,nan,nan,nan,nan,4.023494860499267356e-02,nan,nan,nan,nan,nan,nan,nan,nan,nan,nan,nan,nan,nan,nan,nan,nan,nan,nan,nan,nan,nan,nan,nan,nan,nan,-1.997063142437587382e-02,-3.759177679882521467e-02,nan,nan,-9.397944199706321014e-03,nan,nan,3.054331864904556021e-02,nan,nan,-3.230543318649004101e-03,nan,nan,nan,-3.171806167400877119e-02,nan,nan,nan,nan,nan,nan,nan,-2.643171806167397136e-02,nan,nan,-1.879588839941257611e-02,nan,3.406754772393544295e-02
nan,nan,nan,nan,nan,nan,nan,nan,nan,nan,nan,7.976366322008868193e-02,nan,nan,nan,nan,nan,nan,nan,nan,nan,nan,nan,nan,nan,nan,nan,nan,nan,nan,nan,nan,nan,nan,nan,nan,nan,4.076809453471200856e-02,1.202363367799114402e-01,nan,nan,3.870014771048750635e-02,nan,6.617429837518469526e-02,1.890694239290995407e-02,nan,nan,nan,nan,nan,nan,7.946824224519943858e-02,nan,nan,nan,nan,nan,nan,nan,6.322008862629251158e-02,nan,nan,1.683899556868542063e-02,nan,6.056129985228952961e-02
nan,nan,nan,nan,nan,nan,nan,nan,nan,nan,nan,5.852941176470586454e-02,nan,nan,nan,nan,nan,nan,nan,nan,nan,nan,nan,nan,nan,nan,nan,nan,nan,nan,nan,nan,nan,nan,nan,nan,nan,1.647058823529410493e-02,1.558823529411763539e-02,nan,nan,1.058823529411765350e-02,nan,2.882352941176467148e-02,7.352941176470587092e-02,3.411764705882349563e-02,nan,nan,nan,nan,nan,nan,nan,nan,nan,nan,nan,nan,nan,3.823529411764705482e-02,nan,nan,2.235294117647055462e-02,nan,3.705882352941176905e-02
nan,nan,nan,nan,nan,nan,nan,nan,nan,nan,nan,7.147147147147145385e-02,nan,nan,nan,nan,nan,nan,nan,nan,nan,nan,nan,nan,nan,nan,nan,nan,nan,nan,nan,nan,nan,nan,nan,nan,nan,5.255255255255253388e-02,3.153153153153152172e-02,nan,nan,9.579579579579577953e-02,nan,nan,1.801801801801801092e-02,nan,4.594594594594593462e-02,-1.201201201201240829e-03,nan,nan,nan,nan,nan,nan,nan,nan,nan,nan,nan,3.723723723723725010e-02,nan,nan,1.225225225225225201e-01,nan,5.165165165165162831e-02
nan,nan,nan,nan,nan,nan,nan,nan,nan,nan,nan,-3.483483483483480747e-02,nan,nan,nan,nan,nan,nan,nan,nan,nan,nan,nan,nan,nan,nan,nan,nan,nan,nan,nan,nan,nan,nan,nan,nan,nan,-2.162162162162163323e-02,6.006006006006092473e-04,nan,nan,8.408408408408419091e-03,nan,-3.393393393393393659e-02,-8.408408408408419091e-03,nan,nan,-6.396396396396394901e-02,nan,nan,nan,nan,nan,nan,nan,nan,nan,nan,nan,-2.402402402402401688e-02,nan,nan,-4.654654654654655221e-02,nan,6.006006006006025903e-03
nan,nan,nan,nan,nan,nan,nan,nan,nan,nan,nan,4.662756598240469508e-02,nan,nan,nan,nan,nan,nan,nan,nan,nan,nan,nan,nan,nan,nan,nan,nan,nan,nan,nan,nan,nan,nan,nan,nan,nan,7.947214076246336689e-02,6.275659824046923851e-02,nan,nan,1.114369501466274705e-02,nan,nan,4.222873900293255822e-02,nan,4.486803519061584311e-02,nan,nan,nan,nan,7.419354838709676936e-02,nan,nan,nan,nan,nan,nan,nan,4.985337243401759266e-02,nan,nan,2.170087976539591956e-02,nan,-1.260997067448679267e-02
nan,nan,nan,nan,nan,nan,nan,nan,nan,nan,nan,-1.295690936106983771e-01,nan,nan,nan,nan,nan,nan,nan,nan,nan,nan,nan,nan,nan,nan,nan,nan,nan,nan,nan,nan,nan,nan,nan,nan,nan,-1.028231797919762214e-01,-1.794947994056463325e-01,nan,nan,-8.826151560178301103e-02,nan,nan,5.943536404160787217e-04,nan,-1.069836552748884041e-02,-7.043090638930159242e-02,nan,nan,nan,nan,nan,nan,nan,nan,nan,nan,nan,-6.389301634472507874e-02,nan,nan,-1.040118870728080555e-02,nan,-1.194650817236255491e-01
nan,nan,nan,nan,nan,nan,nan,nan,nan,nan,nan,1.775147928994080804e-03,nan,nan,nan,nan,nan,nan,nan,nan,nan,nan,nan,nan,nan,nan,nan,nan,nan,-7.100591715976323215e-03,nan,nan,nan,nan,nan,nan,nan,-3.106508875739646264e-02,2.218934911242601699e-02,nan,nan,-4.437869822485218489e-03,nan,-1.094674556213015570e-02,1.775147928994091863e-03,nan,nan,nan,nan,nan,nan,nan,-1.301775147928991780e-02,nan,nan,nan,nan,nan,nan,nan,nan,nan,3.550295857988165771e-02,nan,2.189349112426035651e-02
nan,nan,nan,nan,nan,nan,nan,nan,nan,nan,nan,-1.238938053097347024e-02,nan,nan,nan,nan,nan,nan,nan,nan,nan,nan,nan,nan,nan,nan,nan,nan,nan,nan,nan,nan,nan,nan,nan,nan,nan,3.067846607669613007e-02,5.014749262536843596e-03,nan,nan,3.510324483775806303e-02,nan,-6.165191740412985510e-02,-3.392330383480830769e-02,nan,nan,nan,nan,nan,nan,5.280235988200587816e-02,nan,nan,nan,nan,nan,nan,nan,-4.011799410029501939e-02,nan,nan,1.474926253687311971e-02,nan,-2.123893805309736565e-02
nan,nan,nan,nan,nan,nan,nan,nan,nan,nan,nan,1.010401188707283834e-02,nan,nan,nan,nan,nan,nan,nan,nan,nan,nan,nan,nan,nan,nan,nan,nan,nan,nan,nan,nan,nan,nan,nan,nan,nan,3.655274888558696089e-02,1.545319465081722646e-02,nan,nan,8.915304606241126074e-04,nan,3.952451708766718808e-02,-4.754829123328363494e-03,nan,nan,1.456166419019317912e-02,nan,nan,nan,nan,nan,nan,nan,nan,nan,nan,nan,4.665676077265975413e-02,nan,nan,-1.872213967310547636e-02,nan,1.028231797919762353e-01
nan,nan,nan,nan,nan,nan,nan,nan,nan,nan,nan,-5.301204819277104130e-02,nan,nan,nan,nan,nan,nan,nan,nan,nan,nan,nan,nan,nan,nan,nan,nan,nan,nan,nan,nan,nan,nan,nan,nan,nan,-4.036144578313251990e-02,-4.668674698795177713e-02,nan,nan,-2.349397590361446131e-02,nan,-1.506024096385527502e-03,-2.289156626506021544e-02,nan,nan,-3.072289156626505438e-02,nan,nan,nan,nan,nan,nan,nan,nan,nan,nan,nan,-5.933734939759033322e-02,nan,nan,-2.379518072289156169e-02,nan,-3.463855421686745650e-02
nan,nan,nan,nan,nan,nan,nan,nan,nan,nan,nan,5.633383010432187199e-02,nan,nan,nan,nan,nan,nan,nan,nan,nan,nan,nan,nan,nan,nan,nan,nan,nan,nan,nan,nan,nan,nan,nan,nan,nan,5.216095380029801831e-02,1.847988077496267451e-02,nan,nan,6.438152011922500251e-02,nan,nan,5.305514157973167944e-02,nan,nan,6.318926974664676455e-02,nan,nan,nan,4.500745156482854892e-02,nan,nan,nan,nan,nan,nan,nan,7.898658718330844875e-02,nan,nan,1.228017883755588430e-01,nan,8.375558867362142834e-02
nan,nan,nan,nan,nan,nan,nan,nan,nan,nan,nan,6.124818577648769719e-02,nan,nan,nan,nan,nan,nan,nan,nan,nan,nan,nan,nan,nan,nan,nan,nan,nan,nan,nan,nan,nan,nan,nan,nan,nan,1.274310595065312190e-01,4.499274310595063886e-02,nan,nan,5.283018867924527129e-02,nan,5.515239477503652843e-03,1.074020319303337079e-02,nan,nan,nan,nan,nan,nan,7.634252539912918245e-02,nan,nan,nan,nan,nan,nan,nan,5.747460087082729985e-02,nan,nan,9.782293178519596566e-02,nan,5.341074020319303006e-02
nan,nan,nan,nan,nan,nan,nan,nan,nan,nan,nan,-7.589285714285716467e-02,nan,nan,nan,nan,nan,nan,nan,nan,nan,nan,nan,nan,nan,nan,nan,nan,nan,nan,nan,nan,nan,nan,nan,nan,nan,-3.273809523809556414e-03,-5.714285714285717577e-02,nan,nan,-5.773809523809527583e-02,nan,-9.672619047619050725e-02,-4.732142857142860454e-02,nan,nan,nan,nan,nan,nan,-7.380952380952383873e-02,nan,nan,nan,nan,nan,nan,nan,-6.339285714285716744e-02,nan,nan,-7.261904761904766636e-02,nan,-4.077380952380955936e-02
nan,nan,nan,nan,nan,nan,nan,nan,nan,nan,nan,-1.587301587301586173e-02,nan,nan,nan,nan,nan,nan,nan,nan,nan,nan,nan,nan,nan,nan,nan,nan,nan,nan,nan,nan,nan,nan,nan,nan,nan,2.366522366522366694e-02,3.232323232323233014e-02,nan,nan,2.366522366522365653e-02,nan,1.183261183261183867e-02,2.077922077922078614e-02,nan,nan,nan,nan,nan,nan,-4.906204906204902731e-03,nan,nan,nan,nan,nan,nan,nan,-6.060606060606077081e-03,nan,nan,2.886002886002885306e-02,nan,-2.655122655122652692e-02
nan,nan,nan,nan,nan,nan,nan,nan,nan,nan,nan,2.150220913107507917e-02,nan,nan,nan,nan,nan,nan,nan,nan,nan,nan,nan,nan,nan,nan,nan,nan,nan,nan,nan,nan,nan,nan,nan,nan,nan,1.169366715758468206e-01,3.033873343151691909e-02,nan,nan,1.001472754050070080e-02,nan,nan,7.069219440353435857e-03,nan,2.974963181148744182e-02,4.329896907216491952e-02,nan,nan,nan,nan,nan,nan,nan,nan,nan,nan,nan,7.128129602356404748e-02,nan,nan,3.946980854197347510e-02,nan,6.303387334315166401e-02
nan,nan,nan,nan,nan,nan,nan,nan,nan,nan,nan,6.296851574212895819e-02,nan,nan,nan,nan,nan,nan,nan,nan,nan,nan,nan,nan,nan,nan,nan,nan,nan,nan,nan,nan,nan,nan,nan,nan,nan,7.676161919040483395e-02,8.995502248875568430e-02,nan,nan,6.686656671664170659e-02,nan,nan,1.052473763118441374e-01,nan,1.178410794602698930e-01,nan,nan,nan,nan,9.475262368815597080e-02,nan,nan,nan,nan,nan,nan,nan,3.508245877061475643e-02,nan,nan,8.665667166416794742e-02,nan,1.016491754122939017e-01
nan,nan,nan,nan,nan,nan,nan,nan,nan,nan,nan,2.819383259911898559e-02,nan,nan,nan,nan,nan,nan,nan,nan,nan,nan,nan,nan,nan,nan,nan,nan,nan,nan,nan,nan,nan,nan,nan,nan,nan,1.762114537444938595e-02,-1.674008810572684761e-02,nan,nan,3.054331864904558103e-02,nan,1.997063142437595015e-02,-1.292217327459612743e-02,nan,nan,1.145374449339211544e-02,nan,nan,nan,nan,nan,nan,nan,nan,nan,nan,nan,2.408223201174748349e-02,nan,nan,1.204111600587378685e-02,nan,2.731277533039650970e-02
nan,nan,nan,nan,nan,nan,nan,nan,nan,nan,nan,-8.529411764705882582e-02,nan,nan,nan,nan,nan,nan,nan,nan,nan,nan,nan,nan,nan,nan,nan,nan,nan,nan,nan,nan,nan,nan,nan,nan,nan,4.411764705882359819e-03,-6.088235294117649854e-02,nan,nan,-1.176470588235296530e-02,nan,-7.352941176470617624e-03,-1.117647058823533282e-02,nan,-1.147058823529413171e-02,8.235294117647052464e-03,nan,nan,nan,nan,nan,nan,nan,nan,nan,nan,nan,nan,nan,nan,-2.852941176470589341e-02,nan,-1.647058823529414656e-02
nan,nan,nan,nan,nan,nan,nan,nan,nan,nan,nan,-1.112781954887217574e-02,nan,nan,nan,nan,nan,nan,nan,nan,nan,nan,nan,nan,nan,nan,nan,nan,nan,-1.563909774436091776e-02,nan,nan,nan,nan,nan,nan,nan,-3.609022556390978353e-02,-1.028571428571428692e-01,nan,nan,-3.548872180451129177e-02,nan,nan,-1.353383458646615321e-02,nan,nan,nan,nan,nan,nan,6.315789473684196506e-03,nan,nan,nan,nan,nan,nan,nan,-2.556390977443610130e-02,nan,nan,-5.263157894736843895e-02,nan,-5.112781954887220259e-02
nan,nan,nan,nan,nan,nan,nan,nan,nan,nan,nan,-8.939828080229227092e-02,nan,nan,nan,nan,nan,nan,nan,nan,nan,nan,nan,nan,nan,nan,nan,nan,nan,nan,nan,nan,nan,nan,nan,nan,nan,-7.306590257879655437e-02,-9.255014326647562073e-02,nan,nan,-4.297994269340973256e-02,nan,-6.418338108882519488e-02,-5.358166189111747413e-02,nan,nan,-1.117478510028652172e-02,nan,nan,nan,nan,nan,nan,nan,nan,nan,nan,nan,-4.527220630372492949e-02,nan,nan,-3.925501432664757484e-02,nan,-6.991404011461317680e-02
nan,nan,nan,nan,nan,nan,nan,nan,nan,nan,nan,-4.685212298682306549e-03,nan,nan,nan,nan,nan,nan,nan,nan,nan,nan,nan,nan,nan,nan,nan,nan,nan,nan,nan,nan,nan,nan,nan,nan,nan,-2.220446049250313204e-17,2.547584187408489381e-02,nan,nan,6.676427525622252723e-02,nan,nan,-1.288433382137628078e-02,nan,nan,1.669106881405563181e-02,nan,nan,nan,8.491947291361623754e-03,nan,nan,nan,nan,nan,nan,nan,-2.254758418740849743e-02,nan,nan,3.660322108345533121e-02,nan,1.815519765739379704e-02
nan,nan,nan,nan,nan,nan,nan,nan,nan,nan,nan,-9.307805596465390519e-02,nan,nan,nan,nan,nan,nan,nan,nan,nan,nan,nan,nan,nan,nan,nan,nan,nan,nan,nan,nan,nan,nan,nan,nan,nan,-7.216494845360828247e-02,-5.920471281296024735e-02,nan,nan,-1.178203240058910417e-01,nan,-1.033873343151694019e-01,-7.069219440353462225e-02,nan,-6.539027982326954536e-02,-1.166421207658321357e-01,nan,nan,nan,nan,nan,nan,nan,nan,nan,nan,nan,nan,nan,nan,-5.007363770250370522e-02,nan,-1.054491899852724596e-01
nan,nan,nan,nan,nan,nan,nan,nan,nan,nan,nan,6.507462686567164201e-02,nan,nan,nan,nan,nan,nan,nan,nan,nan,nan,nan,nan,nan,nan,nan,nan,nan,nan,nan,nan,nan,nan,nan,nan,nan,3.253731343283584876e-02,-6.268656716417911334e-02,nan,nan,-3.223880597014925492e-02,nan,nan,3.910447761194032340e-02,nan,nan,-3.492537313432834967e-02,nan,nan,nan,-2.358208955223879341e-02,nan,nan,nan,nan,nan,nan,nan,-1.253731343283581712e-02,nan,nan,1.194029850746281029e-03,nan,4.298507462686566860e-02
nan,nan,nan,nan,nan,nan,nan,nan,nan,nan,nan,-2.666666666666666144e-02,nan,nan,nan,nan,nan,nan,nan,nan,nan,nan,nan,nan,nan,nan,nan,nan,nan,nan,nan,nan,nan,nan,nan,nan,nan,-3.170370370370372004e-02,-2.251851851851853839e-02,nan,nan,-6.222222222222240084e-03,nan,nan,-4.444444444444443920e-02,nan,nan,5.925925925925779481e-04,nan,nan,nan,1.777777777777776042e-02,nan,nan,nan,nan,nan,nan,nan,-5.955555555555556990e-02,nan,nan,-3.851851851851852832e-02,nan,-6.785185185185185763e-02
nan,nan,nan,nan,nan,nan,nan,nan,nan,nan,nan,4.835479256080112836e-02,nan,nan,nan,nan,nan,nan,nan,nan,nan,nan,nan,nan,nan,nan,nan,nan,nan,nan,nan,nan,nan,nan,nan,nan,nan,5.865522174535049704e-02,6.723891273247492584e-02,nan,nan,5.121602288984261619e-02,nan,nan,7.153075822603717493e-02,nan,nan,3.977110157367665100e-02,nan,nan,nan,7.324749642346208012e-02,nan,nan,nan,nan,nan,nan,nan,8.154506437768235805e-02,nan,nan,4.034334763948497354e-02,nan,7.296137339055790150e-02
nan,nan,nan,nan,nan,nan,nan,nan,nan,nan,nan,-1.291291291291292095e-02,nan,nan,nan,nan,nan,nan,nan,nan,nan,nan,nan,nan,nan,nan,nan,nan,nan,nan,nan,nan,nan,nan,nan,nan,nan,5.225225225225225284e-02,6.516516516516515645e-02,nan,nan,5.405405405405403624e-02,nan,5.045045045045043475e-02,2.762762762762762531e-02,nan,5.315315315315314454e-02,nan,nan,nan,nan,4.834834834834831480e-02,nan,nan,nan,nan,nan,nan,nan,nan,nan,nan,6.636636636636636388e-02,nan,1.141141141141135441e-02
nan,nan,nan,nan,nan,nan,nan,nan,nan,nan,nan,-3.060606060606063661e-02,nan,nan,nan,nan,nan,nan,nan,nan,nan,nan,nan,nan,nan,nan,nan,nan,nan,nan,nan,nan,nan,nan,nan,nan,nan,-3.575757575757578660e-02,-1.181818181818186132e-02,nan,nan,-3.393939393939395671e-02,nan,nan,-2.484848484848487665e-02,-6.060606060606432482e-04,nan,-8.181818181818201544e-03,nan,nan,nan,-2.212121212121211794e-02,nan,nan,nan,nan,nan,nan,nan,-4.121212121212125545e-02,nan,nan,-3.333333333333366073e-03,nan,nan
nan,nan,nan,nan,nan,nan,nan,nan,nan,nan,nan,7.351190476190479217e-02,nan,nan,nan,nan,nan,nan,nan,nan,nan,nan,nan,nan,nan,nan,nan,nan,nan,nan,nan,nan,nan,nan,nan,nan,nan,7.113095238095243356e-02,1.193452380952381431e-01,nan,nan,7.946428571428576504e-02,nan,nan,-5.654761904761862121e-03,nan,7.351190476190480605e-02,1.398809523809527687e-02,nan,nan,nan,nan,nan,nan,nan,nan,nan,nan,nan,3.690476190476195406e-02,nan,nan,9.196428571428576226e-02,nan,9.136904761904768302e-02
nan,nan,nan,nan,nan,nan,nan,nan,nan,nan,nan,9.461426491994179289e-02,nan,nan,nan,nan,nan,nan,nan,nan,nan,nan,nan,nan,nan,nan,nan,nan,nan,nan,nan,nan,nan,nan,nan,nan,nan,8.617176128093159693e-02,7.336244541484716886e-02,nan,nan,1.164483260553131859e-02,nan,7.161572052401750377e-02,3.668122270742359831e-02,nan,nan,5.327510917030568727e-02,nan,nan,nan,nan,nan,nan,nan,nan,nan,nan,nan,5.705967976710337591e-02,nan,nan,3.085880640465796937e-02,nan,1.062590975254730924e-01
nan,nan,nan,nan,nan,nan,nan,nan,nan,nan,nan,5.839416058394109044e-04,nan,nan,nan,nan,nan,nan,nan,nan,nan,nan,nan,nan,nan,nan,nan,nan,nan,nan,nan,nan,nan,nan,nan,nan,nan,1.810218978102186987e-02,3.883211678832114433e-02,nan,nan,-8.175182481751841132e-03,nan,9.343065693430640389e-03,-5.343065693430657653e-02,nan,nan,nan,nan,nan,nan,5.284671532846716563e-02,nan,nan,nan,nan,nan,nan,nan,1.635036496350363716e-02,nan,nan,6.277372262773719958e-02,nan,3.386861313868614470e-02
nan,nan,nan,nan,nan,nan,nan,nan,nan,nan,nan,-6.174298375184637117e-02,nan,nan,nan,nan,nan,nan,nan,nan,nan,nan,nan,nan,nan,nan,nan,nan,nan,nan,nan,nan,nan,nan,nan,nan,nan,2.865583456425405823e-02,1.211225997045790523e-02,nan,nan,-5.465288035450514836e-02,nan,-1.447562776957164211e-02,1.536189069423928889e-02,nan,nan,1.418020679468243693e-02,nan,nan,nan,nan,nan,nan,nan,nan,nan,nan,nan,5.169867060561300631e-02,nan,nan,1.181683899556871219e-02,nan,1.477104874446077964e-03
nan,nan,nan,nan,nan,nan,nan,nan,nan,nan,nan,3.911111111111105487e-02,nan,nan,nan,nan,nan,nan,nan,nan,nan,nan,nan,nan,nan,nan,nan,nan,nan,nan,nan,nan,nan,nan,nan,nan,nan,5.066666666666663765e-02,9.866666666666659702e-02,nan,nan,1.137777777777777138e-01,nan,nan,4.385185185185180856e-02,nan,nan,7.466666666666661734e-02,nan,nan,nan,1.028148148148147756e-01,nan,nan,nan,nan,nan,nan,nan,5.718518518518511673e-02,nan,nan,8.651851851851846686e-02,nan,7.111111111111104166e-02
nan,nan,nan,nan,nan,nan,nan,nan,nan,nan,nan,5.377906976744191436e-02,nan,nan,nan,nan,nan,nan,nan,nan,nan,nan,nan,nan,nan,nan,nan,nan,nan,nan,nan,nan,nan,nan,nan,nan,nan,9.709302325581399551e-02,2.558139534883723323e-02,nan,nan,8.372093023255818001e-02,nan,1.267441860465116643e-01,4.738372093023261733e-02,nan,nan,nan,nan,nan,nan,9.389534883720931924e-02,nan,nan,nan,nan,nan,nan,nan,9.389534883720931924e-02,nan,nan,8.633720930232562096e-02,nan,5.203488372093025699e-02
nan,nan,nan,nan,nan,nan,nan,nan,nan,nan,nan,8.036809815950925195e-02,nan,nan,nan,nan,nan,nan,nan,nan,nan,nan,nan,nan,nan,nan,nan,nan,nan,nan,nan,nan,nan,nan,nan,nan,nan,1.193251533742331477e-01,1.230061349693251788e-01,nan,nan,7.944785276073625113e-02,nan,nan,9.202453987730066509e-02,nan,1.349693251533742866e-01,4.325153374233133008e-02,nan,nan,nan,nan,nan,nan,nan,nan,nan,nan,nan,1.306748466257668939e-01,nan,nan,1.282208588957055584e-01,nan,1.266871165644172237e-01
nan,nan,nan,nan,nan,nan,nan,nan,nan,nan,nan,-1.836158192090390356e-02,nan,nan,nan,nan,nan,nan,nan,nan,nan,nan,nan,nan,nan,nan,nan,nan,nan,nan,nan,nan,nan,nan,nan,nan,nan,8.474576271186862186e-04,-1.412429378531065982e-02,nan,nan,-6.214689265536699203e-03,nan,nan,-6.440677966101689134e-02,nan,nan,-4.237288135593215987e-02,nan,nan,nan,3.333333333333336757e-02,nan,nan,nan,nan,nan,nan,nan,-2.259887005649663383e-03,nan,nan,-5.451977401129941281e-02,nan,4.209039548022604216e-02
nan,nan,nan,nan,nan,nan,nan,nan,nan,nan,nan,1.134978229317851889e-01,nan,nan,nan,nan,nan,nan,nan,nan,nan,nan,nan,nan,nan,nan,nan,nan,nan,nan,nan,nan,nan,nan,nan,nan,nan,9.462989840348329240e-02,2.728592162554423911e-02,nan,nan,3.744557329462992051e-02,nan,nan,3.425253991291728195e-02,nan,nan,-3.570391872278664419e-02,nan,nan,nan,1.181422351233671897e-01,nan,nan,nan,nan,nan,nan,nan,6.908563134978229492e-02,nan,nan,8.534107402031929079e-02,nan,7.982583454281569346e-02
nan,nan,nan,nan,nan,nan,nan,nan,nan,nan,nan,-1.137370753323486278e-01,nan,nan,nan,nan,nan,nan,nan,nan,nan,nan,nan,nan,nan,nan,nan,nan,nan,nan,nan,nan,nan,nan,nan,nan,nan,-5.347119645494831375e-02,-3.456425406203842560e-02,-5.465288035450517612e-02,nan,-1.025110782865583381e-01,nan,nan,-7.355982274741509896e-02,nan,-8.212703101920237891e-02,nan,nan,nan,nan,nan,nan,nan,nan,nan,nan,nan,nan,-9.335302806499264083e-02,nan,nan,-8.271787296898083786e-02,nan,-8.655834564254064056e-02
nan,nan,nan,nan,nan,nan,nan,nan,nan,nan,nan,-1.815431164901659764e-03,nan,nan,nan,nan,nan,nan,nan,nan,nan,nan,nan,nan,nan,nan,nan,nan,nan,nan,nan,nan,nan,nan,nan,nan,nan,9.077155824508343490e-03,-2.874432677760969598e-02,nan,nan,-1.210287443267787921e-03,nan,4.236006051437215397e-02,-2.723146747352500705e-03,nan,nan,4.841149773071107450e-03,nan,nan,nan,nan,nan,nan,nan,nan,nan,nan,nan,1.149773071104385168e-02,nan,nan,1.936459909228441939e-02,nan,2.239031770045385450e-02
nan,nan,nan,nan,nan,nan,nan,nan,nan,nan,nan,1.382488479262680182e-02,nan,nan,nan,nan,nan,nan,nan,nan,nan,nan,nan,nan,nan,nan,nan,nan,nan,nan,nan,nan,nan,nan,nan,nan,nan,-1.198156682027644651e-02,7.987711213517722370e-03,nan,nan,2.519201228878650139e-02,nan,nan,1.843317972350266842e-03,nan,nan,3.440860215053768295e-02,nan,nan,nan,2.211981566820282394e-02,nan,nan,nan,nan,nan,nan,nan,7.373271889400978898e-03,nan,nan,5.253456221198159193e-02,nan,4.301075268817208114e-02
nan,nan,nan,nan,nan,nan,nan,nan,nan,nan,nan,-1.894736842105270228e-02,nan,nan,nan,nan,nan,nan,nan,nan,nan,nan,nan,nan,nan,nan,nan,nan,nan,nan,nan,nan,nan,nan,nan,nan,nan,-2.015037593984969622e-02,-1.503759398496247110e-02,nan,nan,0.000000000000000000e+00,nan,-2.556390977443614293e-02,-3.909774436090263268e-03,nan,2.706766917293226132e-02,nan,nan,nan,nan,nan,nan,nan,nan,nan,nan,nan,nan,6.917293233082666588e-03,nan,nan,1.654135338345858949e-02,nan,-3.518796992481208058e-02
nan,nan,nan,nan,nan,nan,nan,nan,nan,nan,nan,-5.329428989751096996e-02,nan,nan,nan,nan,nan,nan,nan,nan,nan,nan,nan,nan,nan,nan,nan,nan,nan,nan,nan,nan,nan,nan,nan,nan,nan,-2.928257686676423097e-02,-3.748169838945826504e-02,nan,nan,-9.458272327964858950e-02,nan,-8.872620790629572041e-02,-5.622254758418739756e-02,nan,nan,-5.651537335285503755e-02,nan,nan,nan,-2.781844802342604492e-02,nan,nan,nan,nan,nan,nan,nan,-2.811127379209368143e-02,nan,nan,-4.333821376281112719e-02,nan,nan
