5.555555555555535818e-03,0.000000000000000000e+00,nan,nan,nan,nan,2.923976608186773518e-04,nan,nan,nan,-2.631578947368451351e-03,nan,nan,nan,nan,nan,nan,nan,nan,nan,nan,nan,nan,nan,nan,7.017543859649122071e-03,nan,nan,nan,nan,7.017543859649100386e-03,nan,nan,nan,nan,nan,nan,nan,nan,3.801169590643249663e-03,nan,nan,nan,nan,nan,nan,0.000000000000000000e+00,nan,nan,nan,0.000000000000000000e+00,nan,nan,nan,nan,nan,nan,nan,nan,nan,nan,nan,nan,nan,7.894736842105221780e-03
nan,nan,nan,nan,nan,0.000000000000000000e+00,-5.788712011577379357e-04,nan,nan,0.000000000000000000e+00,nan,nan,nan,nan,nan,nan,nan,nan,nan,nan,nan,nan,nan,nan,nan,nan,nan,nan,nan,nan,2.604920405209831986e-03,nan,nan,nan,2.026049204052094051e-03,nan,nan,nan,nan,nan,nan,nan,2.026049204052094051e-03,nan,nan,nan,nan,nan,nan,nan,0.000000000000000000e+00,nan,nan,2.026049204052049382e-03,nan,1.070911722141820732e-02,nan,nan,nan,nan,nan,0.000000000000000000e+00,nan,nan,nan
nan,nan,nan,nan,nan,nan,nan,nan,nan,0.000000000000000000e+00,nan,nan,nan,nan,nan,nan,nan,nan,nan,nan,nan,nan,nan,nan,nan,nan,nan,nan,nan,nan,nan,nan,nan,nan,nan,nan,nan,nan,nan,-2.678571428571419055e-03,2.380952380952383596e-02,nan,nan,0.000000000000000000e+00,nan,nan,0.000000000000000000e+00,-1.190476190476186247e-03,nan,nan,nan,nan,nan,-5.952380952380931234e-04,3.244047619047620706e-02,2.023809523809527722e-02,nan,nan,nan,nan,nan,0.000000000000000000e+00,nan,nan,nan
nan,nan,nan,nan,nan,nan,nan,nan,nan,nan,2.040816326530569928e-03,nan,nan,nan,6.705539358600564985e-03,nan,nan,nan,nan,nan,nan,nan,nan,nan,nan,nan,nan,nan,nan,nan,nan,nan,nan,nan,nan,nan,nan,0.000000000000000000e+00,nan,nan,nan,nan,-8.746355685131490098e-04,0.000000000000000000e+00,1.457725947521826184e-03,nan,nan,nan,nan,nan,nan,nan,nan,nan,2.390670553935854079e-02,2.827988338192417503e-02,nan,nan,nan,nan,nan,0.000000000000000000e+00,nan,nan,1.720116618075797493e-02
nan,nan,nan,nan,nan,0.000000000000000000e+00,8.092485549132933526e-03,nan,nan,nan,2.890173410404628471e-03,nan,nan,nan,nan,nan,nan,nan,nan,nan,nan,nan,nan,nan,nan,nan,nan,nan,nan,nan,nan,nan,nan,nan,nan,nan,nan,nan,nan,-4.046242774566510998e-03,nan,nan,nan,-8.381502890173409687e-03,nan,0.000000000000000000e+00,0.000000000000000000e+00,nan,nan,nan,0.000000000000000000e+00,nan,nan,-1.445086705202358688e-03,nan,nan,nan,nan,nan,nan,nan,nan,nan,nan,8.381502890173387135e-03
nan,0.000000000000000000e+00,nan,nan,nan,0.000000000000000000e+00,nan,nan,nan,nan,2.894356005788711796e-03,nan,nan,nan,-9.261939218523852074e-03,7.235890014471802259e-03,nan,nan,nan,nan,nan,nan,nan,nan,nan,nan,nan,nan,nan,nan,nan,nan,nan,nan,nan,nan,nan,nan,nan,8.683068017366624147e-04,-8.683068017365958447e-04,nan,nan,nan,-1.910274963820546290e-02,nan,nan,nan,nan,nan,nan,nan,nan,nan,nan,nan,nan,nan,nan,nan,nan,0.000000000000000000e+00,nan,nan,-3.762662807525285306e-03
nan,0.000000000000000000e+00,nan,4.142011834319570159e-03,nan,0.000000000000000000e+00,nan,nan,nan,nan,1.183431952662772433e-03,-8.579881656804700177e-03,nan,nan,nan,nan,nan,nan,nan,nan,nan,nan,nan,nan,nan,nan,nan,nan,nan,nan,6.213017751479333120e-03,nan,nan,nan,nan,nan,nan,nan,nan,nan,nan,nan,nan,nan,1.775147928994158433e-03,nan,nan,nan,nan,nan,0.000000000000000000e+00,nan,nan,nan,1.745562130177520307e-02,1.863905325443793171e-02,nan,nan,nan,nan,nan,nan,nan,nan,nan
nan,nan,8.534850640113500041e-04,nan,nan,nan,nan,nan,nan,0.000000000000000000e+00,5.689900426742334084e-04,nan,nan,nan,-2.560455192034161252e-03,5.689900426742511459e-03,nan,nan,nan,nan,nan,nan,nan,nan,nan,nan,nan,nan,nan,nan,nan,5.405405405405372746e-03,nan,nan,nan,nan,nan,nan,nan,5.974395448079627621e-03,nan,0.000000000000000000e+00,nan,nan,nan,nan,nan,nan,nan,nan,nan,nan,nan,nan,nan,nan,nan,5.120910384068255716e-03,nan,nan,nan,0.000000000000000000e+00,nan,nan,nan
9.169054441260727009e-03,nan,nan,nan,nan,nan,-4.297994269340965623e-03,nan,nan,nan,nan,nan,nan,nan,nan,nan,nan,nan,nan,nan,nan,nan,nan,nan,nan,nan,nan,nan,nan,nan,6.876790830945544823e-03,nan,nan,nan,-6.017191977077396281e-03,nan,nan,nan,nan,nan,nan,nan,nan,-1.833810888252156504e-02,-9.742120343839633795e-03,nan,nan,nan,nan,nan,0.000000000000000000e+00,nan,nan,-8.595988538682042268e-03,5.730659025787954164e-03,6.017191977077352046e-03,nan,nan,nan,nan,nan,nan,nan,nan,nan
nan,0.000000000000000000e+00,nan,nan,nan,0.000000000000000000e+00,nan,nan,nan,0.000000000000000000e+00,8.080808080808066923e-03,nan,nan,nan,nan,nan,nan,nan,nan,nan,nan,nan,nan,nan,nan,nan,nan,nan,nan,nan,nan,nan,nan,nan,nan,nan,nan,nan,nan,nan,nan,nan,nan,0.000000000000000000e+00,-1.731601731601739623e-03,0.000000000000000000e+00,nan,nan,nan,nan,0.000000000000000000e+00,nan,nan,1.731601731601717289e-03,nan,nan,nan,nan,nan,nan,nan,0.000000000000000000e+00,nan,nan,nan
-6.986899563318727142e-03,0.000000000000000000e+00,nan,nan,nan,nan,nan,nan,nan,0.000000000000000000e+00,-8.442503639010157795e-03,nan,nan,nan,nan,nan,nan,nan,nan,nan,nan,-1.950509461426486180e-02,nan,nan,nan,nan,nan,nan,nan,nan,-2.328966521106212891e-03,-5.531295487627319041e-03,nan,nan,nan,nan,nan,nan,nan,nan,nan,nan,nan,nan,nan,nan,nan,nan,nan,nan,0.000000000000000000e+00,nan,nan,-8.151382823871844430e-03,nan,nan,nan,nan,nan,nan,nan,0.000000000000000000e+00,nan,nan,nan
1.977401129943501257e-02,nan,nan,nan,nan,0.000000000000000000e+00,1.242937853107344351e-02,nan,nan,0.000000000000000000e+00,1.610169491525424018e-02,nan,nan,nan,nan,nan,nan,nan,nan,nan,nan,nan,nan,nan,nan,nan,nan,nan,nan,nan,nan,nan,nan,nan,nan,nan,nan,nan,nan,1.497175141242939114e-02,nan,nan,1.666666666666667337e-02,9.604519774011310504e-03,nan,nan,nan,nan,nan,nan,0.000000000000000000e+00,nan,nan,-2.824858757062154255e-03,nan,nan,nan,nan,nan,nan,nan,nan,nan,nan,nan
nan,0.000000000000000000e+00,nan,nan,nan,nan,nan,nan,nan,nan,2.844950213371611023e-04,nan,nan,nan,nan,4.096728307254624696e-02,nan,nan,nan,nan,nan,nan,nan,nan,nan,nan,nan,nan,nan,nan,nan,nan,nan,nan,nan,nan,nan,nan,nan,nan,5.974395448079650173e-03,nan,nan,1.564722617354197265e-02,1.166429587482218332e-02,nan,3.897581792318634275e-02,1.963015647226171861e-02,nan,nan,nan,nan,nan,nan,nan,nan,nan,nan,nan,nan,nan,0.000000000000000000e+00,nan,nan,5.120910384068280002e-02
nan,nan,nan,nan,nan,0.000000000000000000e+00,nan,nan,nan,0.000000000000000000e+00,nan,nan,nan,nan,-8.157524613220812001e-03,nan,nan,nan,nan,nan,nan,nan,nan,nan,nan,nan,nan,nan,nan,nan,nan,nan,nan,nan,nan,nan,nan,nan,nan,nan,5.907172995780562638e-03,nan,nan,nan,4.500703234880454491e-03,0.000000000000000000e+00,nan,nan,nan,1.406469760900108581e-03,nan,nan,nan,nan,nan,nan,nan,nan,1.462728551336143178e-02,nan,nan,0.000000000000000000e+00,nan,nan,-6.751054852320659619e-03
nan,0.000000000000000000e+00,nan,5.961251862891226230e-03,nan,nan,nan,nan,nan,nan,nan,nan,nan,nan,nan,nan,nan,nan,nan,nan,nan,nan,nan,nan,nan,nan,nan,nan,nan,nan,nan,nan,nan,nan,nan,nan,nan,nan,nan,nan,nan,nan,nan,nan,-2.086438152011926839e-03,0.000000000000000000e+00,0.000000000000000000e+00,nan,nan,nan,0.000000000000000000e+00,nan,nan,-1.788375558867350001e-03,9.538002980625903682e-03,1.222056631892693909e-02,nan,nan,nan,nan,nan,0.000000000000000000e+00,nan,nan,nan
-3.529411764705869901e-03,nan,nan,nan,nan,nan,1.764705882352934950e-03,-8.529411764705896459e-03,nan,nan,nan,nan,nan,nan,nan,nan,nan,-6.470588235294116863e-03,nan,nan,nan,nan,nan,nan,-4.411764705882337267e-03,nan,nan,nan,nan,nan,nan,nan,nan,nan,nan,nan,0.000000000000000000e+00,nan,nan,nan,9.411764705882319157e-03,nan,nan,nan,nan,nan,nan,nan,nan,nan,0.000000000000000000e+00,nan,nan,nan,nan,nan,nan,nan,nan,nan,nan,0.000000000000000000e+00,nan,nan,-1.764705882352934950e-03
nan,0.000000000000000000e+00,nan,nan,nan,nan,nan,nan,0.000000000000000000e+00,0.000000000000000000e+00,nan,nan,nan,nan,8.998548621190094465e-03,nan,1.683599419448471649e-02,nan,nan,nan,nan,nan,nan,nan,nan,nan,nan,nan,1.567489114658921975e-02,nan,nan,nan,nan,1.538461538461537506e-02,nan,nan,0.000000000000000000e+00,nan,nan,4.063860667634244632e-03,nan,nan,1.074020319303332568e-02,nan,nan,nan,nan,nan,nan,nan,nan,nan,nan,nan,nan,nan,nan,nan,nan,nan,nan,nan,nan,nan,nan
nan,0.000000000000000000e+00,nan,nan,nan,nan,nan,nan,nan,0.000000000000000000e+00,-8.746355685131245936e-03,nan,nan,nan,nan,nan,nan,nan,nan,nan,nan,-8.746355685131245936e-03,nan,nan,nan,nan,nan,nan,nan,nan,nan,nan,nan,nan,-2.157434402332365428e-02,nan,nan,nan,nan,nan,5.830903790087438310e-03,nan,-2.220446049250313204e-17,nan,-2.128279883381927265e-02,nan,0.000000000000000000e+00,nan,nan,nan,nan,nan,nan,nan,nan,nan,nan,nan,nan,nan,nan,0.000000000000000000e+00,nan,nan,nan
5.813953488371881523e-04,0.000000000000000000e+00,nan,nan,nan,nan,nan,nan,nan,0.000000000000000000e+00,nan,nan,nan,nan,nan,2.616279069767401926e-03,nan,nan,nan,nan,nan,9.011627906976692887e-03,nan,nan,nan,nan,nan,nan,nan,nan,nan,nan,nan,1.424418604651156439e-02,nan,nan,nan,nan,nan,nan,nan,nan,nan,nan,8.720930232557933415e-04,nan,nan,nan,nan,nan,nan,nan,nan,2.616279069767446595e-03,nan,nan,nan,nan,nan,nan,nan,0.000000000000000000e+00,nan,nan,5.813953488372059115e-03
nan,0.000000000000000000e+00,nan,nan,nan,nan,nan,nan,nan,0.000000000000000000e+00,8.908045977011469843e-03,nan,nan,nan,nan,nan,nan,nan,nan,nan,nan,nan,nan,nan,nan,nan,nan,nan,nan,nan,1.350574712643679530e-02,nan,nan,nan,-4.597701149425303772e-03,nan,nan,nan,nan,nan,nan,nan,nan,nan,1.724137931034475145e-03,nan,nan,-4.310344827586210306e-03,nan,nan,0.000000000000000000e+00,nan,nan,nan,nan,nan,nan,nan,nan,nan,nan,0.000000000000000000e+00,nan,nan,1.752873563218391301e-02
3.493449781659374413e-03,nan,2.911208151382837887e-03,nan,nan,nan,3.202328966521128702e-03,2.911208151382904891e-04,nan,nan,nan,nan,nan,nan,nan,-3.202328966521061915e-03,nan,-2.037845705967944628e-03,nan,nan,nan,nan,nan,nan,-5.822416302765142998e-04,nan,nan,nan,nan,nan,nan,nan,nan,nan,nan,nan,nan,nan,nan,-2.328966521106235008e-03,2.911208151383126610e-04,nan,nan,nan,nan,nan,nan,nan,nan,nan,0.000000000000000000e+00,nan,nan,nan,nan,nan,nan,nan,nan,nan,nan,nan,nan,nan,nan
nan,nan,nan,nan,nan,nan,nan,-5.294117647058870987e-03,nan,nan,1.176470588235289895e-03,nan,nan,nan,-2.647058823529424652e-03,nan,nan,-2.647058823529402534e-03,nan,nan,nan,nan,nan,-2.647058823529424652e-03,-3.823529411764714329e-03,nan,nan,nan,-2.058823529411779596e-03,nan,nan,nan,nan,nan,nan,nan,nan,nan,nan,-1.764705882352934950e-03,nan,nan,nan,nan,nan,nan,nan,nan,nan,nan,nan,nan,nan,2.941176470588224737e-04,nan,nan,nan,nan,-1.176470588235289895e-03,nan,nan,nan,nan,nan,nan
nan,nan,6.034482758620752021e-03,nan,nan,0.000000000000000000e+00,nan,nan,nan,0.000000000000000000e+00,2.873563218391161802e-04,nan,nan,nan,6.321839080459801252e-03,nan,nan,nan,nan,nan,nan,nan,nan,nan,nan,nan,nan,nan,nan,nan,nan,nan,nan,nan,nan,nan,nan,nan,nan,4.022988505747160208e-03,4.310344827586254542e-03,nan,nan,nan,nan,nan,nan,nan,nan,nan,nan,nan,nan,-2.873563218390717822e-04,nan,nan,nan,nan,5.747126436781657688e-03,nan,nan,0.000000000000000000e+00,nan,nan,nan
-1.422475106685672317e-03,nan,nan,nan,nan,nan,nan,1.706970128022744461e-03,nan,0.000000000000000000e+00,2.844950213370722519e-04,nan,nan,nan,-2.560455192034183369e-03,nan,nan,4.267425320056838708e-03,nan,nan,nan,nan,nan,nan,nan,nan,nan,nan,nan,nan,nan,nan,nan,nan,nan,nan,nan,nan,nan,2.844950213370944780e-04,1.706970128022722343e-03,nan,nan,nan,nan,nan,nan,nan,nan,nan,nan,nan,nan,nan,nan,nan,nan,nan,5.689900426742334084e-04,nan,nan,0.000000000000000000e+00,nan,nan,nan
nan,nan,5.780346820809523223e-04,nan,nan,nan,nan,nan,nan,0.000000000000000000e+00,nan,nan,nan,nan,8.670520231214062573e-04,nan,nan,nan,nan,nan,nan,nan,nan,nan,nan,nan,nan,nan,2.890173410404983873e-04,nan,nan,nan,nan,nan,-6.936416184971072249e-03,nan,nan,nan,nan,nan,-2.601156069364152310e-03,nan,-1.445086705202269783e-03,nan,nan,nan,nan,nan,nan,nan,0.000000000000000000e+00,nan,nan,nan,nan,nan,nan,nan,6.358381502890186714e-03,nan,nan,0.000000000000000000e+00,nan,nan,nan
-2.288984263233184799e-03,nan,nan,nan,nan,nan,-4.577968526466325364e-03,3.147353361945648235e-03,nan,0.000000000000000000e+00,nan,nan,nan,nan,-1.716738197424860736e-03,nan,nan,nan,nan,nan,nan,nan,nan,5.722460658083239554e-04,nan,nan,nan,nan,1.716738197424927306e-03,nan,nan,nan,nan,nan,nan,nan,nan,nan,nan,-4.005722460658067870e-03,4.864091559370531739e-03,nan,nan,nan,nan,nan,nan,nan,nan,nan,0.000000000000000000e+00,nan,nan,nan,nan,nan,nan,nan,nan,nan,nan,nan,nan,nan,nan
nan,0.000000000000000000e+00,nan,nan,nan,nan,nan,nan,nan,0.000000000000000000e+00,7.726597325408590677e-03,nan,nan,nan,2.080237741456159029e-03,nan,nan,nan,nan,nan,nan,nan,nan,nan,nan,nan,nan,nan,nan,nan,1.337295690936102233e-02,nan,nan,nan,nan,nan,nan,nan,nan,1.723625557206533848e-02,1.991084695393752213e-02,nan,nan,0.000000000000000000e+00,nan,nan,nan,nan,nan,nan,0.000000000000000000e+00,nan,nan,nan,nan,nan,nan,nan,nan,nan,nan,nan,nan,nan,8.023774145616613396e-03
nan,0.000000000000000000e+00,nan,nan,nan,nan,nan,nan,0.000000000000000000e+00,0.000000000000000000e+00,1.947148817802468648e-03,nan,nan,nan,1.919332406119604942e-02,nan,nan,nan,nan,nan,nan,nan,nan,nan,nan,nan,nan,nan,nan,nan,nan,nan,nan,nan,nan,nan,0.000000000000000000e+00,nan,nan,nan,nan,nan,nan,0.000000000000000000e+00,-6.397774687065438566e-03,nan,nan,nan,nan,nan,nan,nan,nan,nan,nan,nan,nan,nan,2.086230876216965680e-02,nan,nan,0.000000000000000000e+00,nan,nan,nan
9.428571428571386887e-03,nan,nan,nan,nan,0.000000000000000000e+00,nan,nan,nan,0.000000000000000000e+00,1.685714285714281363e-02,nan,nan,nan,1.599999999999996911e-02,1.314285714285710026e-02,nan,nan,nan,nan,nan,nan,nan,nan,nan,nan,nan,nan,nan,nan,nan,nan,nan,nan,nan,nan,nan,nan,nan,2.142857142857137326e-02,nan,0.000000000000000000e+00,nan,nan,nan,nan,0.000000000000000000e+00,nan,nan,nan,nan,nan,-8.571428571429118510e-04,nan,nan,nan,nan,nan,nan,nan,nan,nan,nan,nan,nan
nan,nan,nan,nan,nan,nan,nan,nan,nan,nan,-3.264094955489604908e-03,nan,nan,nan,nan,nan,nan,nan,nan,1.157270029673587199e-02,nan,nan,nan,nan,nan,nan,nan,nan,nan,nan,nan,nan,nan,nan,nan,nan,nan,nan,nan,nan,nan,0.000000000000000000e+00,1.513353115727003075e-02,nan,nan,0.000000000000000000e+00,nan,nan,nan,nan,nan,2.611275964391688437e-02,nan,nan,0.000000000000000000e+00,0.000000000000000000e+00,nan,nan,nan,nan,0.000000000000000000e+00,0.000000000000000000e+00,nan,nan,nan
nan,nan,1.069364161849706285e-02,nan,nan,nan,nan,2.861271676300571748e-02,nan,0.000000000000000000e+00,1.127167630057799262e-02,nan,nan,nan,-2.890173410404983873e-04,8.959537572254294355e-03,nan,nan,nan,nan,nan,nan,nan,nan,nan,nan,nan,nan,nan,nan,nan,nan,nan,nan,nan,nan,nan,nan,nan,8.670520231213840745e-03,nan,nan,nan,nan,-8.670520231214284834e-04,nan,nan,nan,nan,nan,0.000000000000000000e+00,nan,nan,nan,nan,nan,nan,nan,nan,nan,nan,0.000000000000000000e+00,nan,nan,nan
nan,nan,-6.552706552706522199e-03,nan,nan,nan,1.139601139601165115e-03,-1.054131054131048940e-02,nan,nan,nan,nan,nan,nan,-1.139601139601098545e-03,nan,nan,-8.262108262108224660e-03,nan,nan,nan,nan,nan,-6.267806267806252767e-03,-7.692307692307664979e-03,nan,nan,nan,nan,nan,nan,nan,nan,nan,nan,nan,nan,nan,nan,-5.698005698005159875e-04,nan,nan,nan,nan,nan,nan,nan,nan,nan,nan,nan,nan,nan,nan,nan,nan,nan,nan,8.547008547008738905e-04,nan,nan,0.000000000000000000e+00,nan,nan,nan
nan,0.000000000000000000e+00,nan,3.827338129496400676e-02,nan,0.000000000000000000e+00,-2.589928057554002818e-03,nan,nan,0.000000000000000000e+00,nan,nan,nan,nan,nan,nan,nan,nan,nan,nan,nan,nan,nan,nan,nan,3.079136690647477081e-02,nan,nan,nan,nan,nan,nan,nan,nan,nan,nan,nan,nan,nan,3.165467625899265509e-03,nan,nan,nan,nan,nan,nan,nan,nan,nan,-2.877697841726645223e-03,0.000000000000000000e+00,nan,nan,nan,nan,nan,nan,nan,nan,nan,nan,0.000000000000000000e+00,nan,nan,nan
-1.692524682651619415e-03,0.000000000000000000e+00,nan,nan,nan,0.000000000000000000e+00,nan,nan,nan,0.000000000000000000e+00,2.538787023977429232e-03,nan,nan,nan,nan,7.052186177715080717e-03,nan,nan,nan,nan,nan,nan,nan,nan,nan,nan,nan,nan,nan,nan,nan,nan,nan,nan,nan,nan,nan,nan,nan,nan,9.308885754583906894e-03,nan,nan,nan,nan,nan,nan,nan,nan,nan,nan,nan,nan,1.128349788434412871e-03,nan,1.100141043723552522e-02,nan,nan,nan,nan,nan,nan,nan,nan,8.462623413258096861e-03
7.780979827089385195e-03,0.000000000000000000e+00,nan,nan,nan,0.000000000000000000e+00,4.034582132564889720e-03,nan,nan,nan,nan,nan,nan,nan,nan,nan,nan,nan,nan,nan,nan,nan,nan,nan,nan,nan,nan,nan,nan,nan,nan,nan,nan,nan,nan,nan,nan,nan,nan,1.152737752161425624e-03,nan,nan,nan,0.000000000000000000e+00,-2.305475504322695990e-03,nan,nan,nan,nan,nan,nan,nan,nan,nan,1.181556195965422981e-02,1.296829971181563332e-02,nan,nan,nan,nan,nan,0.000000000000000000e+00,nan,nan,nan
5.255474452554720691e-03,0.000000000000000000e+00,nan,nan,nan,nan,nan,nan,nan,0.000000000000000000e+00,nan,nan,nan,nan,nan,nan,nan,nan,nan,nan,nan,nan,nan,5.255474452554720691e-03,nan,nan,nan,2.919708029196721672e-04,-4.440892098500626408e-17,nan,-1.751824817518277165e-03,nan,nan,nan,nan,nan,nan,nan,nan,nan,nan,nan,nan,nan,-2.043795620437971559e-03,nan,nan,nan,nan,nan,nan,nan,nan,-1.751824817518277165e-03,nan,nan,nan,nan,nan,nan,nan,0.000000000000000000e+00,nan,nan,nan
nan,nan,nan,nan,nan,nan,1.406469760900153033e-03,nan,nan,0.000000000000000000e+00,5.625879043600568114e-04,nan,nan,nan,nan,nan,nan,nan,nan,nan,nan,nan,nan,nan,nan,nan,nan,nan,nan,nan,0.000000000000000000e+00,nan,nan,nan,-1.378340365682133653e-02,nan,nan,nan,nan,nan,nan,nan,3.375527426160340651e-03,nan,-1.772151898734177639e-02,nan,0.000000000000000000e+00,-1.603375527426158589e-02,nan,nan,nan,nan,nan,nan,nan,nan,nan,nan,nan,nan,nan,0.000000000000000000e+00,nan,nan,nan
nan,0.000000000000000000e+00,nan,nan,nan,0.000000000000000000e+00,9.638554216867479402e-03,nan,nan,0.000000000000000000e+00,nan,nan,0.000000000000000000e+00,nan,nan,2.439759036144579715e-02,nan,nan,nan,nan,nan,nan,nan,nan,nan,nan,nan,nan,nan,nan,nan,nan,nan,nan,nan,nan,0.000000000000000000e+00,nan,nan,-8.734939759036141824e-03,nan,nan,nan,nan,-4.216867469879481689e-03,nan,0.000000000000000000e+00,nan,nan,nan,nan,nan,nan,nan,nan,nan,nan,nan,nan,nan,nan,nan,nan,nan,nan
nan,0.000000000000000000e+00,nan,nan,nan,0.000000000000000000e+00,nan,nan,nan,0.000000000000000000e+00,nan,nan,nan,nan,nan,nan,nan,nan,nan,nan,nan,nan,nan,nan,nan,nan,nan,nan,nan,nan,nan,nan,nan,nan,-1.455604075691407885e-03,nan,nan,nan,nan,nan,nan,nan,nan,0.000000000000000000e+00,-1.455604075691407885e-03,nan,nan,nan,nan,nan,0.000000000000000000e+00,nan,nan,nan,2.911208151382824877e-02,2.474526928675402360e-02,nan,nan,nan,nan,nan,0.000000000000000000e+00,nan,nan,nan
nan,nan,nan,nan,nan,0.000000000000000000e+00,nan,-2.794759825327508551e-02,nan,nan,nan,nan,nan,nan,nan,nan,nan,-3.173216885007277416e-02,nan,nan,nan,nan,nan,nan,-3.493449781659387771e-02,nan,nan,nan,nan,nan,nan,nan,nan,nan,-1.746724890829720600e-03,nan,nan,nan,nan,-5.822416302765809782e-04,nan,nan,nan,nan,nan,0.000000000000000000e+00,0.000000000000000000e+00,nan,nan,-1.455604075691452337e-03,nan,nan,nan,nan,nan,nan,nan,nan,nan,nan,nan,0.000000000000000000e+00,nan,nan,nan
nan,nan,nan,nan,nan,0.000000000000000000e+00,7.988587731811680817e-03,7.132667617689003765e-03,nan,nan,nan,nan,nan,nan,7.703281027104158518e-03,nan,nan,nan,nan,nan,nan,nan,nan,nan,nan,nan,nan,nan,nan,nan,nan,nan,nan,nan,nan,nan,nan,nan,nan,nan,1.540656205420827193e-02,0.000000000000000000e+00,nan,nan,nan,nan,nan,nan,nan,nan,0.000000000000000000e+00,nan,nan,nan,nan,nan,nan,nan,9.129814550641967771e-03,nan,nan,0.000000000000000000e+00,nan,nan,-5.420827389443649662e-03
nan,0.000000000000000000e+00,nan,nan,nan,nan,1.991215226939975144e-02,nan,nan,0.000000000000000000e+00,nan,-2.049780380673471656e-03,nan,nan,nan,nan,nan,6.734992679355822007e-03,nan,nan,nan,nan,nan,nan,nan,nan,nan,nan,nan,nan,nan,nan,nan,nan,nan,nan,nan,nan,nan,nan,nan,nan,nan,nan,nan,nan,0.000000000000000000e+00,nan,nan,nan,0.000000000000000000e+00,nan,nan,4.978038067349954340e-03,nan,nan,nan,nan,nan,nan,nan,0.000000000000000000e+00,nan,nan,-4.978038067349888421e-03
nan,nan,nan,nan,nan,0.000000000000000000e+00,nan,nan,nan,0.000000000000000000e+00,nan,nan,nan,nan,nan,nan,nan,nan,nan,nan,nan,nan,nan,nan,nan,nan,nan,nan,nan,nan,-5.849582172701972387e-03,nan,nan,nan,nan,nan,nan,nan,nan,nan,nan,nan,1.866295264623956188e-02,0.000000000000000000e+00,-2.172701949860727025e-02,nan,0.000000000000000000e+00,-3.565459610027856691e-02,nan,nan,0.000000000000000000e+00,nan,nan,nan,nan,nan,nan,nan,nan,nan,nan,0.000000000000000000e+00,nan,nan,nan
4.335260115606920372e-03,0.000000000000000000e+00,nan,nan,nan,nan,nan,nan,nan,0.000000000000000000e+00,1.445086705202269783e-03,nan,nan,nan,nan,nan,nan,nan,nan,nan,nan,nan,nan,nan,nan,nan,nan,nan,nan,nan,0.000000000000000000e+00,nan,nan,nan,nan,nan,0.000000000000000000e+00,nan,nan,nan,2.890173410404606354e-03,nan,nan,0.000000000000000000e+00,nan,nan,nan,nan,nan,nan,nan,nan,nan,nan,nan,nan,nan,4.335260115606897821e-03,nan,nan,nan,nan,nan,nan,2.601156069364152310e-03
nan,nan,nan,nan,nan,0.000000000000000000e+00,nan,nan,nan,0.000000000000000000e+00,2.601156069364196546e-03,nan,nan,nan,4.913294797687895246e-03,nan,nan,nan,nan,nan,nan,nan,nan,nan,nan,nan,nan,nan,nan,nan,nan,nan,nan,nan,nan,nan,nan,nan,nan,4.046242774566510998e-03,1.011560693641619900e-02,nan,2.312138728323698267e-03,nan,nan,nan,nan,nan,nan,nan,nan,nan,nan,nan,nan,nan,nan,nan,9.537572254335269228e-03,nan,nan,0.000000000000000000e+00,nan,nan,2.312138728323742502e-03
nan,0.000000000000000000e+00,nan,nan,nan,0.000000000000000000e+00,nan,nan,nan,0.000000000000000000e+00,1.746724890829696314e-02,nan,nan,nan,nan,nan,nan,nan,nan,nan,nan,nan,nan,nan,nan,nan,nan,nan,nan,nan,nan,2.358078602620092973e-02,nan,nan,nan,nan,nan,nan,nan,1.979621542940326190e-02,1.775836972343525222e-02,nan,nan,nan,-1.746724890829654030e-03,nan,nan,nan,nan,nan,0.000000000000000000e+00,nan,nan,nan,nan,nan,nan,nan,nan,nan,nan,0.000000000000000000e+00,nan,nan,nan
nan,nan,nan,nan,nan,nan,nan,nan,nan,nan,-4.657933042212536803e-03,nan,nan,nan,nan,nan,nan,nan,nan,nan,nan,nan,nan,nan,nan,nan,nan,nan,nan,nan,-2.911208151382882556e-03,nan,nan,nan,nan,nan,nan,nan,nan,nan,4.366812227074179202e-03,nan,nan,nan,nan,nan,0.000000000000000000e+00,-2.328966521106301361e-03,nan,nan,0.000000000000000000e+00,nan,nan,-2.220446049250313204e-17,7.569141193595285352e-03,7.569141193595285352e-03,nan,nan,nan,nan,nan,0.000000000000000000e+00,nan,nan,nan
nan,nan,nan,nan,nan,0.000000000000000000e+00,4.664723032069928270e-03,nan,0.000000000000000000e+00,0.000000000000000000e+00,nan,nan,0.000000000000000000e+00,nan,nan,nan,nan,nan,nan,nan,nan,nan,nan,nan,nan,nan,nan,nan,nan,nan,nan,nan,nan,nan,nan,nan,0.000000000000000000e+00,nan,nan,3.206997084548057850e-03,1.603498542274046576e-02,nan,nan,nan,nan,nan,nan,nan,nan,nan,nan,nan,nan,nan,nan,nan,nan,nan,1.865889212827984839e-02,nan,nan,0.000000000000000000e+00,nan,nan,nan
nan,nan,nan,nan,nan,0.000000000000000000e+00,3.473227206946449732e-03,nan,nan,0.000000000000000000e+00,4.052098408104142999e-03,nan,nan,nan,nan,nan,nan,nan,nan,nan,nan,nan,nan,-1.447178002894378233e-03,nan,nan,nan,nan,2.604920405209831986e-03,nan,7.814761215629495092e-03,nan,nan,nan,-1.128798842257601118e-02,nan,0.000000000000000000e+00,nan,nan,nan,nan,nan,nan,nan,nan,nan,nan,nan,nan,nan,nan,nan,nan,nan,nan,nan,nan,nan,nan,nan,nan,0.000000000000000000e+00,nan,nan,nan
nan,0.000000000000000000e+00,nan,nan,nan,nan,nan,-4.154302670623133756e-03,nan,nan,nan,nan,nan,nan,nan,nan,nan,-1.483679525222547646e-03,nan,nan,nan,nan,nan,-4.154302670623133756e-03,2.967359050445095075e-04,nan,nan,nan,-5.934718100890190584e-03,nan,nan,nan,nan,nan,nan,nan,nan,nan,nan,nan,-4.747774480712152120e-03,0.000000000000000000e+00,nan,nan,nan,nan,-7.418397626112738230e-03,nan,nan,nan,nan,nan,nan,nan,nan,nan,nan,nan,nan,nan,nan,0.000000000000000000e+00,nan,nan,nan
nan,0.000000000000000000e+00,nan,nan,nan,0.000000000000000000e+00,nan,nan,nan,0.000000000000000000e+00,-1.206636500754143526e-03,nan,nan,nan,nan,-1.508295625942679408e-03,nan,nan,nan,nan,nan,nan,nan,nan,nan,nan,nan,nan,nan,nan,1.266968325791855213e-02,nan,nan,nan,nan,nan,nan,nan,nan,nan,nan,nan,-1.206636500754143526e-03,-6.938159879336347827e-03,nan,nan,nan,nan,nan,nan,nan,nan,nan,nan,nan,nan,nan,nan,nan,nan,nan,0.000000000000000000e+00,nan,nan,1.206636500754148036e-02
nan,nan,nan,nan,nan,0.000000000000000000e+00,-2.597402597402642503e-03,nan,nan,0.000000000000000000e+00,-5.772005772005805828e-03,nan,nan,nan,nan,nan,nan,nan,nan,nan,nan,nan,nan,nan,nan,nan,nan,nan,nan,nan,nan,nan,nan,nan,nan,nan,nan,nan,nan,-9.812409812409873117e-03,nan,nan,-8.658008658008808705e-04,-5.772005772005828379e-03,nan,nan,nan,nan,nan,nan,nan,nan,nan,nan,-8.658008658009030967e-04,-2.886002886003380397e-04,nan,nan,nan,nan,nan,nan,nan,nan,-3.751803751803795169e-03
nan,0.000000000000000000e+00,nan,nan,nan,nan,nan,nan,nan,0.000000000000000000e+00,nan,-1.201716738197427040e-02,nan,nan,nan,6.008583690987068411e-03,nan,nan,nan,nan,nan,nan,nan,nan,nan,nan,nan,nan,nan,nan,nan,nan,nan,nan,-2.517882689556511996e-02,nan,nan,nan,nan,nan,nan,nan,nan,nan,nan,nan,0.000000000000000000e+00,-1.344778254649501258e-02,nan,nan,0.000000000000000000e+00,nan,nan,-7.153075822603782892e-03,nan,nan,nan,nan,nan,nan,nan,nan,nan,nan,-1.430615164520787717e-03
nan,0.000000000000000000e+00,nan,nan,nan,0.000000000000000000e+00,nan,nan,nan,0.000000000000000000e+00,8.571428571428896248e-04,nan,nan,nan,nan,nan,nan,nan,nan,nan,nan,nan,nan,nan,nan,nan,nan,nan,nan,nan,nan,nan,nan,nan,nan,nan,nan,nan,nan,nan,-1.999999999999957541e-03,nan,nan,-6.285714285714272091e-03,-1.999999999999957541e-03,nan,nan,-1.142857142857090034e-03,nan,nan,nan,nan,nan,3.542857142857145508e-02,nan,nan,nan,nan,nan,nan,nan,0.000000000000000000e+00,nan,nan,nan
nan,nan,nan,nan,nan,0.000000000000000000e+00,nan,nan,nan,0.000000000000000000e+00,-1.152737752161425624e-03,nan,nan,nan,nan,1.585014409221898596e-02,nan,nan,nan,nan,nan,nan,nan,nan,nan,nan,nan,nan,nan,nan,2.766570605187317414e-02,nan,nan,nan,-3.170028818443837524e-03,nan,nan,nan,nan,nan,nan,nan,1.873198847262242880e-02,nan,4.610951008645503002e-03,nan,4.899135446685853879e-03,-1.930835734870319648e-02,nan,nan,nan,nan,nan,nan,nan,nan,nan,nan,nan,nan,nan,nan,nan,nan,nan
nan,0.000000000000000000e+00,nan,nan,nan,nan,-6.497175141242972178e-03,nan,nan,nan,nan,nan,nan,nan,nan,1.694915254237283533e-03,nan,nan,nan,nan,nan,nan,nan,nan,nan,nan,nan,nan,nan,nan,7.344632768361591610e-03,nan,nan,nan,-1.497175141242941196e-02,nan,nan,nan,nan,nan,nan,nan,1.751412429378529367e-02,nan,-4.237288135593253284e-03,0.000000000000000000e+00,nan,nan,nan,nan,0.000000000000000000e+00,nan,nan,nan,nan,nan,nan,nan,nan,nan,nan,0.000000000000000000e+00,nan,nan,nan
1.167883211678843926e-03,nan,-5.255474452554720691e-03,nan,nan,nan,-2.919708029197054522e-03,-7.883211678832057617e-03,nan,nan,nan,nan,nan,nan,nan,nan,nan,nan,-6.423357664233519948e-03,nan,nan,nan,-2.919708029196499410e-04,nan,-6.423357664233542499e-03,nan,-8.175182481751775213e-03,nan,nan,nan,nan,nan,nan,nan,nan,nan,nan,nan,nan,-2.919708029197054522e-03,nan,nan,nan,nan,nan,0.000000000000000000e+00,nan,nan,nan,nan,nan,nan,nan,nan,nan,nan,nan,nan,nan,nan,nan,nan,nan,nan,nan
nan,nan,nan,nan,nan,0.000000000000000000e+00,nan,nan,nan,nan,3.138373751783141239e-03,nan,nan,nan,nan,nan,nan,nan,nan,nan,nan,nan,nan,nan,nan,nan,nan,nan,nan,nan,0.000000000000000000e+00,nan,nan,nan,nan,nan,nan,nan,nan,nan,nan,nan,nan,1.483594864479311805e-02,-2.853067047075885437e-04,nan,0.000000000000000000e+00,6.847360912981437231e-03,nan,nan,0.000000000000000000e+00,nan,nan,-1.997146932952986557e-03,nan,nan,nan,nan,nan,nan,nan,0.000000000000000000e+00,nan,nan,nan
5.085227272727273207e-02,nan,nan,nan,nan,0.000000000000000000e+00,nan,nan,0.000000000000000000e+00,0.000000000000000000e+00,nan,nan,0.000000000000000000e+00,nan,6.647727272727277370e-02,nan,nan,nan,nan,nan,nan,nan,nan,nan,nan,nan,nan,nan,nan,nan,nan,nan,nan,nan,nan,nan,nan,nan,nan,1.079545454545454211e-02,nan,nan,nan,nan,nan,nan,nan,nan,nan,nan,0.000000000000000000e+00,nan,nan,4.261363636363646457e-03,nan,nan,nan,nan,nan,nan,nan,nan,nan,nan,3.636363636363639656e-02
nan,0.000000000000000000e+00,nan,nan,nan,0.000000000000000000e+00,2.575107296137324388e-03,nan,nan,0.000000000000000000e+00,2.861230329041486529e-03,nan,nan,nan,nan,nan,nan,nan,nan,nan,nan,nan,nan,nan,nan,nan,nan,nan,nan,nan,nan,nan,nan,nan,5.436337625178833469e-03,nan,nan,nan,nan,1.144492131616581341e-03,nan,nan,nan,0.000000000000000000e+00,nan,0.000000000000000000e+00,nan,nan,nan,nan,nan,nan,nan,nan,nan,nan,nan,nan,nan,nan,nan,nan,nan,nan,7.725321888412017834e-03
nan,0.000000000000000000e+00,nan,nan,nan,nan,nan,1.292217327459614998e-02,nan,0.000000000000000000e+00,-5.873715124816714095e-04,nan,nan,nan,nan,nan,nan,1.174743024963253914e-03,nan,nan,nan,nan,nan,nan,nan,nan,nan,nan,nan,nan,nan,nan,nan,nan,nan,nan,nan,nan,nan,nan,4.111600587371477822e-03,nan,nan,0.000000000000000000e+00,nan,nan,0.000000000000000000e+00,nan,nan,nan,nan,nan,nan,nan,nan,nan,nan,nan,4.698972099853149231e-03,nan,nan,nan,nan,nan,-2.220446049250313204e-17
nan,nan,nan,nan,nan,nan,nan,nan,nan,nan,-1.746724890829742718e-03,-2.620087336244569624e-03,nan,nan,nan,nan,nan,nan,nan,nan,nan,nan,nan,nan,nan,nan,nan,nan,nan,nan,nan,nan,nan,nan,nan,nan,nan,nan,nan,nan,nan,nan,-2.620087336244569624e-03,0.000000000000000000e+00,1.164483260553073052e-03,nan,0.000000000000000000e+00,-6.404657933042234852e-03,nan,nan,0.000000000000000000e+00,nan,nan,-2.911208151382860439e-03,nan,nan,nan,nan,nan,nan,nan,nan,nan,nan,1.746724890829654030e-03
nan,nan,8.571428571428230548e-04,nan,nan,nan,nan,-1.428571428571445701e-03,nan,0.000000000000000000e+00,nan,nan,nan,nan,nan,nan,nan,-2.220446049250313204e-17,nan,nan,nan,nan,nan,nan,-2.000000000000046012e-03,nan,nan,nan,2.857142857142669248e-04,nan,nan,nan,nan,nan,nan,nan,nan,nan,nan,5.714285714285338496e-04,nan,nan,nan,nan,nan,nan,nan,nan,nan,nan,0.000000000000000000e+00,nan,nan,2.857142857142891510e-04,nan,nan,nan,nan,nan,nan,nan,0.000000000000000000e+00,nan,nan,nan
1.447178002894355898e-03,nan,8.683068017366157507e-03,nan,nan,nan,nan,nan,nan,nan,-2.894356005788711796e-03,nan,0.000000000000000000e+00,nan,nan,nan,nan,nan,nan,nan,nan,nan,nan,nan,nan,nan,nan,nan,nan,nan,nan,nan,nan,nan,nan,nan,nan,nan,nan,2.604920405209854104e-03,1.099855282199710925e-02,nan,nan,nan,nan,nan,nan,nan,nan,nan,0.000000000000000000e+00,nan,nan,nan,nan,nan,nan,nan,1.070911722141822987e-02,nan,nan,0.000000000000000000e+00,nan,nan,5.788712011577446144e-03
nan,nan,nan,nan,nan,nan,nan,-5.763688760806862273e-03,nan,0.000000000000000000e+00,-2.881844380403064784e-04,nan,nan,nan,-3.170028818443748619e-03,nan,nan,-4.034582132564801249e-03,nan,nan,nan,nan,nan,nan,-6.340057636887541474e-03,nan,nan,nan,-1.152737752161336936e-03,nan,nan,nan,nan,nan,nan,nan,nan,nan,nan,-3.746397694524450372e-03,-4.899135446685831327e-03,nan,nan,nan,nan,nan,nan,nan,nan,nan,nan,nan,nan,nan,nan,nan,nan,nan,-2.305475504322740225e-03,nan,nan,nan,nan,nan,nan
nan,nan,nan,nan,nan,0.000000000000000000e+00,nan,nan,nan,nan,-1.434720229555286244e-03,nan,nan,nan,nan,nan,nan,nan,nan,nan,nan,nan,1.434720229555197556e-03,nan,nan,nan,nan,nan,nan,nan,nan,nan,nan,nan,nan,nan,nan,0.000000000000000000e+00,nan,-3.156384505021558786e-03,nan,nan,-1.032998565279772372e-02,0.000000000000000000e+00,nan,nan,nan,nan,nan,nan,nan,nan,nan,nan,6.312769010042984866e-03,5.164992826398795076e-03,nan,nan,nan,nan,nan,0.000000000000000000e+00,nan,nan,nan
nan,nan,nan,nan,nan,0.000000000000000000e+00,3.125904486251811221e-02,nan,nan,0.000000000000000000e+00,1.476121562952246134e-02,nan,nan,nan,nan,nan,nan,nan,nan,nan,nan,nan,nan,nan,nan,nan,nan,nan,nan,nan,nan,nan,nan,nan,nan,nan,0.000000000000000000e+00,nan,nan,5.499276410998565900e-03,nan,nan,1.447178002894358197e-02,nan,nan,nan,nan,nan,nan,nan,0.000000000000000000e+00,nan,nan,1.447178002894355898e-03,nan,nan,nan,nan,nan,nan,nan,0.000000000000000000e+00,nan,nan,nan
3.508771929824594429e-03,0.000000000000000000e+00,nan,nan,nan,nan,nan,nan,nan,0.000000000000000000e+00,nan,nan,nan,nan,nan,nan,nan,nan,nan,nan,nan,nan,nan,nan,nan,nan,nan,nan,nan,nan,nan,nan,nan,nan,nan,nan,nan,nan,nan,nan,nan,nan,-8.771929824561208516e-04,nan,-2.631578947368384998e-03,nan,nan,nan,nan,nan,0.000000000000000000e+00,nan,nan,nan,9.941520467836273758e-03,7.602339181286543561e-03,nan,nan,nan,nan,nan,0.000000000000000000e+00,nan,nan,4.093567251462038037e-03
9.869375907111743035e-03,0.000000000000000000e+00,nan,nan,nan,nan,5.805515239477365480e-04,nan,nan,0.000000000000000000e+00,nan,nan,nan,nan,nan,nan,nan,nan,nan,nan,nan,nan,nan,nan,nan,nan,nan,nan,9.869375907111743035e-03,nan,nan,nan,nan,nan,nan,nan,0.000000000000000000e+00,nan,nan,nan,nan,nan,nan,nan,-5.515239477503652843e-03,nan,0.000000000000000000e+00,nan,nan,nan,nan,nan,nan,-5.805515239477365480e-04,nan,nan,nan,nan,nan,nan,nan,nan,nan,nan,-2.322206095791012979e-03
nan,nan,nan,nan,nan,0.000000000000000000e+00,-2.828854314002482331e-04,nan,nan,0.000000000000000000e+00,nan,3.677510608203671174e-03,nan,nan,nan,nan,nan,nan,nan,nan,nan,nan,nan,nan,nan,nan,nan,nan,nan,nan,nan,nan,nan,nan,nan,nan,nan,0.000000000000000000e+00,nan,-5.374823196605338707e-03,nan,nan,-2.545968882602544885e-03,-1.103253182461099227e-02,nan,nan,nan,nan,nan,nan,0.000000000000000000e+00,nan,nan,nan,nan,nan,nan,nan,nan,nan,nan,0.000000000000000000e+00,nan,nan,nan
1.015965166908567793e-02,0.000000000000000000e+00,nan,nan,nan,nan,nan,nan,nan,0.000000000000000000e+00,nan,nan,0.000000000000000000e+00,nan,-6.386066763425212942e-03,nan,nan,nan,nan,nan,nan,nan,nan,nan,nan,nan,nan,nan,nan,nan,nan,nan,nan,nan,-8.708272859215826500e-04,nan,0.000000000000000000e+00,nan,nan,7.837445573294665388e-03,6.095791001451411617e-03,nan,nan,nan,nan,nan,nan,nan,nan,nan,nan,nan,nan,nan,nan,nan,nan,nan,8.417997097242424162e-03,nan,nan,nan,nan,nan,nan
nan,0.000000000000000000e+00,nan,nan,nan,0.000000000000000000e+00,-2.816901408450700472e-03,nan,nan,0.000000000000000000e+00,nan,nan,nan,nan,nan,nan,nan,nan,nan,nan,nan,nan,nan,nan,nan,nan,nan,nan,nan,nan,3.380281690140840480e-03,nan,nan,nan,nan,nan,nan,nan,nan,nan,nan,nan,nan,0.000000000000000000e+00,nan,nan,nan,nan,nan,nan,0.000000000000000000e+00,nan,nan,nan,2.816901408450700581e-04,2.535211267605630252e-03,nan,nan,nan,nan,nan,0.000000000000000000e+00,nan,nan,nan
nan,0.000000000000000000e+00,nan,nan,nan,0.000000000000000000e+00,nan,nan,nan,0.000000000000000000e+00,nan,-9.428571428571430255e-03,nan,nan,2.571428571428579970e-03,nan,nan,nan,nan,nan,nan,nan,nan,nan,nan,nan,nan,nan,nan,nan,nan,nan,nan,nan,nan,nan,nan,nan,nan,nan,6.285714285714294643e-03,nan,1.657142857142857029e-02,nan,nan,nan,nan,nan,nan,nan,0.000000000000000000e+00,nan,nan,nan,2.314285714285711087e-02,3.028571428571426999e-02,nan,nan,nan,nan,nan,nan,nan,nan,nan
nan,0.000000000000000000e+00,nan,nan,nan,nan,-4.956268221574378421e-03,nan,nan,0.000000000000000000e+00,nan,nan,nan,nan,nan,9.912536443148623269e-03,nan,nan,nan,nan,nan,nan,nan,nan,nan,nan,nan,nan,1.720116618075797493e-02,nan,nan,nan,nan,nan,nan,nan,0.000000000000000000e+00,nan,nan,5.830903790087394074e-03,nan,nan,nan,nan,-3.790087463556912617e-03,nan,nan,-3.498542274052507568e-03,nan,nan,nan,nan,nan,nan,nan,nan,nan,nan,nan,nan,nan,nan,nan,nan,1.049562682215738826e-02
nan,nan,nan,nan,nan,nan,nan,nan,nan,nan,nan,nan,nan,nan,nan,7.758620689655204399e-03,nan,nan,nan,4.440892098500626408e-17,nan,nan,nan,nan,nan,nan,nan,nan,nan,nan,nan,nan,nan,nan,nan,nan,nan,nan,nan,-1.724137931034452811e-03,nan,nan,nan,-3.448275862068905621e-03,2.011494252873613497e-03,nan,nan,nan,nan,nan,nan,nan,nan,nan,1.465517241379315008e-02,1.580459770114948231e-02,nan,1.264367816091957995e-02,nan,nan,0.000000000000000000e+00,0.000000000000000000e+00,nan,nan,nan
nan,0.000000000000000000e+00,nan,nan,nan,nan,nan,nan,0.000000000000000000e+00,nan,2.478386167146971047e-02,nan,0.000000000000000000e+00,nan,nan,1.440922190201725586e-02,nan,nan,nan,nan,nan,nan,nan,nan,nan,nan,nan,nan,nan,nan,nan,nan,nan,nan,nan,nan,0.000000000000000000e+00,nan,nan,nan,1.037463976945238696e-02,nan,nan,nan,nan,nan,nan,nan,nan,nan,0.000000000000000000e+00,nan,nan,1.440922190201687813e-03,nan,nan,nan,nan,nan,nan,nan,nan,nan,nan,1.210374639769446967e-02
nan,0.000000000000000000e+00,nan,nan,nan,0.000000000000000000e+00,nan,nan,nan,0.000000000000000000e+00,nan,-3.338213762811130525e-02,nan,nan,-2.664714494875548498e-02,nan,nan,nan,nan,nan,nan,nan,nan,nan,nan,nan,nan,nan,nan,nan,nan,nan,nan,nan,nan,nan,nan,nan,nan,nan,nan,nan,nan,-7.027818448023426430e-03,-2.635431918008812775e-03,nan,0.000000000000000000e+00,nan,nan,nan,nan,nan,nan,-4.392386530014657890e-03,nan,nan,nan,nan,nan,nan,nan,nan,nan,nan,-9.956076134699865313e-03
nan,0.000000000000000000e+00,nan,nan,nan,0.000000000000000000e+00,nan,nan,nan,0.000000000000000000e+00,4.748603351955304856e-03,nan,nan,nan,4.748603351955349092e-03,nan,nan,nan,nan,nan,nan,nan,nan,1.955307262569834156e-02,nan,nan,nan,nan,nan,nan,nan,nan,nan,nan,nan,nan,nan,nan,nan,nan,5.586592178770955104e-03,nan,nan,0.000000000000000000e+00,nan,nan,nan,nan,nan,nan,0.000000000000000000e+00,nan,nan,nan,nan,nan,nan,nan,nan,nan,nan,0.000000000000000000e+00,nan,nan,nan
nan,0.000000000000000000e+00,nan,nan,nan,0.000000000000000000e+00,nan,nan,0.000000000000000000e+00,0.000000000000000000e+00,nan,nan,0.000000000000000000e+00,nan,nan,nan,nan,nan,nan,nan,nan,nan,nan,nan,nan,nan,nan,nan,nan,nan,nan,nan,nan,nan,nan,nan,0.000000000000000000e+00,nan,nan,nan,nan,nan,1.141226818830287605e-03,nan,-6.562054208273870697e-03,nan,nan,nan,nan,nan,0.000000000000000000e+00,nan,nan,nan,nan,nan,nan,nan,nan,nan,nan,0.000000000000000000e+00,nan,nan,nan
nan,nan,-1.061692969870879980e-02,nan,nan,nan,nan,nan,nan,nan,nan,nan,0.000000000000000000e+00,nan,nan,nan,nan,nan,nan,nan,nan,nan,-9.182209469153579037e-03,nan,nan,nan,-1.865136298421810057e-02,nan,nan,nan,nan,nan,nan,nan,nan,nan,nan,nan,nan,-6.025824964132042369e-03,-6.599713055954148540e-03,nan,nan,nan,nan,0.000000000000000000e+00,nan,nan,nan,nan,0.000000000000000000e+00,nan,nan,2.869440459110084163e-04,nan,nan,nan,nan,nan,nan,nan,0.000000000000000000e+00,nan,nan,nan
7.803468208092412262e-03,nan,nan,nan,nan,nan,nan,nan,nan,nan,6.647398843930596088e-03,nan,nan,nan,nan,8.092485549132865871e-03,nan,nan,nan,nan,nan,nan,nan,nan,nan,nan,nan,nan,nan,nan,nan,nan,nan,nan,nan,nan,nan,nan,nan,-2.312138728323765054e-03,2.023121387283231126e-02,0.000000000000000000e+00,nan,nan,1.156069364161815740e-03,nan,nan,nan,nan,nan,0.000000000000000000e+00,nan,nan,nan,nan,nan,nan,nan,1.445086705202307600e-02,nan,nan,0.000000000000000000e+00,nan,nan,nan
nan,nan,nan,nan,nan,0.000000000000000000e+00,7.503607503607523550e-03,nan,nan,0.000000000000000000e+00,6.060606060606099632e-03,nan,nan,nan,nan,nan,nan,nan,nan,nan,nan,nan,nan,nan,nan,nan,nan,nan,nan,nan,2.308802308802313658e-02,nan,nan,nan,nan,nan,nan,nan,nan,nan,nan,nan,nan,0.000000000000000000e+00,-1.443001443001401584e-03,nan,nan,nan,nan,nan,0.000000000000000000e+00,nan,nan,2.308802308802349133e-03,nan,4.329004329004335766e-02,nan,nan,nan,nan,nan,nan,nan,nan,nan
nan,nan,nan,nan,nan,0.000000000000000000e+00,-3.601108033241051838e-03,nan,nan,nan,-3.047091412742397587e-03,nan,nan,nan,nan,nan,nan,nan,nan,nan,nan,nan,nan,nan,nan,nan,nan,nan,nan,nan,1.689750692520770523e-02,nan,nan,nan,nan,nan,nan,nan,nan,nan,nan,nan,nan,0.000000000000000000e+00,nan,nan,0.000000000000000000e+00,-1.772853185595570785e-02,nan,nan,0.000000000000000000e+00,nan,nan,-1.966759002770086459e-02,nan,nan,nan,nan,nan,nan,nan,0.000000000000000000e+00,nan,nan,nan
nan,0.000000000000000000e+00,nan,nan,nan,0.000000000000000000e+00,3.684210526315789824e-02,nan,nan,0.000000000000000000e+00,-2.631578947368429233e-03,nan,nan,nan,1.345029239766080097e-02,nan,nan,nan,nan,nan,nan,nan,nan,nan,nan,nan,nan,nan,nan,nan,nan,nan,nan,nan,nan,nan,nan,nan,nan,nan,1.608187134502920765e-02,nan,nan,0.000000000000000000e+00,nan,nan,nan,nan,nan,nan,nan,nan,nan,5.847953216374212736e-04,nan,nan,nan,nan,nan,nan,nan,0.000000000000000000e+00,nan,nan,nan
nan,0.000000000000000000e+00,nan,nan,nan,0.000000000000000000e+00,nan,nan,0.000000000000000000e+00,nan,5.917159763313551216e-03,nan,0.000000000000000000e+00,nan,nan,nan,nan,nan,nan,nan,nan,nan,nan,nan,nan,nan,nan,nan,nan,nan,nan,nan,nan,nan,nan,nan,nan,nan,nan,nan,nan,nan,nan,0.000000000000000000e+00,3.846153846153810372e-03,nan,nan,nan,nan,nan,nan,nan,nan,nan,0.000000000000000000e+00,0.000000000000000000e+00,nan,nan,nan,nan,nan,0.000000000000000000e+00,nan,nan,nan
nan,0.000000000000000000e+00,nan,nan,nan,nan,nan,nan,nan,0.000000000000000000e+00,1.480406386066765966e-02,nan,nan,nan,nan,nan,nan,nan,nan,nan,nan,nan,nan,nan,nan,nan,nan,nan,nan,nan,nan,nan,nan,nan,nan,nan,nan,nan,nan,nan,nan,nan,1.654571843251091343e-02,nan,1.509433962264152863e-02,0.000000000000000000e+00,nan,nan,nan,nan,0.000000000000000000e+00,nan,nan,-2.612481857764858972e-03,nan,nan,nan,nan,nan,nan,nan,0.000000000000000000e+00,nan,nan,5.457184325108856843e-02
1.880341880341884764e-02,0.000000000000000000e+00,nan,nan,nan,nan,nan,1.339031339031346822e-02,nan,0.000000000000000000e+00,nan,nan,0.000000000000000000e+00,nan,nan,nan,nan,nan,nan,nan,nan,1.367521367521373765e-02,nan,nan,nan,1.965811965811972012e-02,nan,nan,nan,nan,nan,nan,nan,nan,nan,nan,nan,nan,nan,nan,nan,nan,nan,4.440892098500626408e-17,1.424501424501478566e-03,nan,nan,nan,nan,nan,nan,nan,nan,nan,nan,nan,nan,nan,nan,nan,nan,0.000000000000000000e+00,nan,nan,nan
2.844950213371388761e-04,0.000000000000000000e+00,nan,nan,nan,nan,1.706970128022788913e-03,nan,nan,0.000000000000000000e+00,-5.405405405405372746e-03,nan,nan,nan,9.672830725462322476e-03,nan,nan,nan,nan,nan,nan,nan,nan,nan,1.735419630156471646e-02,nan,nan,nan,nan,nan,nan,nan,nan,nan,nan,nan,nan,nan,nan,nan,6.258890469416811438e-03,nan,nan,nan,nan,nan,nan,nan,nan,nan,nan,nan,nan,5.689900426742777522e-04,nan,nan,nan,nan,nan,nan,nan,0.000000000000000000e+00,nan,nan,nan
4.899135446685831327e-03,nan,nan,-9.510086455331422800e-03,nan,nan,-2.593659942363135771e-03,nan,nan,nan,2.593659942363046866e-03,nan,nan,nan,nan,nan,nan,nan,nan,nan,nan,-1.642651296829975710e-02,nan,3.458213256484143731e-03,nan,nan,nan,nan,nan,nan,nan,nan,2.017291066282411900e-03,nan,nan,nan,0.000000000000000000e+00,nan,nan,nan,nan,nan,1.210374639769446967e-02,nan,-1.729106628242083141e-03,nan,nan,nan,nan,nan,nan,nan,nan,nan,nan,nan,nan,nan,nan,nan,nan,nan,nan,nan,nan
nan,0.000000000000000000e+00,nan,nan,nan,nan,-2.881844380402842523e-04,nan,nan,0.000000000000000000e+00,nan,nan,nan,nan,nan,2.017291066282478253e-03,nan,nan,nan,nan,nan,nan,nan,nan,nan,9.510086455331467903e-03,nan,nan,nan,nan,nan,nan,nan,nan,nan,nan,0.000000000000000000e+00,nan,nan,nan,1.152737752161385812e-02,nan,6.340057636887652497e-03,nan,nan,0.000000000000000000e+00,nan,nan,nan,nan,nan,nan,nan,nan,nan,nan,nan,nan,nan,nan,nan,0.000000000000000000e+00,nan,nan,nan
4.249291784702546523e-03,0.000000000000000000e+00,nan,nan,nan,nan,nan,nan,nan,0.000000000000000000e+00,nan,nan,nan,nan,6.232294617563760748e-03,nan,nan,nan,nan,nan,nan,nan,nan,nan,nan,nan,nan,nan,nan,nan,nan,nan,nan,nan,nan,nan,nan,nan,nan,nan,6.798866855524110520e-03,nan,4.249291784702546523e-03,nan,nan,0.000000000000000000e+00,nan,2.832861189801682937e-03,2.832861189801638810e-04,nan,nan,nan,nan,nan,nan,nan,nan,nan,nan,nan,nan,0.000000000000000000e+00,nan,nan,nan
nan,nan,nan,nan,nan,nan,4.216867469879548476e-03,nan,nan,nan,6.024096385542244015e-04,nan,nan,nan,-6.024096385541577231e-04,2.108433734939785080e-03,nan,nan,nan,nan,nan,nan,nan,nan,nan,nan,nan,nan,nan,nan,nan,nan,nan,nan,nan,nan,nan,nan,nan,nan,nan,nan,1.506024096385605348e-03,nan,nan,nan,0.000000000000000000e+00,nan,nan,nan,0.000000000000000000e+00,nan,nan,nan,nan,nan,nan,nan,4.518072289156660135e-03,nan,nan,0.000000000000000000e+00,nan,nan,1.807228915662672988e-03
-4.676753782668541595e-03,nan,nan,nan,nan,nan,-4.951856946354915578e-03,nan,nan,0.000000000000000000e+00,nan,nan,nan,nan,-1.925722145804709172e-03,nan,nan,nan,nan,nan,nan,nan,nan,nan,-3.576341127922999692e-03,nan,nan,nan,nan,nan,nan,nan,nan,nan,nan,nan,nan,nan,nan,nan,2.200825309491017019e-03,nan,nan,nan,nan,0.000000000000000000e+00,nan,nan,nan,nan,nan,nan,nan,nan,nan,nan,nan,nan,-1.045392022008255831e-02,nan,nan,0.000000000000000000e+00,nan,nan,-2.751031636863854324e-03
3.977272727272706913e-03,nan,nan,nan,nan,nan,nan,2.272727272727270882e-03,nan,0.000000000000000000e+00,-3.409090909090917165e-03,nan,nan,nan,nan,nan,nan,nan,nan,nan,nan,nan,nan,nan,nan,nan,nan,nan,nan,nan,nan,nan,nan,nan,nan,nan,nan,nan,nan,5.681818181817899650e-04,9.659090909090894961e-03,nan,nan,nan,-2.840909090909393806e-04,nan,nan,nan,nan,nan,nan,nan,nan,-2.840909090909393806e-04,nan,nan,nan,nan,3.693181818181789922e-03,nan,nan,0.000000000000000000e+00,nan,nan,nan
nan,0.000000000000000000e+00,nan,nan,nan,nan,nan,nan,nan,0.000000000000000000e+00,3.741007194244616672e-03,nan,nan,nan,nan,nan,nan,nan,nan,nan,nan,nan,nan,nan,nan,nan,nan,nan,nan,nan,1.985611510791369591e-02,nan,nan,nan,nan,nan,nan,nan,nan,nan,nan,nan,nan,nan,-2.302158273381271943e-03,nan,nan,-2.877697841726600987e-03,nan,nan,nan,nan,nan,-5.179856115107872930e-03,2.158273381294966223e-02,nan,nan,nan,nan,nan,nan,0.000000000000000000e+00,nan,nan,1.812949640287770878e-02
1.296023564064798829e-02,nan,nan,nan,nan,0.000000000000000000e+00,nan,nan,nan,0.000000000000000000e+00,1.060382916053017634e-02,nan,nan,nan,nan,nan,nan,nan,nan,nan,nan,nan,nan,nan,nan,nan,nan,nan,nan,nan,1.384388807069216777e-02,nan,nan,nan,3.240058910162013552e-03,nan,nan,nan,nan,nan,nan,nan,nan,nan,nan,nan,nan,-3.240058910161991435e-03,nan,nan,0.000000000000000000e+00,nan,nan,3.711340206185567009e-02,nan,nan,nan,nan,nan,nan,nan,0.000000000000000000e+00,nan,nan,nan
nan,0.000000000000000000e+00,nan,nan,nan,0.000000000000000000e+00,nan,nan,nan,nan,nan,nan,nan,nan,nan,nan,nan,nan,nan,nan,nan,nan,nan,nan,nan,nan,nan,nan,nan,nan,5.705705705705677207e-03,nan,nan,nan,nan,nan,0.000000000000000000e+00,nan,nan,nan,nan,nan,nan,nan,nan,nan,0.000000000000000000e+00,-1.231231231231235713e-02,-6.906906906906961838e-03,-8.708708708708722684e-03,nan,nan,nan,nan,nan,nan,nan,nan,9.309309309309265687e-03,nan,nan,nan,nan,nan,-3.003003003003046345e-03
-8.442503639010201164e-03,nan,nan,nan,nan,nan,nan,nan,nan,0.000000000000000000e+00,-1.077147016011648084e-02,nan,nan,nan,7.569141193595307904e-03,nan,nan,nan,nan,nan,nan,nan,nan,nan,nan,nan,nan,nan,nan,nan,nan,nan,nan,nan,nan,nan,nan,nan,nan,-1.455604075691452337e-03,1.193595342066955389e-02,0.000000000000000000e+00,nan,nan,-6.986899563318793929e-03,nan,nan,nan,nan,nan,nan,nan,nan,nan,nan,nan,nan,nan,9.606986899563296767e-03,nan,nan,0.000000000000000000e+00,nan,nan,nan
nan,nan,nan,nan,nan,nan,6.543385490753994387e-03,nan,nan,nan,3.982930298719833569e-03,nan,nan,nan,-1.137980085348444482e-03,nan,nan,nan,nan,nan,nan,nan,nan,nan,1.166429587482222842e-02,nan,nan,nan,nan,nan,nan,nan,nan,nan,nan,nan,nan,nan,nan,nan,nan,nan,nan,nan,8.534850640113944564e-04,nan,nan,nan,nan,nan,0.000000000000000000e+00,nan,nan,1.422475106685694435e-03,nan,nan,nan,6.827880512091111416e-03,7.396870554765344608e-03,nan,nan,0.000000000000000000e+00,nan,nan,nan
-2.890173410404317631e-04,nan,nan,nan,nan,nan,nan,-1.358381502890173599e-02,nan,nan,1.156069364161860192e-03,nan,nan,nan,nan,nan,nan,-1.184971098265896750e-02,nan,nan,nan,nan,nan,nan,-1.098265895953753901e-02,nan,nan,nan,nan,nan,nan,nan,nan,nan,nan,nan,nan,nan,nan,-1.156069364161860192e-03,nan,0.000000000000000000e+00,nan,nan,nan,nan,nan,nan,nan,nan,nan,nan,nan,-2.890173410404628471e-03,nan,nan,nan,nan,nan,nan,nan,0.000000000000000000e+00,nan,nan,-1.445086705202314236e-03
