nan,nan,nan,nan,-6.451612903225845477e-03,nan,nan,nan,nan,nan,nan,-1.389578163771716321e-02,nan,nan,nan,nan,nan,nan,nan,nan,-1.588089330024817711e-02,nan,nan,nan,nan,nan,nan,nan,nan,-1.339950372208440453e-02,nan,nan,nan,nan,nan,nan,nan,9.429280397022265711e-03,nan,2.531017369727044455e-02,nan,2.531017369727044455e-02,nan,nan,2.382133995037214597e-02,nan,nan,nan,nan,nan,nan,nan,nan,nan,nan,nan,nan,nan,nan,2.928039702233247235e-02,nan,nan,9.925558312655046941e-03,nan,nan
nan,nan,nan,nan,7.073170731707316417e-02,nan,nan,nan,nan,nan,nan,9.073170731707314030e-02,nan,nan,nan,nan,nan,nan,nan,nan,nan,nan,nan,nan,nan,nan,nan,nan,nan,-7.317073170731713816e-03,nan,nan,nan,nan,nan,nan,nan,-1.024390243902439934e-02,7.853658536585365890e-02,nan,nan,5.121951219512195508e-02,-1.463414634146342763e-03,nan,nan,nan,nan,nan,nan,nan,nan,nan,nan,nan,nan,nan,nan,nan,nan,2.780487804878051250e-02,nan,8.195121951219511147e-02,6.829268292682925956e-02,nan,nan
nan,nan,nan,nan,nan,nan,nan,nan,nan,nan,nan,-7.352941176470584664e-03,nan,nan,nan,2.058823529411763983e-02,nan,nan,nan,7.843137254901932920e-03,nan,nan,nan,nan,nan,nan,nan,nan,nan,-1.029411764705880951e-02,nan,nan,nan,nan,nan,nan,nan,nan,-3.431372549019595652e-03,2.450980392156854037e-03,nan,5.882352941176472241e-03,nan,nan,nan,nan,nan,nan,nan,-4.411764705882337267e-03,nan,nan,nan,nan,nan,nan,nan,nan,nan,1.617647058823528175e-02,nan,nan,6.372549019607820497e-03,nan,nan
nan,nan,nan,nan,nan,nan,nan,nan,nan,nan,2.033898305084744923e-02,nan,nan,nan,nan,nan,nan,nan,nan,-9.685230024213175920e-04,nan,nan,nan,nan,nan,nan,nan,nan,nan,-4.067796610169491928e-02,nan,nan,nan,nan,nan,nan,nan,-3.389830508474567065e-03,7.748184019370452265e-03,9.200968523002405614e-03,nan,-2.421307506053269748e-02,nan,nan,nan,nan,nan,nan,nan,nan,nan,nan,nan,nan,nan,nan,nan,nan,nan,3.535108958837773763e-02,-1.113801452784506443e-02,nan,2.808716707021790063e-02,nan,nan
nan,nan,nan,nan,nan,nan,nan,nan,nan,nan,nan,-2.272727272727270709e-02,nan,nan,nan,8.080808080808110291e-03,nan,nan,nan,-9.090909090909083529e-03,nan,nan,nan,nan,nan,nan,nan,nan,nan,-2.525252525252508120e-03,nan,nan,nan,nan,nan,nan,nan,nan,0.000000000000000000e+00,nan,nan,-6.565656565656574975e-03,-2.676767676767675269e-02,nan,nan,nan,nan,nan,nan,nan,nan,nan,nan,nan,nan,nan,nan,nan,nan,-1.818181818181818787e-02,-3.636363636363635493e-02,nan,1.010101010101038723e-03,nan,nan
nan,nan,nan,nan,-5.263157894736814231e-03,nan,nan,nan,nan,nan,nan,nan,nan,nan,nan,nan,nan,nan,nan,-9.569377990430005376e-04,nan,nan,nan,nan,nan,nan,nan,nan,nan,1.913875598086178884e-03,nan,nan,nan,nan,nan,nan,nan,2.966507177033497061e-02,4.162679425837327585e-02,6.220095693779947692e-03,nan,7.224880382775125676e-02,nan,nan,8.133971291866081907e-03,nan,nan,nan,nan,nan,nan,nan,nan,nan,nan,nan,nan,nan,nan,1.722488038277518799e-02,nan,nan,7.224880382775120125e-02,nan,nan
nan,nan,nan,nan,8.168316831683164470e-02,nan,nan,nan,nan,nan,nan,2.326732673267322207e-02,nan,nan,nan,nan,nan,nan,nan,nan,3.168316831683166968e-02,nan,nan,nan,nan,nan,nan,nan,nan,-1.782178217821783761e-02,nan,nan,nan,nan,nan,nan,nan,1.039603960396036017e-02,1.633663366336633033e-02,2.475247524752472936e-02,nan,2.277227722772274740e-02,nan,nan,nan,nan,nan,nan,nan,nan,nan,nan,nan,nan,nan,nan,nan,nan,nan,6.435643564356441360e-03,nan,1.485148514851486468e-03,nan,nan,nan
nan,nan,nan,nan,nan,nan,nan,nan,nan,nan,nan,-2.355769230769224482e-02,nan,nan,nan,-4.807692307692268061e-03,nan,nan,nan,-4.326923076923061551e-03,nan,nan,nan,nan,nan,nan,nan,nan,nan,-1.201923076923072653e-02,nan,nan,nan,nan,nan,nan,nan,-2.067307692307684963e-02,-2.403846153846123188e-03,nan,nan,-2.163461538461532857e-02,nan,nan,nan,nan,nan,nan,nan,nan,nan,nan,nan,nan,nan,nan,nan,nan,nan,1.923076923076927347e-02,6.250000000000044582e-03,nan,3.846153846153899276e-03,nan,nan
nan,nan,nan,nan,nan,nan,nan,nan,nan,nan,nan,nan,nan,nan,nan,1.658536585365855132e-02,nan,nan,nan,7.804878048780494737e-03,nan,nan,nan,nan,nan,nan,nan,nan,nan,7.170731707317079540e-02,nan,nan,nan,nan,nan,nan,nan,6.878048780487810987e-02,nan,1.073170731707318026e-02,nan,nan,nan,nan,1.024390243902439934e-02,nan,nan,nan,nan,nan,nan,nan,nan,-9.756097560975618421e-04,nan,nan,nan,nan,nan,6.097560975609759432e-02,3.463414634146344540e-02,nan,2.292682926829270329e-02,nan,nan
nan,nan,nan,nan,nan,nan,nan,nan,nan,nan,nan,nan,nan,nan,nan,nan,nan,nan,nan,7.529411764705895571e-03,nan,nan,nan,nan,nan,nan,nan,nan,nan,-9.411764705882341708e-03,nan,nan,nan,nan,nan,nan,nan,3.058823529411769382e-02,nan,nan,nan,2.494117647058828949e-02,nan,nan,1.223529411764709939e-02,nan,nan,1.600000000000003503e-02,nan,nan,-9.411764705882341708e-03,nan,nan,-7.999999999999962003e-03,nan,nan,nan,nan,nan,3.670588235294123397e-02,nan,nan,4.329411764705885790e-02,nan,nan
nan,nan,nan,nan,nan,nan,nan,nan,nan,nan,nan,-1.298076923076920720e-02,nan,nan,nan,1.153846153846156339e-02,nan,nan,nan,nan,nan,nan,nan,nan,nan,nan,nan,nan,nan,-4.326923076923038999e-03,nan,nan,nan,nan,nan,nan,nan,-1.923076923076916245e-03,1.298076923076927312e-02,nan,nan,-5.288461538461519673e-03,nan,nan,-2.163461538461537367e-02,nan,nan,nan,nan,nan,nan,nan,nan,nan,nan,nan,nan,nan,nan,1.875000000000004441e-02,1.250000000000004406e-02,nan,9.134615384615397266e-03,nan,nan
nan,nan,nan,nan,-1.228501228501222009e-02,nan,nan,nan,nan,nan,nan,nan,nan,nan,nan,nan,nan,nan,nan,-1.031941031941023892e-02,-8.353808353808278575e-03,nan,nan,nan,nan,nan,nan,nan,nan,-2.211302211302206347e-02,nan,nan,nan,nan,nan,nan,nan,nan,nan,nan,nan,-1.425061425061420126e-02,nan,nan,nan,nan,nan,-5.896805896805834210e-03,nan,nan,-1.965601965601915246e-03,nan,nan,-1.474201474201430797e-03,nan,nan,nan,nan,nan,2.220446049250313204e-17,1.965601965602004151e-03,nan,nan,nan,nan
nan,nan,nan,nan,-3.673469387755103760e-02,nan,nan,nan,nan,nan,nan,-4.591836734693877098e-02,nan,nan,nan,-8.673469387755105425e-03,nan,nan,nan,nan,-8.571428571428574283e-02,nan,nan,nan,nan,nan,nan,nan,nan,-7.040816326530614788e-02,nan,nan,nan,nan,nan,nan,nan,-4.030612244897959634e-02,nan,-7.551020408163267028e-02,nan,nan,nan,nan,nan,nan,nan,nan,nan,nan,nan,nan,nan,nan,nan,nan,nan,nan,nan,-5.765306122448980719e-02,nan,0.000000000000000000e+00,-8.112244897959186574e-02,nan,nan
nan,nan,nan,nan,-2.557544757033247858e-03,nan,nan,nan,nan,nan,nan,nan,nan,nan,nan,nan,nan,nan,nan,-4.603580562659859154e-03,-1.227621483375960186e-02,nan,nan,nan,nan,nan,nan,nan,nan,-8.184143222506401819e-03,nan,nan,nan,nan,nan,nan,nan,-1.125319693094630792e-02,8.695652173913059196e-03,nan,nan,1.012787723785166100e-01,nan,nan,1.534526854219930934e-03,nan,nan,nan,nan,nan,nan,nan,nan,nan,nan,nan,nan,nan,nan,1.585677749360609942e-02,nan,nan,1.145780051150895040e-01,nan,nan
nan,nan,nan,nan,nan,nan,nan,nan,nan,nan,nan,-3.825665859564162524e-02,nan,nan,nan,-9.200968523002428165e-03,nan,nan,nan,-1.065375302663440493e-02,nan,nan,nan,nan,nan,nan,nan,nan,nan,-2.566585956416465170e-02,nan,nan,nan,nan,nan,nan,nan,nan,-1.259079903147701865e-02,nan,nan,-2.324455205811137848e-02,nan,-2.711864406779660591e-02,nan,nan,nan,nan,nan,nan,nan,nan,nan,nan,nan,nan,nan,nan,nan,1.646489104116220098e-02,-2.372881355932205880e-02,nan,-3.244552058111380838e-02,nan,nan
nan,nan,nan,nan,1.113801452784504188e-02,nan,nan,nan,nan,nan,nan,nan,nan,nan,nan,nan,nan,nan,nan,4.067796610169491928e-02,2.905569007263930550e-03,nan,nan,nan,nan,nan,nan,nan,nan,-6.295399515738453813e-03,nan,nan,nan,nan,nan,nan,nan,1.016949152542372461e-02,-4.842615012106521281e-03,3.535108958837773763e-02,nan,3.196125907990317316e-02,nan,nan,nan,nan,nan,nan,nan,nan,nan,nan,nan,nan,nan,nan,nan,nan,nan,-1.937046004842590732e-03,nan,0.000000000000000000e+00,nan,nan,nan
nan,nan,nan,nan,nan,nan,nan,nan,nan,nan,nan,-1.941747572815539710e-02,nan,nan,nan,-1.844660194174763124e-02,nan,nan,nan,-7.281553398058293429e-03,nan,nan,nan,nan,nan,nan,nan,nan,nan,-2.038834951456316297e-02,nan,nan,nan,nan,nan,nan,nan,-1.504854368932049234e-02,1.067961165048543146e-02,-1.650485436893209951e-02,nan,nan,nan,nan,nan,nan,nan,nan,nan,nan,nan,nan,nan,nan,nan,nan,nan,nan,nan,2.912621359223299677e-02,5.339805825242715728e-03,nan,8.252427184466015059e-03,nan,nan
nan,nan,nan,nan,nan,nan,nan,nan,nan,nan,1.089108910891090076e-02,5.000000000000004441e-02,nan,nan,nan,nan,nan,nan,nan,4.851485148514855794e-02,nan,nan,nan,nan,nan,nan,nan,nan,nan,1.683168316831684663e-02,nan,nan,nan,nan,nan,nan,nan,nan,5.940594059405945870e-02,nan,nan,3.168316831683171131e-02,-3.465346534653468424e-03,nan,nan,nan,nan,nan,nan,nan,nan,nan,nan,nan,nan,nan,nan,nan,nan,4.405940594059409854e-02,3.366336633663369327e-02,nan,5.643564356435648577e-02,nan,nan
nan,nan,nan,nan,-3.897911832946639177e-02,nan,nan,nan,nan,nan,nan,-1.067285382830629459e-02,nan,nan,nan,nan,nan,nan,nan,nan,-5.290023201856149104e-02,nan,nan,nan,nan,nan,nan,nan,nan,-8.723897911832949326e-02,nan,nan,nan,nan,nan,nan,nan,-3.062645011600928502e-02,2.088167053364266973e-02,nan,nan,4.176334106728529956e-03,-2.273781902552205608e-02,nan,nan,nan,nan,nan,nan,nan,nan,nan,nan,nan,nan,nan,nan,nan,nan,2.830626450116009371e-02,nan,nan,1.438515081206492852e-02,nan,nan
nan,nan,nan,nan,-4.337349397590406670e-03,nan,nan,nan,nan,nan,nan,nan,nan,nan,nan,-2.072289156626512183e-02,nan,nan,nan,-2.554216867469882857e-02,-2.987951807228918927e-02,nan,nan,nan,nan,nan,nan,nan,nan,-6.698795180722891263e-02,nan,nan,nan,nan,nan,nan,nan,nan,-2.939759036144582588e-02,nan,nan,nan,nan,nan,nan,nan,nan,nan,nan,-1.204819277108437614e-02,6.746987951807193254e-03,nan,nan,nan,nan,nan,nan,nan,nan,-6.265060240963855887e-02,nan,nan,-5.301204819277138651e-03,nan,nan
nan,nan,nan,nan,-8.232558139534884578e-02,nan,nan,nan,nan,nan,nan,-3.023255813953484861e-02,nan,nan,nan,nan,nan,nan,nan,nan,-6.511627906976742708e-02,nan,nan,nan,nan,nan,nan,nan,nan,-1.106976744186046469e-01,nan,nan,nan,nan,nan,nan,nan,-3.581395348837210918e-02,nan,-2.232558139534883759e-02,nan,-2.511627906976745400e-02,nan,nan,nan,nan,nan,nan,nan,nan,nan,nan,nan,-1.674418604651164294e-02,nan,nan,nan,nan,nan,-7.255813953488372825e-02,nan,nan,-7.674418604651164766e-02,nan,nan
nan,nan,nan,nan,6.985645933014354714e-02,nan,nan,nan,nan,nan,nan,-1.387559808612435185e-02,nan,nan,nan,2.105263157894738876e-02,nan,nan,nan,-1.770334928229662028e-02,1.866028708133975547e-02,nan,nan,nan,nan,nan,nan,nan,nan,-4.784688995215269185e-03,nan,nan,nan,nan,nan,nan,nan,nan,4.440892098500626408e-17,nan,nan,nan,nan,nan,nan,nan,nan,nan,nan,-1.435406698564591944e-02,nan,nan,nan,nan,nan,nan,nan,nan,nan,8.133971291866038539e-03,nan,nan,3.349282296650724251e-03,nan,nan
nan,nan,nan,nan,nan,nan,nan,nan,nan,nan,nan,9.952606635071092195e-03,nan,nan,nan,5.260663507109004933e-02,nan,nan,nan,2.132701421800946642e-02,nan,nan,nan,nan,nan,nan,nan,nan,nan,3.412322274881518513e-02,nan,nan,nan,nan,nan,nan,nan,2.843601895734597720e-02,5.213270142180093103e-02,nan,nan,1.990521327014214276e-02,nan,nan,nan,nan,nan,nan,nan,nan,nan,nan,nan,nan,nan,nan,nan,nan,nan,4.312796208530804420e-02,2.464454976303318695e-02,nan,6.113744075829385949e-02,nan,nan
nan,nan,nan,nan,-1.121951219512196118e-02,nan,nan,nan,nan,nan,nan,-6.829268292682932895e-03,nan,nan,nan,-1.951219512195123684e-03,nan,nan,nan,nan,nan,nan,nan,nan,nan,nan,nan,nan,nan,-3.170731707317075987e-02,nan,nan,nan,nan,nan,nan,nan,-1.658536585365855132e-02,1.414634146341464671e-02,-3.902439024390247369e-03,nan,-9.756097560975618421e-04,nan,nan,nan,nan,nan,nan,nan,nan,nan,nan,nan,nan,nan,nan,nan,nan,nan,-4.878048780487809211e-04,-3.414634146341466447e-03,nan,nan,nan,nan
nan,nan,nan,nan,-3.228915662650606866e-02,nan,nan,nan,nan,nan,nan,nan,nan,nan,nan,nan,nan,nan,nan,nan,-8.915662650602411421e-02,nan,nan,nan,nan,nan,nan,nan,nan,-9.686746987951810883e-02,nan,nan,nan,nan,nan,nan,nan,-7.566265060240968954e-02,-4.963855421686751146e-02,-3.855421686747018128e-03,nan,-5.301204819277138651e-03,nan,nan,nan,nan,nan,nan,nan,nan,nan,nan,nan,nan,nan,nan,nan,nan,nan,-7.469879518072293501e-02,nan,2.409638554216830819e-03,-2.602409638554219543e-02,nan,nan
nan,nan,nan,nan,-2.830188679245277880e-02,nan,nan,nan,nan,nan,nan,-1.367924528301882672e-02,nan,nan,nan,nan,nan,nan,nan,-9.433962264150386190e-04,-3.254716981132070586e-02,nan,nan,nan,nan,nan,nan,nan,nan,-3.584905660377355613e-02,nan,nan,nan,nan,nan,nan,nan,nan,1.415094339622646746e-02,nan,nan,nan,nan,nan,nan,nan,nan,nan,nan,-8.018867924528282759e-03,nan,nan,nan,nan,nan,nan,nan,nan,nan,1.981132075471701143e-02,2.830188679245337902e-03,nan,1.698113207547173945e-02,nan,nan
nan,nan,nan,nan,7.845036319612597175e-02,nan,nan,nan,nan,nan,nan,6.682808716707026864e-02,nan,nan,nan,nan,nan,nan,nan,nan,nan,nan,nan,nan,nan,nan,nan,nan,nan,-4.358353510895862648e-03,nan,nan,nan,nan,nan,nan,nan,4.552058111380150734e-02,6.440677966101697460e-02,7.602905569007270548e-02,nan,5.133171912832930339e-02,nan,nan,nan,nan,nan,nan,nan,nan,nan,nan,nan,-4.842615012106366240e-04,nan,nan,nan,nan,nan,3.341404358353514820e-02,7.506053268765140729e-02,nan,nan,nan,nan
nan,nan,nan,nan,1.167883211678835166e-02,nan,1.021897810218981226e-02,nan,nan,nan,nan,nan,nan,nan,nan,nan,nan,nan,nan,1.751824817518252836e-02,-2.919708029197076640e-03,nan,nan,nan,nan,nan,nan,nan,nan,-5.352798053527974345e-03,nan,nan,nan,nan,nan,nan,nan,1.216545012165455228e-02,3.065693430656937085e-02,nan,nan,-1.459854014598516202e-03,nan,nan,nan,nan,nan,nan,nan,nan,nan,nan,nan,nan,nan,nan,nan,nan,nan,-1.216545012165448636e-02,nan,0.000000000000000000e+00,nan,nan,nan
nan,nan,nan,nan,nan,nan,nan,nan,nan,nan,nan,-4.672897196261649802e-03,nan,nan,nan,nan,nan,nan,nan,4.205607476635541894e-03,nan,nan,nan,nan,nan,nan,nan,nan,nan,-9.345794392523320421e-03,nan,nan,nan,nan,nan,nan,nan,2.336448598130891254e-03,2.009345794392527335e-02,nan,nan,7.943925233644909961e-03,nan,nan,-1.728971962616818875e-02,nan,nan,nan,nan,nan,nan,nan,nan,nan,nan,nan,nan,nan,nan,4.813084112149536992e-02,2.523364485981311953e-02,nan,5.140186915887912100e-03,nan,nan
nan,nan,nan,nan,nan,nan,nan,nan,nan,nan,nan,nan,nan,nan,nan,3.904761904761903935e-02,nan,nan,nan,-1.571428571428572576e-02,nan,nan,nan,nan,nan,nan,nan,nan,nan,7.619047619047592153e-03,nan,nan,nan,nan,nan,nan,nan,-4.285714285714270315e-03,-5.238095238095219659e-03,-2.380952380952372494e-03,nan,-2.857142857142847166e-03,nan,nan,1.428571428571423583e-03,nan,nan,nan,nan,nan,nan,nan,nan,nan,nan,nan,nan,nan,nan,-3.333333333333343522e-03,6.666666666666642808e-03,nan,nan,nan,nan
nan,nan,nan,nan,nan,nan,nan,nan,nan,nan,-9.047619047618993618e-03,-3.476190476190473000e-02,nan,nan,nan,nan,nan,nan,nan,nan,nan,nan,nan,nan,nan,nan,nan,nan,nan,-3.428571428571421109e-02,nan,nan,nan,nan,nan,nan,nan,nan,nan,-1.571428571428565985e-02,nan,-7.142857142857094929e-03,nan,nan,nan,nan,nan,nan,nan,nan,-5.238095238095219659e-03,nan,nan,-4.285714285714270315e-03,nan,nan,nan,nan,nan,-4.095238095238087211e-02,-1.619047619047615447e-02,nan,-3.285714285714282784e-02,nan,nan
nan,nan,nan,nan,3.755868544600926735e-03,nan,nan,nan,nan,nan,nan,nan,nan,nan,nan,nan,nan,nan,nan,1.784037558685447333e-02,nan,nan,nan,nan,nan,nan,nan,nan,nan,5.633802816901423496e-03,nan,nan,nan,nan,nan,nan,nan,1.877934272300474427e-03,7.511737089201897706e-03,1.549295774647889770e-02,nan,7.793427230046949539e-02,nan,nan,nan,nan,nan,nan,nan,nan,nan,nan,nan,nan,nan,nan,nan,nan,nan,2.535211267605632507e-02,3.896713615023474769e-02,nan,1.267605633802819723e-02,nan,nan
nan,nan,nan,nan,6.650831353919262230e-03,nan,nan,nan,nan,nan,nan,nan,nan,nan,nan,nan,nan,nan,nan,9.501187648456532958e-04,nan,nan,nan,nan,nan,nan,nan,nan,nan,-1.567695961995243387e-02,nan,nan,nan,nan,nan,nan,nan,nan,9.976247030878893779e-03,-4.750593824227377976e-04,nan,2.897862232779100516e-02,-4.750593824227600237e-04,nan,-7.600950118764782278e-03,nan,nan,nan,nan,nan,nan,nan,nan,nan,nan,nan,nan,nan,nan,-5.273159144893106720e-02,nan,1.425178147268413211e-03,nan,nan,nan
nan,nan,nan,nan,9.433962264150608451e-04,nan,nan,nan,nan,nan,nan,nan,nan,nan,nan,nan,nan,nan,nan,-2.358490566037785199e-03,-2.641509433962270156e-02,nan,nan,nan,nan,nan,nan,nan,nan,-2.028301886792456196e-02,nan,nan,nan,nan,nan,nan,nan,-3.349056603773585550e-02,nan,nan,nan,-9.433962264151274152e-04,-4.009433962264154910e-02,nan,nan,nan,nan,nan,nan,-1.367924528301889264e-02,nan,nan,nan,nan,nan,nan,nan,nan,nan,-5.707547169811326426e-02,nan,nan,2.830188679245248997e-03,nan,nan
nan,nan,nan,nan,nan,nan,nan,nan,nan,nan,nan,nan,nan,nan,nan,-1.118881118881120962e-02,nan,nan,nan,-1.958041958041960642e-02,nan,nan,nan,nan,nan,nan,nan,nan,nan,6.060606060606032845e-03,nan,nan,nan,nan,nan,nan,nan,-9.790209790209813620e-03,2.937062937062935239e-02,-7.459207459207473079e-03,nan,-5.594405594405649045e-03,nan,nan,4.662004662004615163e-03,nan,nan,nan,nan,nan,nan,nan,nan,nan,nan,nan,nan,nan,nan,1.025641025641024252e-02,nan,nan,9.324009324008786237e-04,nan,nan
nan,nan,nan,nan,9.417475728155344505e-02,nan,nan,nan,nan,nan,nan,5.728155339805829360e-02,nan,nan,nan,nan,nan,nan,nan,6.213592233009712640e-02,3.155339805825245481e-02,nan,nan,nan,nan,nan,nan,nan,nan,8.737864077669920543e-03,nan,nan,nan,nan,nan,nan,nan,2.864077669902915721e-02,7.572815533980585545e-02,nan,nan,2.427184466019418480e-02,nan,nan,1.650485436893212032e-02,nan,nan,nan,nan,nan,nan,nan,nan,nan,nan,nan,nan,nan,nan,8.009708737864082440e-02,nan,nan,nan,nan,nan
nan,nan,nan,nan,nan,nan,nan,nan,nan,nan,nan,-2.444987775061131449e-02,nan,nan,nan,-1.955990220048953350e-03,nan,nan,nan,-2.396088019559909979e-02,nan,nan,nan,nan,nan,nan,nan,nan,nan,-2.298288508557462181e-02,nan,nan,nan,nan,nan,nan,nan,nan,-5.867970660146748160e-03,nan,nan,-2.836185819070911190e-02,-2.542787286063574737e-02,nan,nan,nan,nan,nan,nan,nan,nan,nan,nan,nan,nan,nan,nan,nan,nan,-1.711491442542794131e-02,-2.298288508557460100e-02,nan,-6.845965770171181033e-03,nan,nan
nan,nan,nan,nan,nan,nan,nan,nan,nan,nan,nan,1.658536585365855132e-02,nan,nan,nan,3.560975609756100724e-02,nan,nan,nan,3.073170731707319803e-02,nan,nan,nan,nan,nan,nan,nan,nan,nan,1.560975609756098947e-02,nan,nan,nan,nan,nan,nan,nan,2.341463414634148421e-02,4.097560975609759737e-02,nan,nan,1.463414634146342763e-02,nan,nan,nan,nan,nan,nan,nan,nan,nan,nan,nan,nan,nan,nan,nan,nan,nan,2.292682926829270329e-02,1.463414634146342763e-02,nan,4.000000000000003553e-02,nan,nan
nan,nan,nan,nan,nan,nan,nan,nan,nan,nan,4.337349397590384119e-03,9.638554216867767583e-04,nan,nan,nan,nan,nan,nan,nan,2.409638554216897606e-03,nan,nan,nan,nan,nan,nan,nan,nan,nan,-2.987951807228907825e-02,nan,nan,nan,nan,nan,nan,nan,-1.831325301204815917e-02,8.192771084337380563e-03,4.819277108433795212e-03,nan,8.674698795180768238e-03,nan,nan,nan,nan,nan,nan,nan,nan,nan,nan,nan,nan,nan,nan,nan,nan,nan,-1.060240963855414373e-02,3.855421686747040246e-03,nan,nan,nan,nan
nan,nan,nan,nan,nan,nan,nan,nan,nan,nan,nan,-2.182741116751261284e-02,nan,nan,nan,nan,nan,nan,nan,nan,nan,nan,nan,nan,nan,nan,nan,nan,nan,-1.776649746192886584e-02,nan,nan,nan,nan,nan,nan,nan,-9.137055837563412553e-03,4.440892098500626408e-17,9.644670050761462027e-03,nan,-5.583756345177581445e-03,nan,nan,1.522842639593968662e-03,nan,nan,nan,nan,nan,nan,nan,nan,nan,nan,nan,nan,nan,nan,3.147208121827418242e-02,1.269035532994928703e-02,nan,3.147208121827414079e-02,nan,nan
nan,nan,nan,nan,-3.532110091743123625e-02,nan,-1.788990825688076963e-02,nan,nan,nan,nan,nan,nan,nan,nan,nan,nan,nan,nan,-1.697247706422020525e-02,-1.972477064220188453e-02,nan,nan,nan,nan,nan,nan,nan,nan,-3.073394495412846636e-02,nan,nan,nan,nan,nan,nan,nan,-2.706422018348626432e-02,1.467889908256878560e-02,-1.743119266055048744e-02,nan,nan,nan,nan,nan,nan,nan,nan,nan,nan,nan,nan,nan,nan,nan,nan,nan,nan,nan,2.155963302752293004e-02,nan,nan,3.669724770642179921e-03,nan,nan
nan,nan,nan,nan,nan,nan,nan,nan,nan,nan,2.200956937799043375e-02,4.641148325358852855e-02,nan,nan,nan,nan,nan,nan,nan,1.626794258373205279e-02,nan,nan,nan,nan,nan,nan,nan,nan,nan,5.023923444976075015e-02,nan,nan,nan,nan,nan,nan,nan,-1.052631578947369438e-02,7.368421052631576873e-02,nan,nan,nan,2.440191387559809133e-02,nan,nan,nan,nan,nan,nan,nan,nan,nan,nan,nan,nan,nan,nan,nan,nan,3.827751196172248654e-02,2.009569377990429867e-02,nan,3.732057416267944155e-02,nan,nan
nan,nan,nan,nan,nan,nan,nan,nan,nan,nan,nan,nan,nan,nan,nan,nan,nan,nan,nan,8.240963855421683248e-02,nan,nan,nan,nan,nan,nan,nan,nan,nan,6.265060240963804712e-03,nan,nan,nan,nan,nan,nan,nan,2.216867469879513219e-02,-6.265060240963893183e-03,1.975903614457828056e-02,nan,4.337349397590357925e-02,nan,nan,6.746987951807193254e-03,nan,nan,nan,nan,nan,nan,nan,nan,nan,nan,nan,nan,nan,nan,1.831325301204811407e-02,-9.638554216867989844e-04,nan,8.674698795180657215e-03,nan,nan
nan,nan,nan,nan,3.902439024390225251e-03,nan,nan,nan,nan,nan,nan,nan,nan,nan,nan,-1.512195121951220855e-02,nan,nan,nan,-4.878048780487809211e-03,-3.414634146341466447e-03,nan,nan,nan,nan,nan,nan,nan,nan,-2.926829268292685526e-03,nan,nan,nan,nan,nan,nan,nan,nan,-2.926829268292685526e-03,1.219512195121952303e-02,nan,1.024390243902437679e-02,nan,nan,nan,nan,nan,nan,nan,nan,nan,nan,nan,nan,nan,nan,nan,nan,nan,-9.756097560975618421e-04,nan,nan,1.853658536585367500e-02,nan,nan
nan,nan,nan,nan,-8.674698795180679767e-03,nan,nan,nan,nan,nan,nan,nan,nan,nan,nan,nan,nan,nan,nan,1.927710843373500044e-02,-1.301204819277104220e-02,nan,nan,nan,nan,nan,nan,nan,nan,2.409638554216919724e-03,nan,nan,nan,nan,nan,nan,nan,-1.686746987951801696e-02,nan,-4.819277108433217549e-04,nan,9.638554216867767583e-04,nan,nan,2.891566265060263596e-03,nan,nan,nan,nan,nan,nan,nan,nan,nan,nan,nan,nan,nan,nan,8.674698795180745686e-03,6.120481927710848258e-02,nan,nan,nan,nan
nan,nan,nan,nan,nan,nan,nan,nan,nan,nan,nan,nan,nan,nan,nan,nan,nan,nan,nan,-1.624129930394435650e-02,nan,nan,nan,nan,nan,nan,nan,nan,nan,-4.640371229698736391e-04,nan,nan,nan,nan,nan,nan,nan,nan,-9.280742459396784313e-03,nan,nan,nan,-2.598607888631094751e-02,nan,-9.280742459396784313e-03,nan,nan,nan,nan,-2.366589327146175620e-02,nan,nan,nan,nan,nan,nan,nan,nan,nan,2.969837587006958143e-02,nan,4.640371229698070149e-04,1.341067285382830376e-01,nan,-9.280742459397250520e-04
nan,nan,nan,nan,-7.444168734491274364e-03,nan,nan,nan,nan,nan,nan,nan,nan,nan,nan,nan,nan,nan,nan,nan,nan,nan,nan,nan,nan,nan,nan,nan,nan,-3.424317617866001751e-02,nan,nan,nan,nan,nan,nan,nan,1.935483870967746878e-02,1.339950372208440453e-02,-2.332506203473940637e-02,nan,4.962779156328034564e-04,nan,nan,-2.928039702233247235e-02,nan,nan,nan,nan,1.091811414392063195e-02,nan,nan,nan,nan,nan,nan,nan,nan,nan,-7.593052109181137876e-02,nan,2.220446049250313204e-17,nan,nan,nan
nan,nan,nan,nan,5.175879396984926079e-02,nan,nan,nan,nan,nan,nan,nan,nan,nan,nan,nan,nan,nan,nan,6.582914572864324854e-02,2.864321608040201056e-02,nan,nan,nan,nan,nan,nan,nan,nan,1.306532663316581876e-02,nan,nan,nan,nan,nan,nan,nan,3.969849246231156592e-02,7.035175879396986243e-02,6.532663316582916491e-02,nan,nan,nan,nan,nan,nan,nan,nan,nan,nan,nan,nan,nan,nan,nan,nan,nan,nan,nan,2.864321608040201056e-02,nan,8.140703517587943860e-02,5.778894472361806312e-02,nan,nan
nan,nan,nan,nan,-9.685230024213020011e-03,nan,nan,nan,nan,nan,nan,nan,nan,nan,nan,nan,nan,nan,nan,-2.082324455205808444e-02,-1.210653753026629323e-02,nan,nan,nan,nan,nan,nan,nan,nan,-6.343825665859562091e-02,nan,nan,nan,nan,nan,nan,nan,nan,nan,-8.716707021791725296e-03,nan,3.874092009685270368e-03,nan,nan,-3.631961259079896642e-02,nan,nan,nan,nan,-2.227602905569003866e-02,nan,nan,nan,nan,nan,nan,nan,nan,nan,-4.697336561743337136e-02,nan,9.685230024213175920e-04,nan,nan,nan
nan,nan,nan,nan,-2.811059907834101423e-02,nan,nan,nan,nan,nan,nan,nan,nan,nan,nan,nan,nan,nan,nan,-1.520737327188941349e-02,-6.543778801843318227e-02,nan,nan,nan,nan,nan,nan,nan,nan,-6.820276497695854090e-02,nan,nan,nan,nan,nan,nan,nan,-2.119815668202764541e-02,nan,1.382488479262633562e-03,nan,9.216589861750889689e-04,nan,nan,nan,nan,nan,-6.543778801843322390e-02,nan,nan,nan,nan,nan,-1.520737327188943430e-02,nan,nan,nan,nan,nan,-2.764976958525356028e-03,nan,nan,nan,nan,nan
nan,nan,nan,nan,7.211538461538435918e-03,nan,nan,nan,nan,nan,nan,9.903846153846151967e-02,nan,nan,nan,nan,nan,nan,nan,nan,9.615384615384603775e-03,nan,nan,nan,nan,nan,nan,nan,nan,1.048076923076922962e-01,nan,nan,nan,nan,nan,nan,nan,6.249999999999997918e-02,nan,nan,nan,nan,6.009615384615381306e-02,nan,nan,nan,nan,9.374999999999997224e-02,nan,nan,nan,nan,nan,nan,nan,nan,nan,nan,nan,1.495192307692307376e-01,nan,2.403846153846145306e-03,1.221153846153845840e-01,nan,nan
nan,nan,nan,nan,nan,nan,nan,nan,nan,nan,nan,9.835294117647061518e-02,nan,nan,nan,6.447058823529416838e-02,nan,nan,nan,6.400000000000001521e-02,nan,nan,nan,nan,nan,nan,nan,nan,nan,8.000000000000052208e-03,nan,nan,nan,nan,nan,nan,nan,nan,5.270588235294119961e-02,4.188235294117650248e-02,nan,nan,nan,nan,1.741176470588241473e-02,nan,nan,nan,nan,nan,nan,nan,nan,nan,nan,nan,nan,nan,nan,3.200000000000002842e-02,3.341176470588238384e-02,nan,4.752941176470591028e-02,nan,nan
nan,nan,nan,nan,4.279069767441863459e-02,nan,nan,nan,nan,nan,nan,1.534883720930235729e-02,nan,nan,nan,nan,nan,nan,nan,3.488372093023259929e-02,nan,nan,nan,nan,nan,nan,nan,nan,nan,-5.116279069767415422e-03,nan,nan,nan,nan,nan,nan,nan,nan,9.627906976744191048e-02,nan,nan,2.558139534883723323e-02,nan,nan,nan,nan,nan,nan,5.255813953488375212e-02,nan,nan,nan,nan,nan,nan,nan,nan,nan,nan,1.906976744186048706e-02,9.767441860465141817e-03,nan,1.720930232558144299e-02,nan,nan
nan,nan,nan,nan,nan,nan,nan,nan,nan,nan,nan,-7.582938388625582241e-03,nan,nan,nan,4.739336492891021643e-03,nan,nan,nan,nan,nan,nan,nan,nan,nan,nan,nan,nan,nan,-2.369668246445466586e-03,nan,nan,nan,nan,nan,nan,nan,-9.478672985781866128e-04,3.222748815165876746e-02,1.090047393364932359e-02,nan,4.739336492891155325e-04,nan,nan,-7.582938388625626476e-03,nan,nan,nan,nan,nan,nan,nan,nan,nan,nan,nan,nan,nan,nan,2.085308056872037241e-02,nan,nan,1.137440758293839504e-02,nan,nan
nan,nan,nan,nan,nan,nan,nan,nan,nan,nan,nan,nan,nan,nan,nan,8.977556109725726152e-03,nan,nan,nan,-1.197007481296756895e-02,nan,nan,nan,nan,nan,nan,nan,nan,nan,1.895261845386540106e-02,nan,nan,nan,nan,nan,nan,nan,1.645885286783048754e-02,6.483790523690835181e-03,-6.982543640897720220e-03,nan,-3.990024937655811503e-03,nan,nan,9.975062344139695725e-03,nan,nan,nan,nan,nan,nan,nan,nan,nan,nan,nan,nan,nan,nan,-1.995012468827894909e-03,-5.486284289276777137e-03,nan,nan,nan,nan
nan,nan,nan,nan,-6.338028169014080226e-02,nan,nan,nan,nan,nan,nan,-6.103286384976520929e-02,nan,nan,nan,nan,nan,nan,nan,nan,nan,nan,nan,nan,nan,nan,nan,nan,nan,-1.159624413145539518e-01,nan,nan,nan,nan,nan,nan,nan,-1.004694835680750853e-01,3.521126760563384611e-02,nan,nan,-1.455399061032858210e-02,-7.042253521126758120e-02,nan,nan,nan,nan,nan,nan,nan,nan,nan,nan,nan,nan,nan,nan,nan,nan,-7.887323943661969650e-02,nan,1.877934272300496544e-03,-6.338028169014078839e-02,nan,nan
nan,nan,nan,nan,nan,nan,2.014388489208629451e-02,nan,nan,nan,6.714628297362090943e-03,nan,nan,nan,nan,nan,nan,nan,nan,7.098321342925657806e-02,nan,nan,nan,nan,nan,nan,nan,nan,nan,8.153477218225391870e-03,nan,nan,nan,nan,nan,nan,nan,2.158273381294961712e-02,2.350119904076735169e-02,nan,nan,nan,-1.390887290167868232e-02,nan,nan,nan,nan,nan,nan,nan,nan,nan,nan,nan,nan,nan,nan,nan,nan,1.630695443645078374e-02,nan,2.398081534772167345e-03,5.275779376498812567e-03,nan,nan
nan,nan,nan,nan,nan,nan,nan,nan,nan,nan,nan,nan,nan,nan,nan,8.192771084337292092e-03,nan,nan,nan,-8.192771084337403115e-03,nan,nan,nan,nan,nan,nan,nan,nan,nan,-2.361445783132534032e-02,nan,nan,nan,nan,nan,nan,nan,-4.337349397590406670e-03,-1.253012048192776381e-02,-4.440892098500626408e-17,nan,1.542168674698787302e-02,nan,nan,nan,nan,nan,nan,nan,nan,nan,nan,nan,nan,nan,nan,nan,nan,nan,3.373493975903607556e-02,1.060240963855416628e-02,nan,2.650602409638547208e-02,nan,nan
nan,nan,nan,nan,-1.147132169576061712e-02,nan,nan,nan,nan,nan,nan,nan,nan,nan,nan,-1.246882793017454159e-02,nan,nan,nan,-1.645885286783042162e-02,-1.546134663341647286e-02,nan,nan,nan,nan,nan,nan,nan,nan,-4.987531172069825311e-03,nan,nan,nan,nan,nan,nan,nan,-1.795511221945136210e-02,3.890274314214463292e-02,-4.987531172069803627e-03,nan,nan,nan,nan,nan,nan,nan,nan,nan,nan,nan,nan,nan,nan,nan,nan,nan,nan,nan,4.488778054862851800e-03,nan,nan,5.486284289276799689e-03,nan,nan
nan,nan,nan,nan,1.323155216284983490e-02,nan,nan,nan,nan,nan,nan,1.832061068702286327e-02,nan,nan,nan,nan,nan,nan,nan,nan,nan,nan,nan,nan,nan,nan,nan,nan,nan,-9.669211195928784086e-03,nan,nan,nan,nan,nan,nan,nan,nan,6.666666666666662411e-02,nan,nan,1.094147582697200527e-01,nan,nan,nan,nan,nan,1.730279898218827286e-02,nan,nan,nan,nan,nan,-5.089058524173406322e-04,nan,nan,nan,nan,nan,2.748091603053428450e-02,nan,2.035623409669185153e-03,2.646310432569973919e-02,nan,nan
nan,nan,nan,nan,1.449999999999997992e-02,nan,nan,nan,nan,nan,nan,nan,nan,nan,nan,nan,nan,nan,nan,-1.000000000000023006e-03,nan,nan,nan,nan,nan,nan,nan,nan,nan,-2.500000000000000139e-02,nan,nan,nan,nan,nan,nan,nan,-1.650000000000000425e-02,2.500000000000013496e-03,nan,nan,3.499999999999991833e-03,nan,nan,nan,nan,nan,nan,nan,-1.650000000000002506e-02,nan,nan,nan,nan,nan,nan,nan,nan,nan,7.000000000000006217e-03,-2.000000000000001776e-03,nan,3.049999999999999239e-02,nan,nan
nan,nan,nan,nan,nan,nan,nan,nan,nan,nan,nan,nan,nan,nan,nan,nan,nan,nan,nan,nan,nan,nan,nan,nan,nan,nan,nan,nan,nan,-1.232227488151662644e-02,nan,nan,nan,nan,nan,nan,nan,2.843601895734595292e-02,4.739336492890489083e-04,2.748815165876774408e-02,nan,4.265402843601884264e-03,nan,nan,-1.232227488151662644e-02,nan,nan,nan,nan,-1.563981042654032441e-02,nan,nan,nan,nan,nan,nan,nan,nan,nan,2.274881516587676927e-02,-9.952606635071092195e-03,nan,1.279620853080565279e-02,nan,nan
nan,nan,nan,nan,nan,nan,nan,nan,nan,nan,nan,9.999999999999997780e-02,nan,nan,nan,4.150943396226412091e-02,nan,nan,nan,7.264150943396223414e-02,nan,nan,nan,nan,nan,nan,nan,nan,nan,5.660377358490564781e-03,nan,nan,nan,nan,nan,nan,nan,-5.188679245283034196e-03,nan,nan,nan,6.037735849056600351e-02,nan,nan,2.924528301886790763e-02,nan,nan,nan,nan,nan,nan,nan,nan,nan,nan,nan,nan,nan,nan,3.915094339622637865e-02,4.528301886792451825e-02,nan,2.500000000000000139e-02,nan,nan
nan,nan,nan,nan,nan,nan,nan,nan,nan,nan,nan,3.084337349397587788e-02,nan,nan,nan,5.108433734939756693e-02,nan,nan,nan,6.265060240963853111e-02,nan,nan,nan,nan,nan,nan,nan,nan,nan,-9.638554216867545321e-04,nan,nan,nan,nan,nan,nan,nan,nan,0.000000000000000000e+00,2.409638554216866208e-02,nan,-1.927710843373509064e-03,nan,nan,-4.440892098500626408e-17,nan,nan,nan,nan,2.216867469879517730e-02,nan,nan,nan,nan,nan,nan,nan,nan,nan,2.457831325301202893e-02,nan,nan,nan,nan,nan
nan,nan,nan,nan,2.968369829683701472e-02,nan,nan,nan,nan,nan,nan,nan,nan,nan,2.043795620437955859e-02,3.746958637469590542e-02,nan,nan,nan,2.968369829683701472e-02,nan,nan,nan,nan,nan,nan,nan,nan,nan,1.946472019464717904e-03,nan,nan,nan,nan,nan,nan,nan,3.990267639902674024e-02,4.038929440389295994e-02,nan,nan,2.725060827250609316e-02,nan,nan,nan,nan,nan,nan,nan,nan,nan,nan,nan,nan,nan,nan,nan,nan,nan,1.508515815085158598e-02,nan,nan,5.596107055961074828e-02,nan,nan
nan,nan,nan,nan,5.221674876847293145e-02,nan,nan,nan,nan,nan,nan,2.118226600985222488e-02,nan,nan,nan,4.482758620689655110e-02,nan,nan,nan,nan,nan,nan,nan,nan,nan,nan,nan,nan,nan,1.773399014778327329e-02,nan,nan,nan,nan,nan,nan,nan,2.955665024630542773e-02,2.709359605911330210e-02,nan,nan,2.561576354679799897e-02,nan,nan,nan,nan,nan,nan,nan,4.482758620689655110e-02,nan,nan,nan,nan,nan,nan,nan,nan,nan,3.743842364532019851e-02,nan,nan,4.285714285714283672e-02,nan,nan
nan,nan,nan,nan,2.042755344418050248e-02,nan,nan,nan,nan,nan,nan,2.090261282660332842e-02,nan,nan,nan,2.850356294536817575e-02,nan,nan,nan,9.976247030878848676e-03,nan,nan,nan,nan,nan,nan,nan,nan,nan,2.422802850356293655e-02,nan,nan,nan,nan,nan,nan,nan,1.092636579572445719e-02,nan,2.660332541567693790e-02,nan,nan,nan,nan,nan,nan,nan,nan,nan,nan,nan,nan,nan,nan,nan,nan,nan,nan,nan,3.610451306413302308e-02,2.992874109263659113e-02,nan,3.942992874109265550e-02,nan,nan
nan,nan,nan,nan,-2.926829268292685526e-03,nan,nan,nan,nan,nan,-8.292682926829275658e-03,-3.902439024390247369e-03,nan,nan,nan,nan,nan,nan,nan,-4.878048780487809211e-03,nan,nan,nan,nan,nan,nan,nan,nan,nan,-1.024390243902439934e-02,nan,nan,nan,nan,nan,nan,nan,nan,-7.804878048780494737e-03,nan,nan,-2.926829268292685526e-03,-9.268292682926837500e-03,nan,nan,nan,nan,nan,nan,nan,nan,nan,nan,nan,nan,nan,nan,nan,nan,1.170731707317074211e-02,nan,nan,8.292682926829275658e-03,nan,nan
nan,nan,nan,nan,nan,nan,nan,nan,nan,nan,nan,nan,nan,nan,nan,-1.966426858513192766e-02,nan,nan,nan,8.441247002398077903e-02,-4.796163069544778779e-04,nan,nan,nan,nan,nan,nan,nan,nan,-5.275779376498835119e-03,nan,nan,nan,nan,nan,nan,nan,-2.302158273381300566e-02,nan,3.693045563549155613e-02,nan,-1.390887290167870313e-02,nan,nan,1.486810551558748195e-02,nan,nan,nan,nan,nan,nan,nan,nan,nan,nan,nan,nan,nan,nan,2.158273381294959631e-02,nan,nan,-9.592326139089113034e-04,nan,nan
nan,nan,nan,nan,nan,nan,nan,nan,nan,nan,nan,-2.512562814070351362e-03,nan,nan,nan,8.542713567839177111e-03,nan,nan,nan,-8.040201005025116032e-03,nan,nan,nan,nan,nan,nan,nan,nan,nan,-9.547738693467344370e-03,nan,nan,nan,nan,nan,nan,nan,nan,nan,4.623115577889445188e-02,nan,2.110552763819093652e-02,nan,nan,-6.532663316582953614e-03,nan,nan,nan,nan,-2.010050251256312401e-03,nan,nan,nan,nan,nan,nan,nan,nan,nan,2.261306532663314231e-02,nan,nan,7.035175879396971324e-03,nan,nan
nan,nan,nan,nan,nan,nan,nan,nan,nan,nan,nan,nan,nan,nan,nan,-5.200945626477548878e-03,nan,nan,nan,-1.371158392434990159e-02,nan,nan,nan,nan,nan,nan,nan,nan,nan,-1.843971631205671910e-02,nan,nan,nan,nan,nan,nan,nan,-2.316784869976362682e-02,2.174940898345154722e-02,nan,nan,-2.978723404255321366e-02,nan,nan,nan,nan,nan,nan,nan,-6.430260047281324831e-02,nan,nan,nan,nan,nan,nan,nan,nan,nan,-5.626477541371155411e-02,-4.444444444444443920e-02,nan,6.146572104018921401e-03,nan,nan
nan,nan,nan,nan,2.470308788598574168e-02,nan,nan,nan,nan,nan,nan,7.600950118764803962e-03,nan,nan,nan,nan,nan,nan,nan,nan,-9.501187648456088436e-04,nan,nan,nan,nan,nan,nan,nan,nan,-1.947743467933495815e-02,nan,nan,nan,nan,nan,nan,nan,-1.710213776722096027e-02,3.942992874109259305e-02,-4.750593824228044218e-04,nan,4.798099762470305063e-02,nan,nan,nan,nan,nan,nan,nan,nan,nan,nan,nan,nan,nan,nan,nan,nan,nan,2.707838479809974302e-02,nan,nan,7.600950118764803962e-03,nan,nan
nan,nan,nan,nan,nan,nan,nan,nan,nan,nan,nan,3.076923076923081604e-02,nan,nan,nan,nan,nan,nan,nan,7.307692307692310874e-02,nan,nan,nan,nan,nan,nan,nan,nan,nan,6.634615384615390188e-02,nan,nan,nan,nan,nan,nan,nan,3.701923076923079037e-02,1.971153846153848171e-02,8.028846153846158629e-02,nan,nan,1.730769230769233641e-02,nan,nan,nan,nan,nan,nan,3.942307692307696343e-02,nan,nan,nan,nan,nan,nan,nan,nan,nan,8.749999999999999445e-02,nan,nan,6.153846153846158351e-02,nan,nan
nan,nan,nan,nan,nan,nan,nan,nan,nan,nan,nan,nan,nan,nan,nan,nan,nan,nan,nan,1.960784313725483230e-03,nan,nan,nan,nan,nan,nan,nan,nan,nan,-7.352941176470584664e-03,nan,nan,nan,nan,nan,nan,nan,-4.901960784313485813e-04,1.127450980392155112e-02,nan,nan,-4.411764705882337267e-03,-1.519607843137258350e-02,nan,-4.950980392156863197e-02,nan,nan,nan,nan,nan,nan,nan,nan,nan,nan,nan,nan,nan,nan,3.039215686274510109e-02,1.029411764705878696e-02,nan,8.333333333333303727e-03,nan,nan
nan,nan,nan,nan,1.118483412322275328e-01,nan,nan,nan,nan,nan,nan,4.928909952606641554e-02,nan,nan,nan,6.824644549763039802e-02,nan,nan,nan,nan,-2.132701421800942132e-02,nan,nan,nan,nan,nan,nan,nan,nan,4.265402843601928499e-03,nan,nan,nan,nan,nan,nan,nan,5.687203791469253034e-03,nan,nan,nan,nan,nan,nan,6.587677725118487593e-02,nan,nan,nan,nan,2.748815165876778918e-02,nan,nan,nan,nan,nan,nan,nan,nan,nan,1.895734597156462130e-03,nan,0.000000000000000000e+00,nan,nan,nan
nan,nan,nan,nan,-4.705882352941115343e-04,nan,nan,nan,nan,nan,nan,nan,nan,nan,nan,nan,nan,nan,nan,5.176470588235293664e-03,-9.411764705882230686e-04,nan,nan,nan,nan,nan,nan,nan,nan,-4.941176470588235642e-02,nan,nan,nan,nan,nan,nan,nan,-1.364705882352941144e-02,1.411764705882354552e-02,nan,nan,1.082352941176469886e-02,-5.647058823529405198e-03,nan,nan,nan,nan,nan,nan,nan,nan,nan,nan,nan,nan,nan,nan,nan,nan,2.399999999999997621e-02,4.705882352941337604e-04,nan,nan,nan,nan
nan,nan,nan,nan,nan,nan,nan,nan,nan,nan,2.622950819672133921e-02,nan,nan,nan,nan,nan,nan,nan,nan,2.435597189695553125e-02,nan,nan,nan,nan,nan,nan,nan,nan,nan,5.152224824355977964e-03,nan,nan,nan,nan,nan,nan,nan,-5.620608899297429954e-03,5.339578454332556678e-02,1.077283372365340705e-02,nan,-4.683840749414525323e-04,nan,nan,nan,nan,nan,nan,nan,nan,nan,nan,nan,nan,nan,nan,nan,nan,nan,1.967213114754100614e-02,4.215456674473072249e-03,nan,4.121779859484777514e-02,nan,nan
nan,nan,nan,nan,7.317073170731713816e-03,nan,nan,nan,nan,nan,nan,-8.780487804878056579e-03,nan,nan,nan,nan,nan,nan,nan,nan,nan,nan,nan,nan,nan,nan,nan,nan,nan,-1.560975609756098947e-02,nan,nan,nan,nan,nan,nan,nan,nan,4.829268292682926955e-02,nan,nan,4.390243902439028290e-03,3.658536585365852745e-02,nan,nan,nan,nan,nan,nan,nan,nan,nan,nan,nan,nan,nan,nan,nan,nan,2.243902439024392237e-02,1.951219512195123684e-03,4.878048780487809211e-04,2.536585365853658708e-02,nan,nan
nan,nan,nan,nan,2.151589242053786322e-02,nan,1.613691931540337660e-02,nan,nan,nan,nan,nan,nan,nan,nan,nan,nan,nan,nan,1.222493887530560173e-02,nan,nan,nan,nan,nan,nan,nan,nan,nan,3.911980440097773126e-03,nan,nan,nan,nan,nan,nan,nan,-2.220446049250313204e-17,4.547677261613687627e-02,1.907090464547673767e-02,nan,-4.400977995110055482e-03,nan,nan,4.889975550122249368e-03,nan,nan,nan,nan,nan,nan,nan,nan,nan,nan,nan,nan,nan,nan,1.173594132029338530e-02,nan,nan,nan,nan,nan
nan,nan,nan,nan,1.087470449172578402e-02,nan,nan,nan,nan,nan,nan,nan,nan,nan,nan,nan,nan,nan,nan,nan,-8.037825059101643896e-03,nan,nan,nan,nan,nan,nan,nan,nan,-1.702127659574463950e-02,nan,nan,nan,nan,nan,nan,nan,nan,-1.276595744680846314e-02,-2.080378250591012959e-02,nan,2.174940898345156803e-02,nan,nan,-4.728132387706818381e-03,nan,nan,nan,nan,nan,nan,nan,nan,nan,nan,nan,nan,nan,nan,-2.174940898345147783e-02,nan,4.728132387706862616e-04,2.978723404255323448e-02,nan,nan
nan,nan,nan,nan,nan,nan,nan,nan,nan,nan,-1.686746987951808288e-02,-7.710843373494013706e-03,nan,nan,nan,-1.204819277108437614e-02,nan,nan,nan,-1.301204819277113067e-02,nan,nan,nan,nan,nan,nan,nan,nan,nan,-1.927710843373531182e-03,nan,nan,nan,nan,nan,nan,nan,-3.373493975903618658e-02,-1.975903614457832219e-02,nan,nan,-1.204819277108437614e-02,nan,nan,nan,nan,nan,nan,nan,nan,nan,nan,nan,nan,nan,nan,nan,nan,nan,-4.337349397590364170e-02,-5.783132530120504641e-03,nan,nan,nan,nan
nan,nan,nan,nan,nan,nan,nan,nan,nan,nan,nan,3.471882640586800711e-02,nan,nan,nan,nan,nan,nan,nan,5.378973105134510040e-03,nan,nan,nan,nan,nan,nan,nan,nan,nan,3.520782396088027039e-02,nan,nan,nan,nan,nan,nan,nan,nan,nan,nan,nan,nan,2.151589242053792914e-02,nan,nan,nan,nan,7.530562347188267391e-02,nan,nan,6.845965770171154319e-02,nan,nan,6.894865525672377871e-02,nan,nan,nan,nan,nan,1.662591687041570232e-02,3.765281173594137165e-02,nan,1.075794621026899753e-02,nan,nan
nan,nan,nan,nan,nan,nan,nan,nan,nan,nan,nan,1.658536585365853050e-02,nan,nan,nan,9.902439024390245759e-02,nan,nan,nan,nan,nan,nan,nan,nan,nan,nan,nan,nan,nan,-5.853658536585371053e-03,nan,nan,nan,nan,nan,nan,nan,-6.341463414634151974e-03,1.365853658536586579e-02,1.078048780487805003e-01,nan,-3.902439024390247369e-03,-2.146341463414636053e-02,nan,6.829268292682932895e-03,nan,nan,nan,nan,nan,nan,nan,nan,nan,nan,nan,nan,nan,nan,7.804878048780494737e-03,nan,nan,nan,nan,nan
nan,nan,nan,nan,6.146572104018898849e-03,nan,nan,nan,nan,nan,nan,nan,nan,nan,nan,5.200945626477539857e-02,nan,nan,nan,3.546099290780140023e-02,1.182033096926711144e-02,nan,nan,nan,nan,nan,nan,nan,nan,8.037825059101621344e-03,nan,nan,nan,nan,nan,nan,nan,-1.229314420803784280e-02,6.477541371158393457e-02,nan,nan,nan,nan,nan,nan,nan,nan,nan,nan,nan,nan,nan,nan,nan,nan,nan,nan,nan,nan,1.323877068557914941e-02,nan,7.139479905437351448e-02,5.390070921985812280e-02,nan,nan
nan,nan,nan,nan,2.550000000000001224e-02,nan,nan,nan,nan,nan,nan,nan,nan,nan,nan,5.850000000000003808e-02,nan,nan,nan,2.950000000000001579e-02,-1.299999999999998899e-02,nan,nan,nan,nan,nan,nan,nan,nan,2.000000000000023894e-03,nan,nan,nan,nan,nan,nan,nan,nan,5.800000000000003070e-02,5.000000000000002359e-02,nan,2.150000000000000869e-02,nan,nan,1.500000000000034726e-03,nan,nan,nan,nan,nan,nan,nan,nan,nan,nan,nan,nan,nan,nan,-1.449999999999997992e-02,nan,nan,nan,nan,nan
nan,nan,nan,nan,nan,nan,nan,nan,nan,nan,nan,-1.466992665036626108e-03,nan,nan,nan,4.889975550123049075e-04,nan,nan,nan,-6.845965770171091695e-03,nan,nan,nan,nan,nan,nan,nan,nan,nan,-4.889975550121938852e-04,nan,nan,nan,nan,nan,nan,nan,nan,-9.779951100244098881e-04,1.955990220048930799e-03,nan,1.955990220048953350e-03,nan,nan,-1.026894865525667180e-02,nan,nan,nan,nan,nan,nan,nan,nan,nan,nan,nan,nan,nan,nan,1.124694376528121396e-02,nan,nan,2.591687041564798635e-02,nan,nan
nan,nan,nan,nan,-6.477541371158383743e-02,nan,nan,nan,nan,nan,nan,nan,nan,nan,nan,nan,nan,nan,nan,nan,nan,nan,nan,nan,nan,nan,nan,nan,nan,-3.829787234042547617e-02,nan,nan,nan,nan,nan,nan,nan,-2.742316784869969215e-02,nan,6.146572104018921401e-03,nan,-2.364066193853424716e-02,nan,nan,-2.978723404255318938e-02,nan,nan,nan,nan,-1.702127659574463950e-02,nan,nan,nan,nan,nan,nan,nan,nan,nan,-1.513002364066191527e-02,nan,0.000000000000000000e+00,3.782505910165490093e-03,nan,nan
nan,nan,nan,nan,5.181598062953993861e-02,nan,nan,nan,nan,nan,nan,4.891041162227600936e-02,nan,nan,nan,nan,nan,nan,nan,8.377723970944310483e-02,6.440677966101693297e-02,nan,nan,nan,nan,nan,nan,nan,nan,1.937046004842635184e-03,nan,nan,nan,nan,nan,nan,nan,nan,6.392251815980629082e-02,nan,nan,nan,4.745762711864405514e-02,nan,nan,nan,nan,nan,nan,nan,nan,nan,nan,nan,nan,nan,nan,nan,nan,2.518159806295399220e-02,nan,8.668280871670704102e-02,6.828087167070215346e-02,nan,nan
nan,nan,nan,nan,2.576112412177986727e-02,nan,nan,nan,nan,nan,nan,5.245901639344261597e-02,nan,nan,nan,nan,nan,nan,nan,nan,-9.836065573770503070e-03,nan,nan,nan,nan,nan,nan,nan,nan,8.711943793911006151e-02,nan,nan,nan,nan,nan,nan,nan,3.981264637002342177e-02,1.779859484777519471e-02,nan,nan,nan,nan,nan,1.170960187353631277e-02,nan,nan,nan,nan,nan,nan,nan,nan,nan,nan,nan,nan,nan,nan,1.236533957845433046e-01,nan,2.810304449648714977e-03,7.728337236533959487e-02,nan,nan
nan,nan,nan,nan,-8.121827411167537383e-03,nan,-2.220446049250313204e-17,nan,nan,nan,nan,-4.568527918781794747e-03,nan,nan,nan,nan,nan,nan,nan,-2.791878172588839815e-02,nan,nan,nan,nan,nan,nan,nan,nan,nan,-5.076142131979754883e-03,nan,nan,nan,nan,nan,nan,nan,nan,-4.010152284263963918e-02,nan,nan,nan,nan,nan,-2.639593908629447178e-02,nan,nan,-3.096446700507620234e-02,nan,nan,nan,nan,nan,nan,nan,nan,nan,nan,nan,-4.111675126903557853e-02,nan,nan,-6.852791878172592721e-02,nan,nan
nan,nan,nan,nan,nan,nan,nan,nan,nan,nan,nan,nan,nan,nan,nan,2.645739910313895521e-02,nan,nan,nan,3.183856502242148057e-02,nan,nan,nan,nan,nan,nan,nan,nan,nan,-3.587443946188351249e-03,nan,nan,nan,nan,nan,nan,nan,5.381165919282481988e-03,6.098654708520175050e-02,2.107623318385645067e-02,nan,4.977578475336317393e-02,1.838565022421523310e-02,nan,nan,nan,nan,nan,nan,nan,nan,nan,nan,nan,nan,nan,nan,nan,nan,2.600896860986541201e-02,nan,nan,5.739910313901341876e-02,nan,nan
nan,nan,nan,nan,1.474201474201475249e-03,nan,nan,nan,nan,nan,nan,nan,nan,nan,nan,3.931203931203941515e-03,nan,nan,nan,-5.896805896805900997e-03,-2.997542997542996732e-02,nan,nan,nan,nan,nan,nan,nan,nan,-2.407862407862408974e-02,nan,nan,nan,nan,nan,nan,nan,nan,1.081081081081081141e-02,nan,nan,nan,-1.277641277641279258e-02,nan,nan,nan,nan,nan,nan,-1.081081081081081141e-02,nan,nan,nan,nan,nan,nan,nan,nan,nan,2.162162162162162282e-02,nan,nan,6.388206388206385880e-03,nan,nan
nan,nan,nan,nan,nan,nan,nan,nan,nan,nan,nan,-5.527638190954808906e-03,nan,nan,nan,3.366834170854269420e-02,nan,nan,nan,4.773869346733668195e-02,nan,nan,nan,nan,nan,nan,nan,nan,nan,1.005025125628122807e-03,nan,nan,nan,nan,nan,nan,nan,nan,2.512562814070349454e-02,nan,nan,1.909547738693468874e-02,nan,nan,nan,nan,nan,-3.517587939698496504e-03,nan,nan,nan,nan,nan,nan,nan,nan,nan,nan,nan,3.517587939698474386e-03,1.105527638190952934e-02,nan,8.040201005025138584e-03,nan,nan
nan,nan,nan,nan,nan,nan,4.306220095693778088e-02,nan,nan,nan,nan,1.722488038277509778e-02,nan,nan,nan,nan,nan,nan,nan,3.875598086124400904e-02,nan,nan,nan,nan,nan,nan,nan,nan,nan,3.684210526315785661e-02,nan,nan,nan,nan,nan,nan,nan,1.387559808612435185e-02,4.736842105263154579e-02,nan,nan,-4.306220095693813477e-03,5.023923444976072933e-02,nan,nan,nan,nan,nan,nan,nan,nan,nan,nan,nan,nan,nan,nan,nan,nan,5.023923444976072933e-02,nan,nan,5.789473684210522109e-02,nan,nan
nan,nan,nan,nan,6.873508353221964573e-02,nan,nan,nan,nan,nan,nan,-4.773269689737124960e-04,nan,nan,nan,nan,nan,nan,nan,1.050119331742243867e-01,3.579952267303108254e-02,nan,nan,nan,nan,nan,nan,nan,nan,5.250596658711259752e-03,nan,nan,nan,nan,nan,nan,nan,7.637231503580000150e-03,2.482100238663489250e-02,7.541766109785208450e-02,nan,nan,nan,nan,8.591885441527492145e-03,nan,nan,nan,nan,nan,nan,nan,nan,nan,nan,nan,nan,nan,nan,3.675417661097857280e-02,nan,nan,nan,nan,nan
nan,nan,nan,nan,9.781021897810218690e-02,nan,3.114355231143552810e-02,nan,nan,nan,nan,nan,nan,nan,nan,7.883211678832120761e-02,nan,nan,nan,nan,-2.043795620437953778e-02,nan,nan,nan,nan,nan,nan,nan,nan,-5.839416058394153279e-03,nan,nan,nan,nan,nan,nan,nan,1.654501216545014447e-02,nan,nan,nan,2.968369829683699043e-02,nan,nan,nan,nan,nan,2.043795620437962451e-02,nan,nan,nan,nan,nan,nan,nan,nan,nan,nan,nan,9.245742092457431838e-03,nan,nan,1.021897810218976889e-02,nan,nan
nan,nan,nan,nan,nan,nan,nan,nan,nan,nan,nan,nan,nan,nan,nan,2.499999999999993200e-02,nan,nan,nan,-2.129629629629634785e-02,nan,nan,nan,nan,nan,nan,nan,nan,nan,-6.527777777777780954e-02,nan,nan,nan,nan,nan,nan,nan,nan,-4.629629629629694425e-03,-3.194444444444446279e-02,nan,nan,nan,nan,-2.083333333333337034e-02,nan,nan,-3.194444444444448361e-02,nan,nan,nan,nan,nan,-5.092592592592671066e-03,nan,nan,nan,nan,nan,9.259259259258634028e-04,2.592592592592588702e-02,nan,nan,nan,nan
nan,nan,nan,nan,-1.140142517814730569e-02,nan,nan,nan,nan,nan,nan,nan,nan,nan,nan,-8.076009501187675008e-03,nan,nan,nan,nan,nan,nan,nan,nan,nan,nan,nan,nan,nan,3.325415676959586446e-03,nan,nan,nan,nan,nan,nan,nan,-2.090261282660337352e-02,-8.076009501187675008e-03,-4.750593824228488199e-04,nan,nan,nan,nan,-1.852731591448935136e-02,nan,nan,nan,nan,3.040380047505932687e-02,nan,nan,nan,nan,nan,nan,nan,nan,nan,6.650831353919217995e-03,nan,nan,9.976247030878803573e-03,nan,nan
nan,nan,nan,nan,nan,nan,nan,nan,nan,nan,nan,3.103448275862073086e-02,nan,nan,nan,1.182266009852219781e-02,nan,nan,nan,3.891625615763549817e-02,nan,nan,nan,nan,nan,nan,nan,nan,nan,-3.940886699507340288e-03,nan,nan,nan,nan,nan,nan,nan,2.610837438423647613e-02,3.694581280788180461e-02,nan,nan,9.852216748768505977e-03,nan,nan,nan,nan,nan,nan,nan,nan,nan,nan,nan,nan,nan,nan,nan,nan,nan,3.201970443349755335e-02,1.773399014778327329e-02,nan,4.876847290640395904e-02,nan,nan
nan,nan,nan,nan,-8.571428571428629101e-03,nan,nan,nan,nan,nan,nan,nan,nan,nan,nan,nan,nan,nan,nan,-8.571428571428629101e-03,-5.238095238095308130e-03,nan,nan,nan,nan,nan,nan,nan,nan,-3.523809523809529054e-02,nan,nan,nan,nan,nan,nan,nan,nan,-1.428571428571490153e-03,-9.523809523809933630e-04,nan,1.238095238095233627e-02,nan,nan,-1.095238095238100159e-02,nan,nan,nan,nan,nan,nan,nan,nan,nan,nan,nan,nan,nan,nan,-8.571428571428629101e-03,nan,9.523809523809490191e-04,nan,nan,nan
