nan,nan,nan,nan,nan,nan,nan,nan,nan,nan,nan,nan,nan,nan,nan,nan,nan,nan,nan,1.523046092184368074e-02,1.302605210420841944e-02,nan,nan,2.805611222444870205e-03,nan,nan,nan,nan,3.006012024048065803e-03,nan,nan,-2.004008016032399143e-04,nan,8.016032064128042912e-04,nan,nan,nan,nan,nan,nan,nan,nan,nan,nan,nan,nan,nan,nan,1.703406813627250660e-02,1.703406813627250660e-02,1.202404809619217387e-03,nan,nan,nan,nan,nan,nan,nan,nan,nan,nan,0.000000000000000000e+00,nan,nan,nan
nan,-1.608040201005023206e-03,nan,nan,nan,nan,nan,nan,nan,0.000000000000000000e+00,8.241206030150726586e-03,nan,nan,nan,nan,nan,nan,nan,nan,nan,nan,nan,nan,1.005025125628138463e-02,nan,nan,nan,1.025125628140701774e-02,nan,nan,nan,nan,nan,nan,-3.015075376884412874e-03,nan,nan,nan,nan,nan,nan,nan,nan,nan,-8.040201005025116032e-04,nan,nan,nan,1.085427135678387368e-02,9.045226130653260740e-03,nan,nan,nan,nan,nan,nan,nan,nan,nan,nan,nan,0.000000000000000000e+00,nan,nan,nan
nan,nan,nan,nan,nan,nan,nan,nan,nan,-2.434077079107477282e-03,2.636916835699843094e-03,nan,nan,nan,nan,nan,nan,nan,nan,nan,nan,nan,nan,2.434077079107521517e-03,nan,nan,nan,1.825557809330669110e-03,8.113590263691961013e-04,nan,nan,nan,nan,nan,-2.839756592292053215e-03,nan,nan,nan,nan,nan,nan,nan,3.853955375253570459e-03,nan,nan,nan,nan,nan,-8.113590263691073052e-04,-1.014198782961384104e-03,nan,nan,nan,nan,nan,nan,nan,nan,nan,nan,nan,0.000000000000000000e+00,nan,nan,nan
nan,8.064516129032694991e-04,nan,nan,nan,nan,nan,nan,nan,1.008064516129092512e-03,nan,nan,nan,nan,nan,nan,nan,nan,nan,nan,nan,nan,nan,6.250000000000044582e-03,nan,nan,nan,nan,3.225806451612944856e-03,nan,1.108870967741939530e-02,nan,nan,nan,8.064516129032694991e-04,nan,nan,nan,nan,nan,nan,nan,nan,nan,nan,nan,nan,nan,9.475806451612944770e-03,1.108870967741937275e-02,-2.016129032258007323e-04,nan,nan,nan,nan,nan,nan,nan,nan,nan,nan,0.000000000000000000e+00,nan,nan,nan
nan,nan,nan,nan,nan,nan,nan,nan,nan,nan,-1.224489795918382029e-03,nan,nan,nan,nan,nan,nan,nan,nan,-2.040816326530636715e-03,nan,nan,nan,1.020408163265273905e-03,nan,nan,nan,6.122448979591687884e-04,1.224489795918337577e-03,nan,nan,nan,nan,nan,nan,nan,nan,nan,nan,nan,nan,nan,nan,nan,nan,nan,nan,nan,1.918367346938776308e-02,1.979591836734695409e-02,2.040816326530636715e-04,nan,nan,nan,nan,nan,nan,nan,3.061224489795910837e-03,nan,nan,0.000000000000000000e+00,nan,nan,nan
nan,nan,nan,nan,nan,nan,nan,nan,nan,nan,nan,nan,nan,nan,nan,nan,nan,nan,nan,nan,5.906313645621219521e-03,nan,nan,nan,nan,nan,nan,nan,nan,nan,nan,nan,nan,nan,-5.906313645621152734e-03,nan,nan,nan,nan,nan,nan,nan,nan,nan,nan,nan,nan,nan,-6.109979633400986149e-04,-4.073319755600657071e-04,-1.018329938900164322e-03,nan,nan,-4.073319755600435352e-04,nan,nan,1.221995926680285918e-03,nan,2.851323828920593415e-03,nan,nan,0.000000000000000000e+00,nan,3.869653767820779855e-03,nan
nan,nan,nan,nan,nan,nan,nan,nan,nan,nan,1.609657947686127287e-03,nan,nan,nan,nan,nan,nan,nan,nan,nan,-8.048289738430858698e-04,nan,nan,4.225352112676028157e-03,nan,nan,nan,5.633802816901400945e-03,nan,nan,nan,nan,nan,nan,1.006036217303796134e-03,nan,nan,nan,nan,nan,nan,nan,nan,nan,nan,nan,nan,nan,7.645875251509015764e-03,7.444668008048283166e-03,-2.012072434607769969e-04,nan,nan,-6.036217303823088187e-04,nan,nan,nan,nan,nan,nan,nan,0.000000000000000000e+00,nan,nan,nan
nan,1.608040201005067659e-03,nan,nan,nan,nan,nan,nan,nan,1.608040201005067659e-03,-1.206030150753711894e-03,nan,nan,nan,nan,nan,nan,nan,nan,nan,nan,nan,nan,1.407035175879434120e-03,nan,nan,nan,4.422110552763825093e-03,nan,nan,nan,nan,nan,nan,3.015075376884457543e-03,nan,nan,nan,nan,nan,nan,nan,nan,nan,nan,nan,nan,nan,6.030150753768892535e-03,6.231155778894525640e-03,nan,nan,nan,nan,nan,nan,nan,nan,1.005025125628167260e-03,nan,nan,0.000000000000000000e+00,nan,nan,nan
nan,1.980198019801981957e-03,nan,nan,nan,nan,nan,nan,nan,3.960396039603963914e-03,nan,nan,nan,nan,nan,nan,nan,nan,nan,nan,nan,nan,nan,2.376237623762378348e-03,nan,nan,nan,1.584158415841585565e-03,nan,nan,nan,nan,nan,nan,4.950495049504954892e-03,nan,nan,nan,nan,nan,nan,nan,nan,nan,nan,nan,nan,nan,1.009900990099010798e-02,1.009900990099010798e-02,0.000000000000000000e+00,nan,nan,nan,nan,nan,nan,nan,9.504950495049513393e-03,nan,nan,0.000000000000000000e+00,nan,nan,nan
nan,-3.669724770642224156e-03,nan,nan,nan,nan,nan,nan,nan,-6.523955147808369395e-03,-2.220446049250313204e-17,nan,nan,nan,nan,nan,nan,nan,nan,nan,nan,nan,nan,-4.077471967380241931e-03,nan,nan,nan,-4.485219164118259272e-03,nan,nan,-2.650356778797169528e-03,nan,nan,nan,-3.261977573904206815e-03,nan,nan,nan,nan,nan,nan,nan,nan,nan,nan,nan,nan,nan,1.223241590214008221e-03,1.427115188583027950e-03,nan,nan,nan,nan,nan,nan,nan,nan,nan,nan,nan,0.000000000000000000e+00,nan,nan,nan
nan,nan,nan,nan,nan,nan,nan,nan,nan,nan,nan,nan,nan,nan,nan,nan,nan,nan,nan,nan,nan,nan,nan,nan,nan,nan,nan,nan,4.814443329989925857e-03,nan,nan,nan,nan,nan,-4.212637913741245840e-03,nan,nan,nan,nan,3.209628886659943343e-03,nan,nan,nan,nan,-4.613841524573780717e-03,nan,nan,nan,4.012036108324679271e-04,6.018054162487019177e-04,-1.604814443330049301e-03,nan,nan,-7.021063189568721094e-03,nan,nan,nan,nan,2.006018054162428486e-03,nan,nan,0.000000000000000000e+00,nan,nan,nan
nan,nan,nan,nan,nan,nan,nan,nan,nan,nan,-2.395209580838342407e-03,nan,nan,nan,nan,nan,nan,nan,nan,nan,-1.596806387225568977e-03,nan,nan,-1.357285429141714614e-02,nan,nan,nan,-8.183632734530932318e-03,-1.117764471057882715e-02,nan,nan,nan,nan,-1.257485029940121936e-02,nan,nan,nan,nan,nan,nan,nan,nan,nan,nan,nan,nan,nan,nan,3.992015968063977738e-04,3.992015968063977738e-04,3.992015968063977738e-04,nan,nan,nan,nan,nan,nan,nan,nan,nan,nan,0.000000000000000000e+00,nan,nan,nan
nan,nan,nan,nan,nan,nan,nan,nan,nan,-1.838610827374886989e-03,-2.220446049250313204e-17,nan,nan,nan,nan,nan,nan,nan,nan,nan,nan,nan,nan,-1.021450459652695165e-03,nan,nan,nan,nan,nan,nan,nan,nan,nan,nan,-1.838610827374864655e-03,nan,nan,nan,nan,nan,nan,nan,nan,nan,2.042900919305701279e-04,nan,nan,nan,0.000000000000000000e+00,-6.128702757916438138e-04,-8.171603677221917156e-04,nan,nan,nan,nan,nan,nan,nan,2.451481103166508468e-03,nan,nan,0.000000000000000000e+00,nan,nan,nan
nan,nan,-9.064039408866974429e-03,nan,nan,nan,nan,nan,nan,nan,nan,nan,nan,nan,nan,nan,nan,nan,nan,nan,nan,nan,nan,-1.221674876847287337e-02,nan,nan,nan,-8.866995073891593276e-03,-1.044334975369454188e-02,nan,nan,nan,nan,nan,nan,nan,nan,nan,nan,5.911330049261475771e-04,nan,nan,nan,nan,nan,nan,nan,nan,2.220446049250313204e-17,1.970443349753825347e-04,3.940886699507650695e-04,nan,nan,nan,nan,nan,nan,nan,1.576354679803015826e-03,nan,nan,0.000000000000000000e+00,nan,nan,nan
nan,-1.072124756335282071e-02,nan,nan,nan,nan,nan,nan,nan,-1.033138401559452468e-02,-7.797270955165691792e-04,nan,nan,nan,nan,nan,nan,nan,nan,nan,nan,nan,nan,-1.559454191033116024e-03,nan,nan,nan,nan,nan,nan,nan,nan,nan,nan,-1.111111111111109419e-02,nan,nan,nan,nan,nan,nan,nan,nan,nan,-5.653021442495109392e-03,nan,nan,nan,3.898635477582957027e-04,0.000000000000000000e+00,nan,nan,nan,nan,nan,nan,nan,nan,-2.144249512670559632e-03,nan,nan,0.000000000000000000e+00,nan,nan,nan
nan,-5.487804878048785362e-03,nan,nan,nan,nan,nan,nan,nan,-2.032520325203268727e-03,nan,nan,nan,nan,nan,nan,nan,nan,nan,nan,4.065040650406448117e-03,nan,nan,-1.829268292682928454e-03,nan,nan,nan,1.422764227642270242e-03,-6.097560975609761513e-04,nan,nan,nan,nan,nan,-2.032520325203246610e-03,nan,nan,nan,nan,nan,nan,nan,nan,nan,nan,nan,nan,nan,8.130081300812719725e-04,0.000000000000000000e+00,nan,nan,nan,nan,nan,nan,nan,nan,nan,nan,nan,0.000000000000000000e+00,nan,nan,nan
nan,-6.317867719644621252e-03,nan,nan,nan,nan,nan,nan,nan,nan,1.382033563672280252e-03,nan,nan,nan,nan,nan,nan,nan,nan,nan,nan,nan,nan,-7.502467917077981774e-03,nan,nan,nan,nan,nan,nan,-6.120434353405701522e-03,nan,nan,nan,-8.489634748272467668e-03,nan,nan,nan,nan,nan,nan,nan,nan,nan,nan,nan,nan,nan,9.871668311944858942e-04,1.184600197433383073e-03,1.382033563672280252e-03,nan,nan,nan,nan,nan,nan,nan,9.871668311945080120e-04,nan,nan,0.000000000000000000e+00,nan,nan,nan
nan,nan,nan,nan,nan,nan,nan,nan,nan,nan,nan,nan,nan,nan,nan,nan,nan,nan,nan,nan,4.179104477611961591e-03,nan,nan,nan,nan,nan,nan,nan,5.970149253731627404e-04,nan,nan,-3.980099502487232993e-04,nan,nan,nan,nan,nan,nan,nan,9.950248756219082658e-04,nan,nan,-5.970149253731182881e-04,nan,nan,nan,nan,nan,-5.970149253731182881e-04,-7.960199004974910508e-04,5.970149253731182881e-04,nan,nan,nan,nan,nan,nan,nan,2.587064676616934820e-03,nan,nan,0.000000000000000000e+00,nan,nan,nan
nan,-7.870837537840503356e-03,nan,nan,nan,nan,nan,nan,nan,-7.467204843592267945e-03,nan,nan,nan,nan,nan,nan,nan,nan,nan,nan,4.238143289606477460e-03,nan,nan,nan,nan,nan,nan,nan,nan,nan,nan,nan,nan,nan,6.054490413723634173e-04,nan,nan,nan,nan,2.018163471241285478e-04,nan,nan,nan,nan,nan,nan,nan,nan,-6.054490413722968473e-04,4.036326942482570956e-04,-8.678102926336949893e-03,nan,nan,-8.476286579212843897e-03,nan,nan,nan,nan,nan,nan,nan,0.000000000000000000e+00,nan,nan,nan
nan,nan,nan,nan,nan,nan,nan,1.169354838709679711e-02,nan,nan,nan,nan,nan,nan,nan,nan,nan,nan,nan,nan,3.427419354838745318e-03,nan,nan,nan,nan,nan,nan,nan,nan,nan,nan,nan,nan,nan,nan,nan,nan,nan,nan,nan,nan,nan,3.225806451612966974e-03,nan,-1.209677419354826620e-03,nan,nan,nan,6.451612903225845477e-03,5.241935483871040975e-03,-6.048387096774021426e-04,nan,nan,-1.008064516129025725e-03,nan,nan,nan,nan,2.620967741935498370e-03,nan,nan,0.000000000000000000e+00,nan,nan,nan
nan,8.431372549019577542e-03,nan,nan,nan,nan,nan,nan,nan,3.333333333333321404e-03,2.156862745098031726e-03,nan,nan,nan,nan,nan,nan,nan,nan,nan,nan,nan,nan,nan,nan,nan,nan,nan,nan,nan,nan,nan,nan,nan,4.901960784313708075e-03,nan,nan,nan,nan,nan,nan,nan,nan,nan,-3.529411764705869901e-03,nan,nan,nan,2.392156862745098422e-02,3.000000000000000583e-02,-5.882352941176449473e-04,nan,nan,nan,nan,nan,nan,nan,5.882352941176449473e-04,nan,nan,0.000000000000000000e+00,nan,nan,nan
nan,-1.241098677517809071e-02,nan,nan,nan,nan,nan,nan,nan,-1.525940996948125204e-02,1.424211597151558983e-03,nan,nan,nan,nan,nan,nan,nan,nan,nan,nan,nan,nan,nan,nan,nan,nan,nan,1.424211597151536866e-03,nan,nan,nan,nan,nan,-8.138351983723346103e-03,nan,nan,nan,nan,nan,nan,nan,nan,nan,-4.272634791454787972e-03,nan,nan,nan,8.138351983723035588e-04,2.034587995930703332e-04,nan,nan,nan,-1.525940996948120867e-02,nan,nan,nan,nan,nan,nan,nan,0.000000000000000000e+00,nan,nan,nan
4.494382022471920916e-03,nan,nan,nan,nan,nan,nan,nan,nan,nan,nan,nan,nan,nan,nan,nan,nan,nan,nan,nan,8.171603677221628975e-03,nan,nan,6.537282941777311680e-03,nan,nan,nan,5.924412665985689767e-03,nan,nan,nan,nan,nan,nan,nan,nan,nan,nan,nan,nan,nan,nan,nan,nan,-2.860061287027581937e-03,nan,nan,nan,-1.225740551583287628e-03,0.000000000000000000e+00,1.225740551583243175e-03,nan,nan,nan,nan,nan,nan,nan,2.042900919305390330e-03,nan,nan,0.000000000000000000e+00,nan,nan,nan
nan,1.577909270216992831e-03,nan,nan,nan,nan,nan,nan,nan,nan,nan,nan,nan,nan,nan,nan,nan,nan,nan,nan,nan,nan,nan,-1.972386587770991130e-04,nan,nan,nan,3.944773175542426458e-03,1.380670611439849347e-03,nan,nan,nan,nan,nan,-5.917159763313195380e-04,nan,nan,nan,nan,nan,nan,nan,nan,nan,nan,nan,nan,nan,8.086785009861974932e-03,7.889546351084852915e-03,0.000000000000000000e+00,nan,nan,nan,nan,nan,nan,nan,8.678500986193337513e-03,nan,nan,0.000000000000000000e+00,nan,nan,nan
nan,nan,nan,nan,nan,nan,nan,nan,nan,nan,3.948667324777943577e-04,nan,nan,nan,nan,nan,nan,nan,nan,nan,-1.382033563672280252e-03,nan,nan,nan,nan,nan,nan,nan,nan,nan,nan,nan,nan,nan,0.000000000000000000e+00,nan,nan,nan,nan,nan,nan,nan,1.125370187561698307e-02,nan,nan,nan,nan,nan,8.094768015794673310e-03,7.699901283316878953e-03,-1.974333662388971788e-04,nan,nan,-1.974333662388971788e-04,nan,nan,nan,nan,2.566633761105663325e-03,nan,nan,0.000000000000000000e+00,nan,nan,nan
2.242609582059151754e-03,nan,-8.154943934760416208e-03,nan,nan,nan,nan,nan,nan,nan,nan,nan,nan,nan,nan,nan,nan,nan,nan,nan,nan,nan,nan,-8.766564729867431377e-03,nan,nan,nan,-6.523955147808324292e-03,-7.747196738022377183e-03,nan,nan,nan,nan,nan,nan,nan,nan,nan,nan,nan,nan,nan,nan,nan,nan,nan,nan,nan,2.038735983690198649e-04,0.000000000000000000e+00,2.038735983690198649e-04,nan,nan,nan,nan,nan,nan,nan,-3.873598369011177316e-03,nan,nan,0.000000000000000000e+00,nan,nan,nan
nan,1.809045226130634411e-03,nan,nan,nan,nan,nan,nan,nan,6.030150753768559468e-04,nan,nan,nan,nan,nan,nan,nan,nan,nan,nan,nan,nan,nan,2.814070351758779336e-03,nan,nan,nan,5.226130653266314145e-03,nan,nan,8.040201005025093481e-03,nan,nan,nan,-2.412060301507556927e-03,nan,nan,nan,nan,nan,nan,nan,nan,nan,nan,nan,nan,nan,4.422110552763825093e-03,2.814070351758757218e-03,0.000000000000000000e+00,nan,nan,nan,nan,nan,nan,nan,nan,nan,nan,0.000000000000000000e+00,nan,nan,nan
nan,nan,nan,nan,nan,nan,nan,nan,nan,nan,nan,nan,nan,nan,nan,nan,nan,nan,nan,nan,nan,nan,nan,nan,nan,nan,nan,-1.986097318768198451e-04,-7.944389275073681766e-04,nan,-1.986097318768420441e-04,nan,nan,nan,-5.958291956305816761e-03,nan,nan,nan,nan,nan,nan,nan,nan,nan,nan,nan,nan,nan,5.958291956305927567e-04,2.220446049250313204e-17,-7.944389275073904027e-04,nan,nan,-1.986097318768553690e-03,nan,nan,nan,nan,4.170804369414149622e-03,nan,nan,0.000000000000000000e+00,nan,nan,nan
nan,2.220446049250313204e-17,nan,nan,nan,nan,nan,nan,nan,1.006036217303840586e-03,nan,nan,nan,nan,nan,nan,nan,nan,nan,nan,1.830985915492959817e-02,nan,nan,nan,nan,nan,nan,nan,nan,nan,nan,nan,nan,nan,3.822937625754518724e-03,nan,nan,nan,nan,nan,nan,nan,nan,nan,-6.237424547283665528e-03,nan,nan,nan,2.837022132796780324e-02,1.006036217303885039e-03,-8.048289738430191914e-04,nan,nan,nan,nan,nan,nan,nan,1.810865191146882004e-03,nan,nan,0.000000000000000000e+00,nan,nan,nan
nan,-6.000000000000005329e-03,nan,nan,nan,nan,nan,nan,nan,-2.800000000000002574e-03,nan,nan,nan,nan,nan,nan,nan,nan,nan,nan,nan,nan,nan,-1.800000000000001685e-03,nan,nan,nan,1.000000000000000888e-03,-1.200000000000000979e-03,nan,nan,nan,nan,nan,-4.600000000000004259e-03,nan,nan,nan,nan,nan,nan,nan,nan,nan,nan,nan,nan,nan,-4.800000000000003916e-03,0.000000000000000000e+00,nan,nan,nan,nan,nan,nan,nan,nan,-1.400000000000001287e-03,nan,nan,0.000000000000000000e+00,nan,nan,nan
nan,-4.008016032063910325e-04,nan,nan,nan,nan,nan,nan,nan,-2.004008016031955163e-04,nan,nan,nan,nan,nan,nan,nan,nan,nan,nan,nan,nan,nan,8.216432865731482238e-03,nan,nan,nan,nan,nan,nan,nan,nan,nan,nan,-3.406813627254501233e-03,nan,nan,nan,nan,nan,nan,nan,nan,nan,nan,nan,nan,nan,2.004008016032177153e-04,0.000000000000000000e+00,-4.809619238476914652e-03,nan,nan,nan,nan,nan,nan,2.605210420841719277e-03,2.805611222444936992e-03,nan,nan,0.000000000000000000e+00,nan,nan,nan
nan,nan,nan,nan,nan,nan,nan,-4.008016032063688064e-04,nan,nan,-4.208416833667305741e-03,nan,nan,nan,nan,nan,nan,nan,nan,nan,2.605210420841697159e-03,nan,nan,nan,1.803607214428870533e-03,nan,nan,nan,nan,nan,nan,nan,nan,nan,-4.809619238476936336e-03,nan,nan,nan,nan,nan,nan,nan,nan,nan,nan,nan,nan,nan,0.000000000000000000e+00,-1.002004008015999672e-03,-4.008016032064109710e-03,nan,nan,nan,nan,nan,nan,nan,4.809619238477003123e-03,nan,nan,0.000000000000000000e+00,nan,nan,nan
nan,nan,nan,nan,nan,nan,nan,nan,nan,nan,-4.958677685950397054e-03,nan,nan,nan,nan,nan,nan,nan,nan,nan,nan,nan,nan,2.892561983471098053e-03,nan,nan,nan,-1.239669421487565870e-03,0.000000000000000000e+00,nan,nan,nan,nan,nan,nan,nan,nan,nan,nan,nan,nan,nan,nan,nan,nan,nan,nan,nan,6.198347107438051612e-04,-1.859504132231370923e-03,-6.198347107437829351e-04,nan,nan,-2.892561983471053817e-03,nan,nan,nan,nan,8.264462809917105801e-04,nan,nan,0.000000000000000000e+00,nan,nan,nan
9.053497942386811576e-03,nan,nan,nan,nan,nan,nan,7.613168724279795012e-03,nan,nan,nan,nan,nan,nan,nan,nan,nan,nan,nan,nan,4.938271604938227269e-03,nan,nan,nan,nan,nan,nan,nan,7.818930041152194477e-03,nan,nan,nan,nan,nan,2.057613168723993022e-04,nan,nan,nan,nan,nan,nan,nan,nan,nan,nan,nan,nan,nan,1.028806584362107479e-03,1.028806584362107479e-03,0.000000000000000000e+00,nan,nan,nan,nan,nan,nan,nan,6.378600823045222148e-03,nan,nan,0.000000000000000000e+00,nan,nan,nan
nan,-1.555555555555552215e-02,nan,nan,nan,nan,nan,nan,nan,-1.373737373737371481e-02,-1.414141414141378795e-03,nan,nan,nan,nan,nan,nan,nan,nan,nan,nan,nan,nan,-4.444444444444384593e-03,nan,nan,nan,nan,nan,nan,nan,nan,nan,nan,-1.676767676767674381e-02,nan,nan,nan,nan,nan,nan,nan,nan,nan,nan,nan,nan,nan,2.020202020202033211e-04,-2.020202020202033211e-04,-3.838383838383752078e-03,nan,nan,nan,nan,nan,nan,nan,4.040404040404066421e-03,nan,nan,0.000000000000000000e+00,nan,nan,nan
nan,nan,nan,nan,nan,nan,nan,3.539823008849540993e-03,nan,nan,nan,nan,nan,nan,nan,nan,nan,7.866273352998831569e-04,nan,nan,2.556538839724664496e-03,nan,nan,nan,1.966568338249041650e-04,nan,nan,nan,nan,nan,nan,nan,nan,nan,nan,nan,nan,nan,nan,nan,nan,nan,1.042281219272367387e-02,nan,nan,nan,nan,nan,8.849557522123907560e-03,9.242871189773849139e-03,-1.966568338249929883e-04,nan,nan,nan,nan,nan,nan,nan,6.489675516224169619e-03,nan,nan,0.000000000000000000e+00,nan,nan,nan
nan,nan,nan,nan,nan,nan,nan,nan,nan,nan,1.402805611222457437e-03,nan,nan,1.402805611222479555e-03,nan,nan,nan,nan,nan,nan,nan,nan,nan,nan,nan,nan,nan,nan,nan,nan,nan,nan,nan,-4.008016032063688064e-04,-6.212424849699371872e-03,nan,nan,nan,nan,1.002004008016066459e-03,nan,nan,2.204408817635305964e-03,nan,nan,nan,nan,nan,-2.204408817635217059e-03,-3.607214428857674713e-03,-1.402805611222412985e-03,nan,nan,nan,nan,nan,nan,nan,nan,nan,nan,0.000000000000000000e+00,nan,nan,nan
nan,nan,nan,nan,nan,nan,nan,nan,nan,-6.060606060605988610e-03,-1.010101010100950035e-03,nan,nan,nan,nan,nan,nan,nan,nan,nan,nan,nan,nan,-5.454545454545378647e-03,nan,nan,nan,nan,nan,nan,-4.242424242424158720e-03,nan,nan,nan,-6.868686868686801894e-03,nan,nan,nan,nan,nan,nan,nan,nan,nan,nan,nan,nan,nan,2.220446049250313204e-17,0.000000000000000000e+00,-4.040404040403844160e-04,nan,nan,nan,nan,nan,nan,nan,8.080808080808132843e-04,nan,nan,0.000000000000000000e+00,nan,nan,nan
nan,-3.669724770642179921e-03,nan,nan,nan,nan,nan,nan,nan,nan,nan,nan,nan,nan,nan,nan,nan,nan,nan,nan,nan,nan,nan,-2.446483180428127464e-03,nan,nan,nan,-1.223241590214074791e-03,nan,nan,nan,nan,nan,nan,-2.242609582059129636e-03,nan,nan,nan,nan,nan,nan,nan,nan,nan,nan,nan,nan,nan,1.223241590214096909e-03,0.000000000000000000e+00,0.000000000000000000e+00,nan,nan,8.154943934760572333e-04,nan,nan,nan,nan,3.261977573904162146e-03,nan,nan,0.000000000000000000e+00,nan,nan,nan
nan,nan,nan,nan,nan,nan,nan,nan,nan,nan,nan,nan,nan,nan,nan,nan,nan,nan,nan,nan,nan,nan,nan,8.008008008007605049e-04,nan,nan,nan,3.603603603603588914e-03,6.206206206206177703e-03,nan,nan,3.003003003002979558e-03,nan,nan,nan,nan,nan,nan,nan,nan,nan,nan,4.604604604604589473e-03,nan,nan,nan,nan,nan,3.203203203203219829e-03,4.004004004004024786e-03,-1.201201201201196377e-03,nan,nan,nan,nan,nan,nan,nan,3.803803803803784515e-03,nan,nan,0.000000000000000000e+00,nan,nan,nan
nan,-1.637666325486142240e-03,nan,nan,nan,nan,nan,nan,nan,-8.188331627430490024e-04,nan,nan,nan,nan,nan,nan,nan,nan,nan,nan,nan,nan,nan,nan,nan,nan,nan,nan,nan,nan,2.047082906857733420e-02,nan,nan,nan,2.251791197543551344e-03,nan,nan,nan,nan,nan,nan,nan,nan,nan,nan,nan,nan,nan,1.821903787103382882e-02,0.000000000000000000e+00,2.047082906857733366e-04,nan,nan,-7.164790174001978498e-03,nan,nan,nan,nan,2.661207778915053619e-03,nan,nan,0.000000000000000000e+00,nan,nan,nan
nan,nan,nan,nan,nan,nan,nan,nan,nan,nan,1.185770750988179899e-03,nan,nan,nan,nan,nan,nan,nan,nan,nan,nan,nan,nan,2.964426877470405404e-03,nan,nan,nan,2.766798418972382829e-03,nan,nan,nan,nan,nan,nan,nan,nan,nan,nan,nan,2.173913043478292555e-03,nan,nan,nan,nan,4.545454545454607684e-03,nan,nan,nan,4.545454545454630235e-03,4.150197628458585086e-03,1.976284584980225745e-04,nan,nan,nan,nan,nan,nan,nan,1.383399209486180139e-03,nan,nan,0.000000000000000000e+00,nan,nan,nan
nan,9.832841691248318285e-04,nan,nan,nan,nan,nan,nan,nan,1.966568338249752128e-03,nan,nan,nan,nan,nan,nan,nan,nan,nan,nan,nan,nan,nan,8.456243854473920879e-03,nan,nan,nan,9.636184857423790717e-03,nan,nan,nan,nan,nan,nan,1.573254670599766314e-03,nan,nan,nan,nan,nan,nan,nan,nan,nan,nan,nan,nan,nan,8.849557522123907560e-03,9.242871189773849139e-03,-3.933136676499415785e-04,nan,nan,nan,nan,nan,nan,nan,6.882989183874111197e-03,nan,nan,0.000000000000000000e+00,nan,nan,nan
nan,-7.135575942915384565e-03,nan,nan,nan,nan,nan,nan,nan,-8.154943934760461310e-03,3.058103975535142634e-03,nan,nan,nan,nan,nan,nan,nan,nan,nan,nan,nan,nan,nan,nan,nan,nan,nan,nan,nan,-9.174311926605494688e-03,nan,nan,nan,-7.951070336391441798e-03,nan,nan,nan,nan,nan,nan,nan,nan,nan,nan,nan,nan,nan,0.000000000000000000e+00,2.038735983689976658e-04,0.000000000000000000e+00,nan,nan,nan,nan,nan,nan,nan,4.077471967379953316e-04,nan,nan,0.000000000000000000e+00,nan,nan,nan
nan,nan,nan,nan,nan,nan,nan,nan,nan,nan,nan,nan,nan,nan,nan,nan,nan,nan,nan,nan,nan,nan,nan,5.928853754940677234e-03,nan,nan,nan,nan,4.940711462450564362e-03,nan,nan,nan,nan,4.347826086956496638e-03,nan,nan,nan,nan,nan,nan,nan,nan,nan,nan,nan,nan,nan,nan,-1.976284584980225745e-04,3.952569169960451489e-04,9.881422924901128724e-04,nan,nan,3.952569169960451489e-04,nan,nan,nan,2.569169960474293468e-03,2.371541501976270894e-03,nan,nan,0.000000000000000000e+00,nan,nan,nan
nan,nan,nan,nan,nan,nan,nan,8.748728382502578976e-03,nan,nan,nan,nan,nan,nan,nan,nan,nan,nan,nan,nan,nan,nan,nan,2.644964394710091950e-03,nan,nan,nan,-2.034587995930481341e-04,4.679552390640928476e-03,nan,nan,nan,nan,nan,7.324516785350998309e-03,nan,nan,nan,nan,nan,nan,nan,nan,nan,nan,nan,nan,nan,1.180061037639881273e-02,1.464903357070195325e-02,nan,nan,nan,-1.627670396744607118e-03,nan,nan,nan,nan,1.322482197355037171e-02,nan,nan,0.000000000000000000e+00,nan,nan,nan
nan,nan,nan,nan,nan,nan,nan,nan,nan,nan,nan,nan,nan,nan,nan,nan,nan,nan,nan,nan,nan,nan,nan,-2.883625128733280450e-03,nan,nan,nan,-1.441812564366640225e-03,-2.265705458290434484e-03,nan,nan,-4.119464469618971838e-04,nan,nan,-2.677651905252331939e-03,nan,nan,nan,nan,nan,nan,nan,nan,nan,nan,nan,nan,nan,0.000000000000000000e+00,2.059732234809485919e-04,0.000000000000000000e+00,nan,nan,nan,nan,nan,nan,nan,1.029866117404742987e-03,nan,nan,0.000000000000000000e+00,nan,nan,nan
nan,-9.990205680705254582e-03,nan,nan,nan,nan,nan,nan,nan,-1.136141038197848764e-02,nan,nan,nan,nan,nan,nan,nan,nan,nan,nan,3.721841332027353566e-03,nan,nan,nan,nan,nan,nan,nan,nan,nan,-1.371204701273298545e-03,nan,nan,nan,-1.449559255631738264e-02,nan,nan,nan,nan,nan,nan,nan,nan,nan,nan,nan,nan,nan,1.958863858961601477e-04,-1.958863858961823468e-04,-6.660137120470199790e-03,nan,nan,nan,nan,nan,nan,nan,-1.175318315377160651e-03,nan,nan,0.000000000000000000e+00,nan,nan,nan
nan,nan,nan,nan,nan,nan,nan,1.395812562313059058e-02,nan,nan,1.994017946161497187e-04,nan,nan,nan,nan,nan,nan,nan,nan,nan,nan,nan,nan,1.296111665004984204e-02,nan,nan,nan,1.196410767696909350e-02,nan,nan,nan,nan,nan,nan,nan,nan,nan,nan,nan,nan,nan,nan,8.973080757726847878e-03,nan,nan,nan,nan,nan,-1.595214356929197750e-03,-1.994017946161497187e-04,9.970089730807485395e-04,nan,nan,nan,nan,nan,nan,nan,6.181455633100729589e-03,nan,nan,0.000000000000000000e+00,nan,nan,nan
nan,nan,nan,nan,nan,nan,nan,-4.140786749482705748e-04,nan,nan,nan,nan,nan,nan,nan,nan,nan,nan,nan,nan,nan,nan,nan,4.968944099378869161e-03,-1.035196687370620872e-03,nan,nan,4.140786749482261225e-04,-1.035196687370642989e-03,nan,nan,nan,nan,nan,nan,nan,nan,nan,nan,nan,nan,nan,nan,nan,nan,nan,nan,nan,8.488612836438869103e-03,8.074534161490620754e-03,0.000000000000000000e+00,nan,nan,nan,nan,nan,nan,nan,3.726708074534146233e-03,nan,nan,0.000000000000000000e+00,nan,nan,nan
nan,nan,nan,nan,nan,nan,nan,nan,nan,nan,nan,nan,nan,nan,nan,nan,nan,nan,nan,nan,nan,nan,nan,-1.629327902240351733e-03,nan,nan,nan,-4.073319755601101594e-04,nan,nan,nan,2.036659877800372880e-03,nan,9.979633401221965280e-03,nan,nan,nan,nan,nan,nan,nan,nan,nan,nan,4.073319755600657071e-04,nan,nan,nan,1.140529531568228519e-02,1.140529531568228519e-02,0.000000000000000000e+00,nan,nan,2.036659877800328536e-04,nan,nan,nan,nan,nan,nan,nan,0.000000000000000000e+00,nan,nan,nan
nan,nan,nan,nan,nan,nan,nan,nan,nan,nan,nan,nan,nan,nan,nan,nan,nan,nan,nan,nan,1.218274111675143835e-03,nan,nan,nan,nan,nan,nan,nan,-3.857868020304589148e-03,nan,nan,3.654822335025409603e-03,nan,-2.233502538071063890e-03,nan,nan,nan,nan,nan,-3.045685279187804184e-03,nan,nan,3.654822335025387052e-03,nan,nan,nan,nan,nan,0.000000000000000000e+00,-2.030456852791795441e-04,nan,nan,nan,nan,nan,nan,nan,nan,2.842639593908624640e-03,nan,nan,0.000000000000000000e+00,nan,nan,nan
6.224899598393540331e-03,nan,nan,nan,nan,nan,nan,nan,nan,nan,nan,nan,nan,nan,nan,nan,nan,nan,nan,nan,8.433734939759029298e-03,nan,nan,4.216867469879481689e-03,nan,nan,nan,3.815261044176709946e-03,3.012048192771077555e-03,nan,nan,nan,nan,nan,1.606425702811264998e-03,nan,nan,nan,nan,nan,nan,nan,nan,nan,-2.008032128514081248e-04,nan,nan,nan,8.835341365461846577e-03,9.236947791164662122e-03,nan,nan,nan,nan,nan,nan,nan,nan,nan,nan,nan,0.000000000000000000e+00,nan,nan,nan
nan,nan,nan,nan,nan,nan,nan,nan,nan,nan,nan,nan,nan,nan,nan,nan,nan,nan,nan,nan,nan,nan,nan,2.004008016032044013e-03,nan,nan,nan,nan,-2.404809619238523679e-03,nan,nan,1.202404809619217387e-03,nan,-1.402805611222457437e-03,2.404809619238457326e-03,nan,nan,nan,nan,nan,nan,nan,nan,nan,nan,nan,nan,nan,1.202404809619239678e-02,1.202404809619239678e-02,2.004008016031955163e-04,nan,nan,nan,nan,nan,nan,nan,6.613226452905763067e-03,nan,nan,0.000000000000000000e+00,nan,nan,nan
nan,nan,nan,nan,nan,nan,1.002044989775048231e-02,nan,nan,nan,5.521472392638004933e-03,nan,nan,nan,nan,nan,nan,nan,nan,nan,nan,nan,nan,2.413087934560327261e-02,nan,nan,nan,nan,2.106339468302658238e-02,nan,nan,nan,nan,nan,nan,nan,nan,nan,nan,nan,nan,nan,nan,nan,-1.431492842535764167e-03,nan,nan,nan,2.658486707566431930e-03,2.249488752556194453e-03,1.595092024539879194e-02,nan,nan,1.104294478527607579e-02,nan,nan,nan,nan,nan,nan,nan,0.000000000000000000e+00,nan,nan,nan
nan,2.220446049250313204e-17,nan,nan,nan,nan,nan,nan,nan,2.620967741935520488e-03,nan,nan,nan,nan,nan,nan,nan,nan,nan,nan,1.774193548387104080e-02,nan,nan,1.471774193548391896e-02,nan,nan,nan,nan,nan,nan,nan,nan,nan,nan,2.822580645161320949e-03,nan,nan,nan,nan,nan,nan,nan,nan,nan,nan,nan,nan,nan,1.512096774193552075e-02,1.512096774193552075e-02,-2.016129032258007323e-04,nan,nan,nan,nan,nan,nan,nan,1.270161290322582327e-02,nan,nan,0.000000000000000000e+00,nan,nan,nan
nan,nan,nan,nan,nan,nan,nan,nan,nan,nan,-2.211055276381857036e-03,nan,nan,nan,nan,nan,nan,nan,nan,nan,5.427135678391992353e-03,nan,nan,nan,nan,nan,nan,nan,3.618090452261379843e-03,nan,nan,4.221105527638213673e-03,nan,2.010050251256312401e-03,-4.422110552763780858e-03,nan,nan,nan,nan,nan,nan,nan,nan,nan,3.618090452261335608e-03,nan,nan,nan,-8.040201005024450332e-04,-8.040201005024450332e-04,nan,nan,nan,nan,nan,nan,nan,nan,nan,nan,nan,0.000000000000000000e+00,nan,nan,nan
nan,-4.733727810650911923e-03,nan,nan,nan,nan,nan,nan,nan,-3.944773175542426458e-03,nan,nan,nan,nan,nan,nan,nan,nan,nan,nan,nan,nan,nan,-3.944773175542648502e-04,nan,nan,nan,nan,2.564102564102510758e-03,nan,-3.944773175542426241e-04,nan,nan,nan,-5.719921104536518537e-03,nan,nan,nan,nan,nan,nan,nan,nan,nan,nan,nan,nan,nan,-2.958579881656819843e-03,-1.380670611439849347e-03,nan,nan,nan,nan,nan,nan,nan,nan,-1.972386587771213120e-04,nan,nan,0.000000000000000000e+00,nan,nan,nan
nan,nan,nan,nan,nan,nan,nan,nan,nan,-4.487804878048784474e-03,nan,nan,nan,nan,nan,nan,nan,nan,nan,nan,nan,nan,nan,-3.707317073170735000e-03,nan,nan,nan,-3.317073170731710263e-03,nan,nan,-1.560975609756098947e-03,nan,nan,nan,-6.634146341463420526e-03,nan,nan,nan,nan,nan,nan,nan,2.536585365853660790e-03,nan,nan,nan,nan,nan,1.951219512195123684e-04,-1.170731707317074211e-03,nan,nan,nan,nan,nan,nan,nan,nan,3.902439024390247369e-04,nan,nan,0.000000000000000000e+00,nan,nan,nan
nan,nan,nan,nan,nan,nan,nan,nan,nan,nan,nan,nan,nan,nan,nan,nan,nan,nan,nan,nan,nan,nan,nan,7.889546351084852482e-04,nan,nan,nan,-2.564102564102577111e-03,-3.944773175542403906e-03,nan,nan,-3.944773175542426458e-03,nan,-5.719921104536495986e-03,nan,nan,nan,nan,nan,nan,nan,nan,-1.972386587771213120e-04,nan,nan,nan,nan,nan,1.972386587771213229e-03,1.577909270216970496e-03,nan,nan,nan,nan,nan,nan,nan,nan,-1.972386587771213120e-04,nan,nan,0.000000000000000000e+00,nan,nan,nan
nan,nan,nan,nan,nan,nan,nan,nan,nan,nan,-2.238046795523862542e-03,nan,nan,nan,nan,nan,nan,nan,nan,nan,nan,nan,nan,nan,nan,nan,nan,4.440892098500626408e-17,nan,nan,nan,nan,nan,nan,-2.034587995930703332e-04,nan,nan,nan,nan,nan,nan,nan,nan,nan,-1.831129196337699704e-03,nan,nan,nan,2.034587995930925322e-04,2.034587995930925322e-04,-2.034587995930814408e-03,nan,nan,-2.441505595116954912e-03,nan,nan,nan,nan,4.069175991861850644e-04,nan,nan,0.000000000000000000e+00,nan,nan,nan
nan,nan,nan,nan,nan,nan,nan,9.641025641025580822e-03,nan,nan,nan,nan,nan,nan,nan,nan,nan,nan,nan,nan,7.589743589743558165e-03,nan,nan,1.046153846153843360e-02,nan,nan,nan,1.169230769230764598e-02,nan,nan,nan,nan,nan,nan,nan,nan,nan,nan,nan,nan,nan,nan,nan,nan,4.717948717948683597e-03,nan,nan,nan,-2.051282051282354748e-04,1.435897435897404107e-03,8.205128205127865332e-04,nan,nan,nan,nan,nan,nan,nan,7.589743589743536481e-03,nan,nan,0.000000000000000000e+00,nan,nan,nan
nan,-1.478599221789889118e-02,nan,nan,nan,nan,nan,nan,nan,-1.420233463035025512e-02,5.836575875486360587e-04,nan,nan,nan,nan,nan,nan,nan,nan,nan,nan,nan,nan,nan,nan,nan,nan,nan,nan,nan,9.727626459143934312e-04,nan,nan,nan,-1.400778210116737643e-02,nan,nan,nan,nan,nan,nan,nan,nan,nan,-1.517509727626464855e-02,nan,nan,nan,-1.945525291828786862e-04,0.000000000000000000e+00,nan,nan,nan,nan,nan,nan,nan,nan,1.945525291828786862e-03,nan,nan,0.000000000000000000e+00,nan,nan,nan
nan,1.223241590214052456e-03,nan,nan,nan,nan,nan,nan,nan,2.038735983689976658e-04,nan,nan,nan,nan,nan,nan,nan,nan,nan,nan,nan,nan,nan,1.406727828746177043e-02,nan,nan,nan,nan,8.358817533129414903e-03,nan,3.465851172273159975e-03,nan,nan,nan,-2.650356778797169528e-03,nan,nan,nan,nan,nan,nan,nan,nan,nan,nan,nan,nan,nan,9.582059123343511162e-03,7.951070336391419247e-03,nan,nan,nan,-2.038735983690420639e-04,nan,nan,nan,nan,nan,nan,nan,0.000000000000000000e+00,nan,nan,nan
nan,nan,nan,nan,nan,nan,nan,nan,nan,nan,nan,nan,nan,nan,nan,nan,nan,nan,nan,nan,nan,nan,nan,-6.212424849699416107e-03,nan,nan,nan,4.008016032063910325e-04,-2.805611222444936992e-03,nan,nan,nan,nan,-1.603206412825697270e-03,-8.817635270541135384e-03,nan,nan,nan,nan,nan,nan,nan,nan,nan,nan,nan,nan,nan,-4.208416833667349977e-03,-4.008016032064132261e-03,2.004008016031955163e-04,nan,nan,nan,nan,nan,nan,nan,-2.204408817635283846e-03,nan,nan,0.000000000000000000e+00,nan,nan,nan
nan,3.747534516765305308e-03,nan,nan,nan,nan,nan,nan,nan,2.366863905325455961e-03,nan,nan,nan,nan,nan,nan,nan,nan,nan,nan,nan,nan,nan,8.481262327416217231e-03,nan,nan,nan,1.025641025641030844e-02,nan,nan,nan,nan,nan,nan,2.169625246548334378e-03,nan,nan,nan,nan,nan,nan,nan,nan,nan,nan,nan,nan,nan,1.183431952662727937e-02,1.163708086785015736e-02,7.889546351084852482e-04,nan,nan,nan,nan,nan,nan,nan,7.692307692307731766e-03,nan,nan,0.000000000000000000e+00,nan,nan,nan
nan,nan,nan,nan,nan,nan,nan,nan,nan,nan,nan,nan,nan,nan,nan,nan,nan,nan,nan,nan,nan,nan,nan,7.294832826747765959e-03,nan,nan,nan,nan,5.065856129685952607e-03,nan,8.105369807497476292e-03,nan,nan,nan,-6.079027355622601981e-04,nan,nan,nan,nan,nan,nan,nan,nan,nan,-1.215805471124586966e-03,nan,nan,nan,8.308004052684970012e-03,6.079027355623267681e-04,-1.418439716311992215e-03,nan,nan,nan,nan,nan,nan,nan,6.484295845997989707e-03,nan,nan,0.000000000000000000e+00,nan,nan,nan
nan,-4.242424242424247191e-03,nan,nan,nan,nan,nan,nan,nan,3.838383838383863100e-03,nan,nan,nan,nan,nan,nan,nan,nan,nan,nan,-6.060606060606099632e-04,nan,nan,1.616161616161604451e-03,nan,nan,nan,-6.060606060606099632e-04,nan,nan,nan,nan,nan,nan,-7.878787878787906970e-03,nan,nan,nan,nan,nan,nan,nan,2.020202020202033211e-04,nan,nan,nan,nan,nan,5.656565656565692990e-03,2.020202020202033211e-04,nan,nan,nan,nan,nan,nan,nan,nan,nan,nan,nan,0.000000000000000000e+00,nan,nan,nan
nan,-5.020080321285136198e-03,nan,nan,nan,nan,nan,nan,nan,-6.024096385542155110e-03,nan,nan,nan,nan,nan,nan,nan,nan,nan,nan,1.606425702811264998e-03,nan,nan,3.413654618473915651e-03,nan,nan,nan,nan,nan,nan,nan,nan,nan,nan,-2.409638554216875055e-03,nan,nan,nan,nan,nan,nan,nan,nan,nan,nan,nan,nan,nan,2.008032128514081248e-04,0.000000000000000000e+00,-4.016064257028139836e-03,nan,nan,-7.831325301204828532e-03,nan,nan,nan,nan,nan,nan,nan,0.000000000000000000e+00,nan,nan,nan
nan,nan,-1.386138613861387370e-03,nan,nan,nan,nan,nan,nan,nan,-2.772277227722774740e-03,nan,nan,nan,nan,nan,nan,nan,nan,nan,1.584158415841585565e-03,nan,nan,3.762376237623765718e-03,nan,nan,nan,9.900990099009909784e-04,nan,nan,nan,nan,nan,nan,nan,nan,nan,nan,nan,nan,nan,nan,nan,nan,nan,nan,nan,nan,-9.900990099009909784e-04,0.000000000000000000e+00,0.000000000000000000e+00,nan,nan,nan,nan,nan,nan,nan,1.584158415841585565e-03,nan,nan,0.000000000000000000e+00,nan,nan,nan
nan,nan,nan,nan,nan,nan,nan,-4.115226337448207763e-04,nan,nan,nan,nan,nan,nan,nan,nan,nan,-1.851851851851815710e-03,nan,nan,nan,nan,nan,nan,1.234567901234595632e-03,nan,nan,nan,nan,nan,nan,nan,nan,nan,nan,nan,nan,nan,nan,nan,nan,nan,5.144032921810736889e-03,nan,-6.172839506172423047e-04,nan,nan,nan,2.220446049250313204e-17,2.057613168724437003e-04,nan,nan,nan,nan,nan,nan,nan,-2.469135802469080241e-03,-3.909465020576074687e-03,nan,nan,0.000000000000000000e+00,nan,nan,nan
9.919028340080982345e-03,nan,nan,nan,nan,nan,nan,nan,nan,nan,nan,nan,nan,nan,nan,nan,nan,nan,nan,nan,4.453441295546545393e-03,nan,nan,6.477732793522261723e-03,nan,nan,nan,nan,nan,nan,nan,nan,nan,3.643724696356276556e-03,nan,nan,nan,nan,nan,-4.048582995951344188e-04,nan,nan,nan,nan,nan,nan,nan,nan,-1.821862348178115943e-03,-2.024291497975694212e-03,nan,nan,nan,nan,nan,nan,nan,4.453441295546567077e-03,5.263157894736858466e-03,nan,nan,0.000000000000000000e+00,nan,nan,nan
nan,nan,1.363193768257020457e-03,nan,nan,nan,nan,nan,nan,nan,nan,nan,nan,nan,nan,nan,nan,nan,nan,nan,nan,nan,nan,3.505355404089538669e-03,nan,nan,nan,5.842259006815453621e-04,3.894839337877264995e-03,nan,6.815968841285236293e-03,nan,nan,nan,nan,nan,nan,nan,nan,nan,nan,nan,nan,nan,nan,nan,nan,nan,1.226874391431349506e-02,1.148977604673804241e-02,0.000000000000000000e+00,nan,nan,nan,nan,nan,nan,nan,1.032132424537484175e-02,nan,nan,0.000000000000000000e+00,nan,nan,nan
nan,-8.154943934760572333e-04,nan,nan,nan,nan,nan,nan,nan,nan,nan,nan,nan,nan,nan,nan,nan,nan,nan,nan,3.261977573904162146e-03,nan,nan,3.873598369011155198e-03,nan,nan,nan,nan,nan,nan,nan,nan,nan,nan,-4.077471967380308718e-03,nan,nan,nan,nan,nan,nan,nan,nan,nan,nan,nan,nan,nan,4.077471967380175036e-04,2.038735983689754397e-04,-2.650356778797191646e-03,nan,nan,-3.058103975535231105e-03,nan,nan,nan,nan,2.650356778797080624e-03,nan,nan,0.000000000000000000e+00,nan,nan,nan
nan,-4.417670682730889462e-03,nan,nan,nan,nan,nan,nan,nan,-7.228915662650580928e-03,-2.811244979919647231e-03,nan,nan,nan,nan,nan,nan,nan,nan,nan,nan,nan,nan,-5.421686746987908374e-03,nan,nan,nan,-4.216867469879504240e-03,nan,nan,nan,nan,nan,nan,-7.429718875501989568e-03,nan,nan,nan,nan,nan,nan,nan,nan,nan,nan,nan,nan,nan,4.016064257028162496e-04,0.000000000000000000e+00,0.000000000000000000e+00,nan,nan,nan,nan,nan,nan,nan,nan,nan,nan,0.000000000000000000e+00,nan,nan,nan
nan,nan,nan,nan,nan,nan,nan,nan,nan,nan,nan,nan,nan,nan,nan,nan,nan,nan,nan,nan,nan,nan,nan,nan,nan,nan,nan,-4.208416833667327425e-03,nan,nan,-1.803607214428803963e-03,nan,nan,nan,-1.943887775551100816e-02,nan,nan,nan,nan,2.220446049250313204e-17,nan,nan,nan,nan,nan,nan,nan,nan,2.204408817635283846e-03,2.004008016032177153e-04,-1.262525050100200483e-02,nan,nan,-1.342685370741480977e-02,nan,nan,nan,nan,-8.016032064127820650e-04,nan,nan,0.000000000000000000e+00,nan,nan,nan
nan,nan,nan,nan,nan,nan,nan,nan,nan,nan,4.440892098500626408e-17,nan,nan,nan,nan,nan,nan,nan,nan,nan,nan,nan,nan,-2.499999999999968827e-03,nan,nan,nan,-2.291666666666625045e-03,-2.708333333333312609e-03,nan,nan,-3.749999999999986851e-03,nan,nan,nan,nan,nan,nan,nan,nan,nan,nan,nan,nan,-3.541666666666620951e-03,nan,nan,nan,2.220446049250313204e-17,2.220446049250313204e-17,4.440892098500626408e-17,nan,nan,nan,nan,nan,nan,nan,nan,nan,nan,0.000000000000000000e+00,nan,nan,nan
nan,nan,nan,nan,nan,nan,nan,nan,nan,nan,nan,nan,nan,nan,nan,nan,nan,nan,nan,nan,nan,nan,nan,1.141769743101805944e-03,nan,nan,nan,2.093244529019977311e-03,nan,nan,nan,nan,nan,nan,-1.902949571836343168e-03,nan,nan,nan,nan,nan,nan,nan,1.712654614652708808e-03,nan,nan,nan,nan,nan,-1.332064700285440304e-03,-1.902949571836343059e-04,-4.376784015223589633e-03,nan,nan,-3.615604186489052192e-03,nan,nan,nan,nan,9.514747859181715839e-04,nan,nan,0.000000000000000000e+00,nan,nan,nan
nan,nan,nan,nan,nan,nan,nan,nan,nan,nan,-5.802707930367967393e-04,nan,nan,nan,nan,nan,nan,nan,nan,nan,6.576402321083141267e-03,nan,nan,nan,nan,nan,nan,nan,3.868471953577978686e-04,nan,nan,nan,nan,1.934235976789122537e-03,nan,nan,nan,nan,nan,nan,nan,nan,nan,nan,-9.671179883946167798e-04,nan,nan,nan,-6.769825918762073513e-03,-6.382978723404253256e-03,0.000000000000000000e+00,nan,nan,nan,nan,nan,nan,nan,9.671179883945502098e-04,nan,nan,0.000000000000000000e+00,nan,nan,nan
nan,-6.288032454361091976e-03,nan,nan,nan,nan,nan,nan,nan,-4.462474645030444984e-03,-4.056795131846202768e-04,nan,nan,nan,nan,nan,nan,nan,nan,nan,5.679513184584128113e-03,nan,nan,nan,nan,nan,nan,nan,nan,nan,2.839756592292053215e-03,nan,nan,nan,-8.519269776876291916e-03,nan,nan,nan,nan,nan,nan,nan,nan,nan,nan,nan,nan,nan,-2.028397565922990253e-04,4.056795131845536526e-04,-5.273833671399641085e-03,nan,nan,nan,nan,nan,nan,nan,nan,nan,nan,0.000000000000000000e+00,nan,nan,nan
nan,nan,nan,nan,nan,nan,nan,nan,nan,nan,2.032520325203401922e-04,nan,nan,nan,nan,nan,nan,nan,nan,nan,nan,nan,nan,3.252032520325198912e-03,nan,nan,nan,3.861788617886175064e-03,nan,nan,nan,nan,nan,nan,nan,nan,nan,nan,nan,2.032520325203246610e-03,nan,nan,4.268292682926833059e-03,nan,nan,nan,nan,nan,-2.235772357723586450e-03,-1.016260162601612029e-03,2.032520325203179931e-04,nan,nan,-4.065040650406581582e-04,nan,nan,nan,nan,nan,nan,nan,0.000000000000000000e+00,nan,nan,nan
nan,nan,nan,nan,nan,nan,nan,nan,nan,-1.407035175879389668e-03,nan,nan,nan,nan,nan,nan,nan,nan,nan,nan,3.618090452261290939e-03,nan,nan,6.030150753768781730e-04,nan,nan,nan,2.010050251256290284e-03,nan,nan,2.010050251256334573e-04,nan,nan,nan,-2.814070351758801887e-03,nan,nan,nan,nan,nan,nan,nan,nan,nan,nan,nan,nan,nan,-1.005025125628145142e-03,-4.020100502512669147e-04,0.000000000000000000e+00,nan,nan,nan,nan,nan,nan,nan,nan,nan,nan,0.000000000000000000e+00,nan,nan,nan
nan,nan,nan,nan,nan,nan,nan,nan,nan,nan,6.380857427716856919e-03,nan,nan,nan,nan,nan,nan,nan,nan,nan,6.779661016949134131e-03,nan,nan,nan,nan,nan,nan,nan,nan,nan,nan,nan,nan,nan,3.988035892322994158e-03,nan,nan,nan,nan,6.181455633100685354e-03,nan,nan,9.770687936191447404e-03,nan,nan,nan,nan,nan,3.988035892322994375e-04,-5.982053838484491020e-04,3.988035892322994375e-04,nan,nan,nan,nan,nan,nan,nan,8.374875373878353998e-03,nan,nan,0.000000000000000000e+00,nan,nan,nan
nan,nan,nan,nan,nan,nan,nan,2.426693629929155445e-03,nan,nan,nan,nan,nan,nan,nan,nan,nan,6.066734074822832234e-04,nan,nan,nan,nan,nan,4.651162790697637925e-03,3.033367037411505238e-03,nan,nan,3.235591506572244123e-03,4.651162790697637925e-03,nan,nan,nan,nan,nan,nan,nan,nan,nan,nan,nan,nan,nan,nan,nan,nan,nan,nan,nan,7.482305358948404712e-03,5.662285136501488472e-03,0.000000000000000000e+00,nan,nan,nan,nan,nan,nan,nan,nan,nan,nan,0.000000000000000000e+00,nan,nan,nan
nan,1.603206412825630700e-03,nan,nan,nan,nan,nan,nan,nan,2.605210420841675041e-03,2.004008016032059539e-02,nan,nan,nan,nan,nan,nan,nan,nan,nan,3.006012024048065803e-03,nan,nan,1.262525050100196146e-02,nan,nan,nan,nan,nan,nan,nan,nan,nan,nan,8.016032064128264089e-04,nan,nan,nan,nan,nan,nan,nan,nan,nan,nan,nan,nan,nan,2.444889779559111798e-02,2.344689378757511961e-02,1.042084168336670016e-02,nan,nan,nan,nan,nan,nan,nan,nan,nan,nan,0.000000000000000000e+00,nan,nan,nan
nan,-2.851323828920615533e-03,nan,nan,nan,nan,nan,nan,nan,nan,nan,nan,nan,nan,nan,nan,nan,nan,nan,nan,nan,nan,nan,-4.073319755601101594e-04,nan,nan,nan,nan,1.018329938900164322e-03,nan,1.629327902240307281e-03,nan,nan,nan,-8.146639511201670195e-03,nan,nan,nan,nan,nan,nan,nan,nan,nan,nan,nan,nan,nan,1.425661914460230138e-03,6.109979633400986149e-04,-3.258655804480659231e-03,nan,nan,-3.258655804480703466e-03,nan,nan,nan,nan,nan,nan,nan,0.000000000000000000e+00,nan,nan,nan
nan,-2.631578947368407115e-03,nan,nan,nan,nan,nan,2.024291497975560963e-04,nan,-5.263157894736835915e-03,nan,nan,nan,nan,nan,nan,nan,nan,nan,nan,nan,nan,nan,nan,nan,nan,nan,nan,nan,nan,2.024291497975694212e-03,nan,nan,nan,-2.024291497975694212e-03,nan,nan,nan,nan,nan,nan,nan,4.048582995951121926e-04,nan,nan,nan,nan,nan,-2.226720647773272697e-03,-2.024291497975672094e-03,nan,nan,nan,nan,nan,nan,nan,nan,-2.024291497975783225e-04,nan,nan,0.000000000000000000e+00,nan,nan,nan
nan,3.238866396761075350e-03,nan,nan,nan,nan,nan,nan,nan,-5.263157894736881018e-03,2.429149797570828630e-03,nan,nan,nan,nan,nan,nan,nan,nan,nan,2.226720647773250579e-03,nan,nan,nan,nan,nan,nan,nan,nan,nan,nan,nan,nan,nan,4.048582995951344188e-03,nan,nan,nan,nan,nan,nan,nan,nan,nan,nan,nan,nan,nan,4.028340080971652692e-02,4.068825910931168910e-02,-4.048582995951455210e-03,nan,nan,-9.514170040485870478e-03,nan,nan,nan,nan,nan,nan,nan,0.000000000000000000e+00,nan,nan,nan
1.102204408817633076e-02,nan,nan,nan,nan,nan,nan,nan,nan,nan,nan,nan,nan,nan,nan,nan,nan,nan,nan,nan,nan,nan,nan,1.102204408817633076e-02,nan,nan,nan,1.022044088176352582e-02,nan,nan,nan,nan,nan,nan,nan,nan,nan,nan,nan,nan,nan,nan,nan,nan,-2.004008016032177153e-04,nan,nan,nan,-4.008016032064354306e-04,-8.016032064128486350e-04,-4.008016032064576567e-04,nan,nan,1.202404809619195269e-03,nan,nan,nan,nan,9.218436873747482344e-03,nan,nan,0.000000000000000000e+00,nan,nan,nan
nan,nan,nan,nan,nan,nan,nan,nan,nan,nan,2.008032128514081194e-03,nan,nan,nan,nan,nan,nan,nan,2.811244979919713585e-03,nan,1.807228915662672988e-03,nan,nan,nan,nan,nan,nan,nan,nan,nan,nan,nan,nan,nan,-2.008032128514036958e-03,nan,nan,nan,nan,nan,nan,nan,1.204819277108470921e-03,nan,nan,nan,nan,nan,-2.008032128514081248e-04,-2.008032128514081248e-04,nan,nan,nan,nan,nan,nan,nan,4.819277108433772661e-03,1.606425702811264998e-03,nan,nan,0.000000000000000000e+00,nan,nan,nan
nan,nan,nan,nan,nan,nan,nan,-3.369672943508472511e-03,nan,nan,nan,nan,nan,nan,nan,nan,nan,nan,nan,nan,nan,nan,nan,-2.378592666005974014e-03,nan,nan,nan,-1.387512388503497852e-03,-3.171456888007995276e-03,nan,nan,-1.387512388503542304e-03,nan,-3.369672943508472511e-03,nan,nan,nan,nan,nan,nan,nan,nan,nan,nan,9.910802775024319267e-04,nan,nan,nan,3.171456888007906372e-03,3.964321110009882965e-03,nan,nan,nan,nan,nan,nan,nan,nan,nan,nan,nan,0.000000000000000000e+00,nan,nan,nan
nan,-1.697560975609757605e-02,nan,nan,nan,nan,nan,nan,nan,-1.170731707317074211e-02,nan,nan,nan,nan,nan,nan,nan,nan,nan,nan,7.024390243902445263e-03,nan,nan,nan,nan,nan,nan,nan,1.170731707317074211e-03,nan,nan,nan,nan,nan,-1.600000000000001421e-02,nan,nan,nan,nan,nan,nan,nan,nan,nan,nan,nan,nan,nan,-1.951219512195123684e-04,-1.951219512195123684e-04,-8.780487804878056579e-03,nan,nan,nan,nan,nan,nan,nan,1.560975609756098947e-03,nan,nan,0.000000000000000000e+00,nan,nan,nan
nan,-1.070707070707066499e-02,nan,nan,nan,nan,nan,nan,nan,-1.090909090909086832e-02,nan,nan,nan,nan,nan,nan,nan,nan,nan,nan,3.838383838383863100e-03,nan,nan,nan,nan,nan,nan,nan,nan,nan,1.212121212121242044e-03,nan,nan,nan,-1.090909090909086832e-02,nan,nan,nan,nan,nan,nan,nan,nan,nan,nan,nan,nan,nan,4.040404040404066421e-04,8.080808080808132843e-04,-6.868686868686801894e-03,nan,nan,nan,nan,nan,nan,nan,1.010101010101016605e-03,nan,nan,0.000000000000000000e+00,nan,nan,nan
nan,-2.026342451874052486e-04,nan,nan,nan,nan,nan,nan,nan,8.105369807497764690e-04,nan,nan,nan,nan,nan,nan,nan,nan,nan,nan,nan,nan,nan,8.308004052684924909e-03,nan,nan,nan,nan,nan,nan,8.713272543059780509e-03,nan,nan,nan,-5.876393110435662939e-03,nan,nan,nan,nan,nan,nan,nan,nan,nan,nan,nan,nan,nan,0.000000000000000000e+00,-4.052684903748327233e-04,0.000000000000000000e+00,nan,nan,-4.863221884498458887e-03,nan,nan,nan,nan,nan,nan,nan,0.000000000000000000e+00,nan,nan,nan
nan,nan,nan,nan,nan,nan,nan,nan,nan,nan,-1.022494887525593477e-03,nan,nan,nan,nan,nan,nan,nan,nan,nan,nan,nan,nan,-1.267893660531700314e-02,nan,nan,nan,-9.611451942740312920e-03,-1.186094069529652906e-02,nan,nan,-9.406952965235170980e-03,nan,-1.104294478527609834e-02,nan,nan,nan,nan,nan,nan,nan,nan,nan,nan,nan,nan,nan,nan,0.000000000000000000e+00,0.000000000000000000e+00,nan,nan,nan,nan,nan,nan,nan,nan,4.089979550102373690e-04,nan,nan,0.000000000000000000e+00,nan,nan,nan
nan,nan,nan,nan,nan,nan,nan,nan,nan,nan,nan,nan,nan,nan,nan,nan,nan,nan,nan,-1.001001001000978441e-03,nan,nan,nan,-1.601601601601543344e-03,nan,nan,nan,-2.402402402402348085e-03,nan,nan,nan,nan,nan,nan,-4.404404404404349202e-03,nan,nan,nan,nan,nan,nan,nan,nan,nan,-1.001001001000956323e-03,nan,nan,nan,1.401401401401480883e-03,2.002002002002178818e-04,0.000000000000000000e+00,nan,nan,nan,nan,nan,nan,nan,1.801801801801849968e-03,nan,nan,0.000000000000000000e+00,nan,nan,nan
nan,-1.004016064257029495e-02,nan,nan,nan,nan,nan,nan,nan,-1.084337349397592777e-02,-1.405622489959834675e-03,nan,nan,nan,nan,nan,nan,nan,nan,nan,4.216867469879459138e-03,nan,nan,-8.232931726907666628e-03,nan,nan,nan,nan,nan,nan,nan,nan,nan,nan,-1.144578313253015109e-02,nan,nan,nan,nan,nan,nan,nan,nan,nan,nan,nan,nan,nan,2.008032128514081248e-04,0.000000000000000000e+00,-2.811244979919713585e-03,nan,nan,nan,nan,nan,nan,nan,nan,nan,nan,0.000000000000000000e+00,nan,nan,nan
nan,nan,nan,nan,nan,nan,nan,nan,nan,nan,4.828973843058336976e-03,nan,nan,nan,nan,nan,nan,nan,nan,nan,nan,nan,nan,nan,2.615694164989945756e-03,nan,nan,nan,2.816901408450700472e-03,nan,nan,nan,nan,nan,nan,nan,nan,nan,nan,nan,nan,nan,6.438631790744486598e-03,nan,nan,nan,nan,nan,5.432595573440645795e-03,5.231388329979868961e-03,0.000000000000000000e+00,nan,nan,-6.036217303822643664e-04,nan,nan,nan,nan,2.414486921529191039e-03,nan,nan,0.000000000000000000e+00,nan,nan,nan
2.244897959183633600e-03,nan,nan,nan,nan,nan,nan,8.163265306122102338e-04,nan,nan,nan,nan,nan,nan,nan,nan,nan,nan,nan,nan,nan,nan,nan,nan,nan,nan,nan,nan,nan,nan,-1.020408163265318358e-03,nan,nan,nan,-5.918367346938846474e-03,nan,nan,nan,nan,nan,nan,nan,0.000000000000000000e+00,nan,nan,nan,nan,nan,-1.020408163265318358e-03,-1.224489795918382029e-03,0.000000000000000000e+00,nan,nan,nan,nan,nan,nan,3.061224489795844050e-03,nan,nan,nan,0.000000000000000000e+00,nan,nan,nan
4.494382022471920916e-03,nan,nan,nan,nan,nan,nan,nan,nan,nan,nan,nan,nan,nan,nan,nan,nan,nan,nan,nan,1.838610827374886989e-03,nan,nan,nan,nan,nan,nan,nan,1.838610827374886989e-03,nan,nan,nan,nan,1.430030643513813303e-03,3.064351378958152065e-03,nan,nan,nan,nan,nan,nan,nan,nan,nan,1.838610827374909107e-03,nan,nan,nan,-4.085801838610514597e-04,-4.085801838610514597e-04,4.085801838610958578e-04,nan,nan,nan,nan,nan,nan,nan,nan,nan,nan,0.000000000000000000e+00,nan,nan,nan
