nan,nan,nan,nan,nan,7.561374795417352690e-02,nan,nan,nan,1.571194762684122864e-02,nan,nan,nan,nan,nan,nan,nan,nan,nan,nan,nan,nan,nan,nan,nan,nan,nan,nan,nan,nan,nan,nan,nan,nan,nan,nan,nan,1.194762684124386076e-01,nan,nan,nan,1.008183306055646378e-01,nan,nan,nan,1.018003273322422297e-01,6.612111292962355447e-02,nan,nan,nan,nan,7.855973813420620566e-02,7.986906710310964774e-02,nan,nan,nan,1.996726677577738071e-02,nan,nan,nan,2.880523731587560782e-02,nan,nan,nan,nan
nan,nan,nan,1.970443349753625475e-03,nan,nan,nan,nan,nan,nan,nan,nan,nan,nan,nan,-3.940886699507428759e-03,nan,nan,nan,nan,nan,nan,nan,-2.692939244663385828e-02,nan,nan,nan,nan,-2.003284072249593775e-02,nan,4.597701149425236986e-03,-8.210180623973762498e-03,nan,-9.195402298850630096e-03,nan,nan,nan,nan,nan,nan,nan,nan,nan,nan,nan,4.137931034482754400e-02,nan,nan,nan,nan,nan,nan,nan,nan,nan,nan,nan,nan,-4.729064039408872183e-02,nan,nan,nan,nan,nan,-2.955665024630549365e-02
nan,4.863945578231294864e-02,nan,nan,nan,nan,nan,nan,nan,nan,nan,nan,nan,nan,nan,4.421768707482986657e-03,nan,nan,nan,nan,nan,nan,nan,nan,nan,nan,nan,nan,nan,nan,nan,nan,nan,nan,nan,nan,nan,-5.782312925170052069e-03,nan,1.836734693877550839e-02,nan,1.802721088435372751e-02,nan,nan,nan,nan,-1.020408163265305000e-02,nan,nan,nan,nan,nan,1.496598639455784009e-02,nan,nan,nan,nan,nan,nan,2.517006802721087969e-02,4.047619047619047811e-02,nan,nan,3.163265306122448051e-02,nan
nan,nan,nan,nan,nan,nan,nan,nan,6.754530477759476681e-02,nan,nan,nan,nan,nan,nan,nan,nan,nan,nan,nan,nan,nan,nan,nan,nan,nan,nan,nan,nan,nan,nan,nan,nan,nan,nan,nan,nan,1.021416803953871799e-01,nan,nan,nan,1.093904448105436772e-01,nan,nan,nan,1.716639209225700458e-01,nan,7.380560131795717294e-02,nan,nan,nan,9.917627677100496197e-02,1.047775947281713582e-01,nan,nan,nan,nan,nan,8.962108731466231215e-02,1.156507413509061111e-01,1.189456342668863825e-01,nan,nan,nan,nan
nan,nan,nan,nan,nan,nan,nan,nan,nan,nan,nan,nan,nan,nan,nan,nan,nan,nan,nan,nan,nan,nan,nan,nan,nan,nan,nan,nan,nan,nan,nan,nan,nan,nan,nan,nan,nan,-2.786885245901635916e-02,nan,1.311475409836071427e-03,nan,-3.245901639344260514e-02,nan,nan,nan,-2.590163934426228248e-02,-1.377049180327867203e-02,nan,nan,nan,nan,nan,-3.901639344262293474e-02,nan,nan,nan,nan,nan,nan,-9.508196721311468896e-03,3.278688524590189952e-03,-2.262295081967213850e-02,nan,-4.590163934426227943e-02,nan
nan,9.836065573770495785e-02,nan,nan,nan,nan,nan,nan,nan,nan,nan,nan,nan,nan,nan,nan,nan,nan,nan,nan,nan,nan,nan,nan,nan,nan,nan,nan,nan,nan,nan,nan,nan,nan,nan,nan,nan,7.213114754098362558e-02,nan,1.672131147540987378e-02,nan,1.177049180327869315e-01,nan,nan,9.475409836065576408e-02,nan,9.672131147540989626e-02,nan,nan,nan,nan,4.262295081967215626e-02,1.183606557377049617e-01,nan,nan,nan,nan,nan,nan,nan,3.836065573770497394e-02,nan,nan,9.836065573770494397e-02,nan
nan,nan,nan,5.442622950819667876e-02,2.098360655737701100e-02,nan,nan,nan,nan,nan,nan,nan,nan,nan,4.590163934426194810e-03,nan,nan,nan,nan,nan,nan,6.295081967213109198e-02,nan,nan,nan,nan,nan,nan,nan,nan,nan,nan,nan,nan,nan,nan,nan,nan,nan,nan,nan,1.967213114754094022e-02,nan,nan,nan,nan,nan,nan,nan,nan,nan,nan,nan,nan,6.918032786885242036e-02,4.655737704918028186e-02,nan,nan,nan,8.622950819672126066e-02,3.147540983606552517e-02,nan,nan,nan,1.016393442622944877e-02
nan,nan,nan,5.700325732899026721e-02,nan,nan,nan,nan,nan,nan,nan,nan,-1.498371335504884369e-02,nan,-1.107491856677522701e-02,nan,nan,nan,nan,nan,-1.856677524429966100e-02,-4.560260586319198062e-03,nan,nan,nan,nan,nan,nan,nan,nan,nan,nan,nan,nan,nan,nan,nan,nan,nan,-3.257328990228014476e-03,nan,4.267100977198699102e-02,nan,nan,nan,nan,nan,nan,0.000000000000000000e+00,nan,nan,nan,nan,nan,nan,nan,nan,nan,1.205211726384365287e-02,5.602605863192183788e-02,nan,nan,nan,nan,nan
nan,nan,nan,nan,nan,nan,nan,nan,nan,nan,nan,nan,nan,nan,nan,nan,nan,nan,nan,nan,nan,nan,nan,nan,nan,nan,nan,nan,nan,nan,nan,nan,nan,nan,nan,nan,-3.214285714285715356e-02,-1.136363636363637609e-02,nan,1.915584415584414835e-02,nan,-1.623376623376637795e-03,nan,nan,nan,-1.948051948051947660e-02,-6.493506493506550964e-04,nan,nan,nan,nan,6.493506493506462710e-03,6.493506493506550964e-04,0.000000000000000000e+00,nan,nan,nan,nan,nan,nan,-1.623376623376637795e-03,nan,nan,nan,nan
nan,nan,nan,nan,3.284072249589486741e-04,nan,nan,nan,nan,nan,-3.284072249589486741e-04,nan,nan,nan,nan,nan,nan,nan,nan,0.000000000000000000e+00,nan,nan,nan,nan,nan,nan,nan,nan,-2.627257799671589393e-03,nan,nan,nan,nan,nan,nan,nan,nan,nan,-3.940886699507406207e-03,1.970443349753692262e-03,nan,nan,nan,nan,nan,nan,nan,nan,nan,nan,nan,-3.284072249589509076e-03,3.481116584564856314e-02,nan,nan,nan,nan,nan,-3.284072249589486741e-04,nan,nan,nan,nan,nan,1.018062397372740922e-02
nan,nan,nan,nan,nan,nan,nan,nan,nan,2.178217821782180152e-02,nan,nan,nan,nan,nan,nan,nan,nan,nan,nan,nan,-2.112211221122108767e-02,nan,nan,nan,nan,nan,nan,nan,nan,nan,nan,nan,nan,nan,nan,nan,-2.640264026402605602e-03,nan,-2.739273927392735924e-02,nan,-1.155115511551150186e-02,nan,nan,nan,nan,-2.475247524752473977e-02,-1.947194719471945223e-02,nan,nan,nan,5.412541254125415729e-02,-1.848184818481841615e-02,nan,nan,nan,nan,nan,nan,nan,-2.838283828382832594e-02,nan,nan,nan,nan
nan,-5.592417061611373169e-02,nan,nan,nan,nan,nan,nan,nan,nan,nan,nan,nan,nan,nan,nan,nan,nan,nan,nan,nan,nan,nan,nan,nan,nan,nan,nan,nan,-9.478672985782532912e-04,nan,nan,nan,nan,nan,nan,nan,-6.856240126382306954e-02,-3.254344391785150836e-02,-5.118483412322274301e-02,nan,nan,nan,nan,nan,nan,-9.478672985781992633e-02,nan,nan,nan,nan,-5.718799368088467450e-02,-3.380726698262240953e-02,nan,nan,nan,nan,nan,nan,nan,-6.951026856240125062e-02,nan,nan,-6.319115323854661292e-02,nan
nan,-3.903225806451619817e-02,nan,nan,nan,nan,nan,nan,nan,nan,nan,-2.806451612903231377e-02,nan,nan,nan,nan,nan,nan,nan,nan,nan,-7.096774193548449974e-03,nan,nan,nan,nan,nan,nan,nan,0.000000000000000000e+00,nan,nan,nan,nan,nan,nan,nan,-4.838709677419359562e-02,-1.677419354838716181e-02,nan,nan,4.064516129032254288e-02,nan,nan,-2.548387096774198252e-02,nan,nan,1.451612903225804087e-02,nan,nan,nan,nan,nan,nan,nan,nan,nan,nan,nan,nan,-5.419354838709684874e-02,nan,nan,nan,nan
nan,nan,nan,nan,nan,nan,nan,nan,nan,nan,nan,nan,-6.485623003194884717e-02,nan,nan,nan,nan,nan,nan,nan,nan,nan,nan,nan,nan,nan,nan,nan,nan,nan,nan,nan,nan,nan,nan,nan,nan,-7.028753993610181543e-03,nan,2.076677316293935524e-02,nan,-2.779552715654949255e-02,nan,nan,nan,-3.130990415335457161e-02,nan,nan,nan,nan,nan,-3.226837060702870963e-02,-3.226837060702871657e-02,nan,nan,nan,nan,nan,nan,nan,-3.354632587859419923e-02,-1.629392971246004101e-02,nan,-6.389776357827448017e-03,nan
nan,-1.317647058823529505e-01,nan,-1.233613445378151374e-01,nan,nan,nan,nan,nan,nan,nan,nan,nan,nan,nan,nan,nan,nan,nan,nan,nan,nan,nan,nan,nan,nan,nan,nan,nan,nan,nan,nan,nan,nan,nan,nan,-6.285714285714288918e-02,nan,nan,nan,nan,nan,nan,nan,nan,4.705882352941170854e-03,nan,-5.848739495798321864e-02,0.000000000000000000e+00,nan,nan,-1.126050420168067390e-01,nan,0.000000000000000000e+00,nan,nan,nan,nan,nan,-1.694117647058823728e-01,-1.680672268907563160e-01,nan,nan,nan,nan
nan,nan,nan,nan,-6.010016694490827663e-03,nan,nan,nan,nan,nan,nan,nan,nan,nan,nan,-5.676126878130205791e-03,nan,nan,nan,nan,nan,nan,nan,nan,nan,nan,nan,nan,nan,nan,nan,nan,nan,nan,nan,nan,nan,nan,nan,nan,nan,-3.739565943238731816e-02,nan,nan,5.008347245409027967e-03,nan,-4.407345575959929068e-02,-2.203672787979967657e-02,nan,nan,nan,nan,-1.769616026711182816e-02,nan,nan,nan,nan,nan,nan,-1.001669449081801257e-02,-3.405676126878127985e-02,nan,nan,-8.647746243739565242e-02,nan
nan,-1.734860883797053471e-02,nan,nan,nan,nan,nan,nan,nan,nan,nan,nan,nan,nan,nan,nan,nan,nan,nan,nan,nan,nan,nan,nan,nan,nan,nan,nan,nan,nan,nan,nan,nan,nan,nan,nan,-8.510638297872342301e-03,-7.855973813420614321e-03,nan,2.258592471358431691e-02,nan,-8.183306055646478311e-03,nan,nan,nan,nan,-1.669394435351880673e-02,-1.472995090016366790e-02,nan,nan,nan,nan,-1.636661211129295662e-02,nan,nan,nan,nan,nan,nan,nan,-8.052373158756136184e-02,nan,nan,-6.415711947626842604e-02,nan
9.210526315789446805e-03,nan,nan,nan,9.868421052631414468e-04,nan,nan,nan,nan,nan,nan,nan,nan,nan,1.480263157894734505e-02,1.644736842105198882e-03,nan,nan,nan,nan,nan,2.861842105263157077e-02,nan,nan,nan,nan,nan,nan,nan,nan,nan,nan,nan,nan,nan,nan,nan,nan,nan,nan,nan,1.644736842105243334e-03,nan,nan,nan,nan,nan,nan,nan,nan,nan,-1.315789473684212361e-02,-2.565789473684210176e-02,nan,nan,nan,nan,nan,8.552631578947367252e-03,nan,nan,0.000000000000000000e+00,nan,nan,nan
nan,nan,nan,nan,nan,nan,nan,nan,nan,-3.227953410981691806e-02,nan,nan,nan,nan,-5.324459234608978214e-02,nan,nan,nan,nan,-1.464226289517469616e-02,nan,-3.227953410981694582e-02,nan,nan,nan,nan,nan,nan,nan,nan,nan,nan,nan,nan,nan,nan,-6.389351081530776633e-02,nan,nan,nan,1.930116472545760978e-02,-2.662229617304445739e-03,nan,nan,nan,nan,nan,nan,nan,nan,nan,-3.261231281197995990e-02,nan,nan,nan,nan,nan,nan,-5.657237936772041564e-02,nan,nan,nan,nan,nan,-4.825291181364388393e-02
nan,-2.705314009661832081e-02,nan,nan,nan,nan,nan,nan,nan,nan,nan,-2.125603864734295495e-02,nan,nan,nan,nan,nan,nan,nan,nan,nan,nan,nan,nan,nan,nan,nan,nan,nan,nan,nan,nan,nan,nan,nan,nan,nan,3.220611916264126597e-03,-3.864734299516880793e-03,nan,nan,-5.797101449275354583e-03,nan,nan,-2.866344605475039733e-02,nan,-2.834138486312396538e-02,nan,nan,nan,nan,nan,-3.059581320450883643e-02,nan,nan,nan,nan,nan,nan,nan,-5.893719806763285385e-02,nan,nan,-6.763285024154552447e-03,nan
nan,nan,nan,nan,nan,nan,nan,nan,nan,nan,nan,nan,nan,nan,nan,nan,nan,nan,nan,8.319738988580749339e-02,nan,nan,nan,nan,nan,nan,nan,nan,nan,nan,nan,nan,nan,nan,nan,nan,nan,3.686786296900492615e-02,2.055464926590537880e-02,nan,2.838499184339313836e-02,6.655791190864601692e-02,nan,nan,nan,1.957585644371962006e-03,nan,4.241435562805875165e-02,nan,nan,nan,4.143556280587275265e-02,8.809135399673738431e-02,nan,nan,nan,nan,nan,nan,nan,2.283849918433977864e-03,nan,nan,nan,nan
nan,-2.043551088777223468e-02,nan,nan,-6.264656616415413548e-02,nan,nan,nan,nan,nan,2.010050251256267732e-03,-8.006700167504191001e-02,nan,nan,nan,nan,nan,nan,nan,nan,nan,nan,nan,nan,nan,nan,nan,nan,nan,4.690117252931247718e-03,nan,nan,nan,nan,nan,nan,nan,-5.996649916247911299e-02,-9.045226130653293700e-03,nan,nan,-5.594639865996655498e-02,nan,nan,nan,nan,nan,-5.092127303182582970e-02,nan,nan,nan,nan,nan,nan,nan,nan,nan,nan,nan,nan,-6.599664991624795696e-02,nan,nan,nan,nan
nan,nan,nan,nan,nan,nan,nan,nan,nan,nan,nan,nan,4.072249589490968547e-02,nan,nan,nan,nan,nan,nan,nan,nan,nan,nan,nan,nan,nan,nan,nan,nan,nan,nan,nan,nan,nan,nan,nan,nan,2.233169129720851201e-02,nan,2.298850574712629768e-03,nan,-2.988505747126438822e-02,nan,5.582922824302105451e-03,nan,nan,nan,nan,nan,nan,nan,1.083743842364529551e-02,-9.852216748768461308e-04,nan,nan,nan,nan,nan,nan,nan,-1.313628899835794697e-03,0.000000000000000000e+00,nan,-9.852216748768461308e-04,nan
nan,nan,nan,nan,nan,nan,nan,nan,nan,nan,nan,nan,nan,nan,nan,nan,nan,nan,nan,nan,nan,nan,nan,nan,nan,nan,nan,nan,nan,nan,nan,nan,nan,nan,nan,nan,nan,6.312399355877611196e-02,nan,5.571658615136874243e-02,nan,8.695652173912970725e-03,nan,nan,nan,5.732689210950073916e-02,nan,6.441223832527765304e-04,nan,nan,nan,8.502415458937191695e-02,2.351046698872779478e-02,8.695652173913038380e-03,nan,nan,nan,nan,nan,nan,6.151368760064407359e-02,nan,nan,1.835748792270525120e-02,nan
nan,nan,nan,nan,nan,nan,nan,nan,nan,-6.091205211726384572e-02,3.257328990228014259e-04,nan,nan,nan,nan,nan,nan,nan,nan,nan,nan,-5.895765472312704258e-02,nan,nan,nan,nan,nan,nan,nan,nan,nan,nan,nan,nan,nan,nan,nan,-5.667752442996742968e-02,nan,nan,nan,-8.469055374592837290e-03,nan,-7.166123778501632020e-03,nan,nan,nan,nan,nan,nan,nan,nan,nan,nan,nan,nan,nan,nan,nan,-2.801302931596092588e-02,-6.840390879478827624e-02,nan,nan,-1.032573289902280339e-01,-8.436482084690555272e-02
nan,nan,nan,9.385113268608358261e-03,nan,nan,nan,nan,nan,nan,nan,nan,nan,nan,-5.501618122977380669e-03,nan,nan,nan,nan,0.000000000000000000e+00,nan,8.414239482200613213e-03,nan,nan,nan,nan,nan,nan,nan,nan,nan,nan,nan,nan,nan,nan,nan,nan,nan,nan,nan,-1.877022653721687265e-02,nan,nan,nan,nan,nan,nan,nan,0.000000000000000000e+00,1.294498381877007276e-03,nan,-2.912621359223366117e-03,1.294498381877007276e-03,nan,nan,nan,nan,nan,nan,nan,nan,nan,nan,-2.621359223300974081e-02
nan,nan,nan,nan,3.395585738540152004e-04,nan,nan,nan,nan,nan,nan,nan,nan,nan,8.353140916808154959e-02,1.358234295415972114e-03,nan,nan,nan,nan,nan,nan,2.750424448217320128e-02,nan,nan,nan,nan,nan,nan,nan,nan,nan,nan,-1.018675721561934687e-03,nan,nan,nan,1.120543293718172587e-02,nan,5.670628183361632602e-02,nan,nan,nan,nan,nan,nan,nan,nan,nan,nan,nan,6.112054329371822275e-02,4.719864176570461728e-02,nan,nan,nan,nan,nan,nan,nan,nan,nan,-5.093378607809806793e-03,nan,nan
nan,nan,nan,nan,nan,nan,nan,nan,nan,nan,nan,nan,nan,nan,nan,nan,nan,nan,nan,nan,nan,nan,nan,nan,nan,nan,nan,nan,nan,nan,nan,nan,nan,nan,nan,nan,nan,6.130030959752318098e-02,nan,-1.857585139318889203e-02,nan,4.489164086687302824e-02,nan,nan,nan,3.715170278637725150e-03,3.095975232198122651e-03,nan,nan,nan,nan,2.662538699690398733e-02,-8.049535603715208057e-03,nan,nan,nan,nan,nan,nan,nan,-5.603715170278642660e-02,0.000000000000000000e+00,nan,1.424148606811142040e-02,nan
nan,nan,nan,nan,nan,nan,nan,nan,nan,nan,nan,nan,1.520259319286871857e-01,nan,nan,nan,nan,nan,nan,nan,nan,nan,nan,nan,nan,nan,nan,nan,nan,4.894651539708261279e-02,nan,nan,nan,nan,nan,nan,nan,1.565640194489464898e-01,nan,2.884927066450562044e-02,nan,nan,nan,nan,nan,nan,nan,4.959481361426256590e-02,nan,nan,nan,nan,nan,nan,nan,nan,nan,nan,3.111831442463532799e-02,1.354943273905996892e-01,1.008103727714748654e-01,nan,1.974068071312803929e-01,7.034035656401942116e-02,nan
nan,nan,nan,nan,nan,nan,nan,nan,nan,nan,nan,nan,nan,nan,nan,nan,nan,nan,nan,nan,nan,nan,nan,nan,nan,nan,nan,nan,nan,nan,nan,nan,nan,nan,2.554621848739495674e-02,nan,nan,-2.016806722689078527e-02,-2.957983193277311657e-02,nan,nan,-2.386554621848739968e-02,nan,nan,5.378151260504182747e-03,nan,3.058823529411762790e-02,1.042016806722686519e-02,nan,nan,nan,nan,nan,nan,nan,nan,nan,nan,nan,-2.857142857142859135e-02,-6.420168067226891817e-02,nan,nan,-4.440892098500626408e-17,nan
nan,nan,nan,nan,nan,-2.356792144026185337e-02,nan,nan,nan,nan,nan,nan,nan,nan,nan,nan,nan,nan,nan,nan,nan,nan,nan,nan,nan,nan,nan,nan,nan,-2.487725040916530933e-02,nan,nan,nan,nan,nan,nan,nan,-1.276595744680849610e-02,-2.389525368248772777e-02,-2.029459901800327939e-02,nan,nan,nan,nan,-5.924713584288050783e-02,nan,nan,nan,nan,nan,nan,nan,1.112929623567920911e-02,nan,nan,nan,nan,nan,nan,-1.080196399345333472e-02,-6.219312602291316057e-03,nan,nan,2.684124386252045857e-02,nan
nan,nan,nan,nan,nan,nan,nan,nan,nan,nan,nan,nan,nan,nan,nan,nan,nan,nan,nan,nan,nan,nan,nan,nan,nan,nan,nan,nan,nan,nan,2.866242038216548597e-03,nan,nan,nan,nan,nan,nan,2.261146496815282653e-02,7.006369426751568250e-03,-1.305732484076436127e-02,nan,nan,nan,2.547770700636908716e-03,-3.184713375796181800e-02,nan,1.337579617834392352e-02,nan,nan,nan,nan,nan,1.687898089171968596e-02,nan,nan,nan,nan,nan,nan,nan,-5.159235668789809853e-02,nan,nan,-7.006369426751613352e-03,nan
nan,nan,nan,nan,nan,nan,nan,nan,nan,nan,nan,nan,nan,nan,nan,nan,nan,nan,nan,nan,nan,nan,nan,nan,nan,nan,nan,nan,nan,nan,nan,nan,nan,nan,-8.235294117647057321e-02,nan,nan,-8.464052287581699807e-02,-8.660130718954249518e-02,nan,nan,nan,nan,-1.830065359477124273e-02,-7.908496732026140674e-02,nan,nan,nan,nan,nan,nan,-2.875816993464053173e-02,-7.222222222222221544e-02,-3.856209150326798951e-02,nan,nan,nan,nan,nan,nan,-5.980392156862744668e-02,nan,nan,-8.954248366013072002e-02,nan
nan,2.480127186009537660e-02,nan,nan,nan,3.624801271860089713e-02,nan,nan,nan,nan,nan,nan,nan,nan,nan,nan,nan,nan,nan,nan,nan,4.419713831478535443e-02,nan,nan,nan,nan,nan,nan,nan,9.538950715421301227e-03,nan,nan,nan,nan,nan,nan,nan,5.659777424483301844e-02,3.275039745627976451e-02,nan,nan,5.023847376788552477e-02,nan,nan,2.988871224165336876e-02,nan,2.925278219395861454e-02,1.653418124006358209e-02,nan,nan,nan,nan,nan,nan,nan,nan,nan,nan,nan,nan,nan,nan,nan,nan,nan
nan,2.734499205087437268e-02,nan,nan,nan,3.688394276629567564e-02,nan,nan,nan,nan,nan,nan,nan,nan,nan,nan,nan,nan,nan,nan,nan,5.786963434022254077e-02,nan,nan,nan,nan,nan,nan,nan,1.907790143084242508e-03,nan,nan,nan,nan,nan,nan,nan,9.761526232114463297e-02,4.546899841017484206e-02,nan,nan,1.103338632750396897e-01,nan,nan,1.176470588235292193e-02,nan,4.165341812400631671e-02,2.352941176470584386e-02,nan,nan,nan,nan,nan,nan,nan,nan,nan,nan,nan,nan,nan,nan,nan,nan,nan
nan,nan,nan,nan,nan,nan,nan,nan,nan,nan,nan,nan,nan,nan,nan,nan,nan,nan,nan,nan,nan,nan,nan,nan,nan,nan,nan,nan,nan,nan,nan,nan,nan,nan,5.162337662337660588e-02,nan,nan,6.266233766233764158e-02,nan,nan,nan,8.441558441558437431e-02,nan,nan,1.428571428571425751e-02,nan,1.038961038961038891e-01,2.564935064935063361e-02,nan,nan,nan,nan,4.090909090909090884e-02,nan,nan,nan,nan,nan,nan,5.714285714285712720e-02,5.292207792207791195e-02,nan,nan,-2.629870129870131093e-02,nan
nan,nan,nan,nan,nan,nan,nan,nan,nan,nan,nan,nan,nan,nan,nan,nan,nan,nan,nan,nan,nan,nan,nan,nan,nan,nan,nan,nan,nan,nan,nan,nan,nan,nan,nan,nan,nan,2.758620689655175845e-02,1.116584564860432192e-02,2.889983579638755185e-02,nan,nan,nan,-2.627257799671523040e-03,3.645320197044338295e-02,1.871921182266016517e-02,nan,nan,nan,nan,nan,nan,-1.642036124794676909e-03,nan,nan,nan,nan,nan,nan,3.185550082101810954e-02,-1.346469622331687363e-02,nan,nan,7.750410509031199768e-02,nan
nan,nan,nan,nan,nan,nan,nan,nan,nan,nan,nan,nan,nan,nan,1.933438985736919344e-02,4.088748019017427598e-02,nan,nan,nan,nan,nan,9.001584786053877518e-02,nan,nan,nan,nan,nan,nan,nan,nan,nan,nan,nan,nan,nan,nan,nan,1.011093502377178599e-01,nan,4.690966719492863785e-02,nan,1.198098256735340150e-01,nan,nan,nan,nan,nan,nan,nan,nan,nan,1.217115689381932792e-01,5.293185419968297889e-02,nan,nan,nan,nan,-2.852614896988914413e-03,nan,nan,nan,nan,nan,4.025356576862119951e-02,nan
nan,nan,nan,nan,nan,nan,nan,nan,5.204081632653057010e-02,nan,nan,nan,nan,nan,nan,nan,nan,nan,nan,nan,nan,8.435374149659860543e-02,nan,nan,nan,nan,nan,nan,nan,nan,nan,nan,nan,nan,nan,nan,nan,8.265306122448976001e-02,nan,nan,nan,6.530612244897955609e-02,nan,nan,7.585034013605441994e-02,5.578231292517003836e-02,nan,nan,nan,nan,nan,8.639455782312924215e-02,5.170068027210879963e-02,nan,nan,nan,nan,nan,nan,nan,8.843537414965983723e-02,nan,nan,4.591836734693875016e-02,nan
nan,nan,nan,nan,nan,nan,nan,nan,nan,nan,nan,nan,nan,nan,nan,nan,nan,nan,nan,nan,nan,nan,nan,nan,nan,nan,nan,nan,nan,nan,nan,nan,nan,nan,-1.036303630363036160e-01,nan,nan,-7.953795379537954846e-02,nan,-8.052805280528052556e-02,nan,-8.382838283828382420e-02,nan,nan,nan,nan,-7.887788778877888318e-02,nan,nan,nan,-2.508250825082507587e-02,-6.237623762376236225e-02,-1.026402640264026667e-01,nan,nan,nan,nan,nan,nan,nan,-1.191419141914191460e-01,nan,nan,-1.168316831683168244e-01,nan
nan,nan,nan,nan,nan,nan,nan,nan,-3.657331136738056765e-02,nan,nan,nan,nan,nan,nan,nan,nan,nan,nan,nan,nan,nan,nan,nan,nan,nan,nan,nan,nan,nan,nan,nan,nan,nan,nan,nan,nan,-3.261943986820427938e-02,nan,nan,nan,-2.965403624382190184e-03,nan,-1.976935749588137892e-02,-1.110378912685337227e-01,-1.647446457990113869e-02,nan,nan,nan,nan,nan,nan,-2.306425041186159833e-02,nan,nan,nan,nan,nan,nan,-3.887973640856669938e-02,-7.940691927512355530e-02,nan,nan,-1.001647446457989837e-01,nan
nan,nan,nan,-2.250803858520897954e-02,nan,nan,nan,nan,nan,nan,nan,nan,nan,nan,nan,nan,nan,nan,nan,nan,-3.922829581993569903e-02,-8.135048231511252115e-02,nan,nan,nan,nan,nan,nan,nan,nan,nan,nan,nan,nan,nan,nan,nan,nan,nan,nan,-7.170418006430866187e-02,-1.157556270096459297e-02,nan,nan,nan,nan,nan,nan,nan,nan,-2.250803858520896567e-02,nan,-6.623794212218646338e-02,nan,nan,nan,nan,-1.800643086816716698e-02,-1.446945337620575422e-02,nan,-7.620578778135046749e-02,nan,nan,nan,nan
nan,nan,nan,nan,nan,nan,nan,nan,-8.623548922056389551e-03,nan,nan,nan,nan,nan,nan,nan,nan,nan,nan,nan,nan,nan,nan,nan,nan,nan,nan,nan,nan,nan,nan,nan,nan,nan,nan,nan,nan,7.960199004975125614e-02,nan,nan,nan,5.306799336650102825e-03,nan,6.003316749585406453e-02,nan,5.439469320066334795e-02,nan,nan,nan,nan,nan,3.946932006633502299e-02,4.975124378109496877e-03,4.643449419568823275e-03,nan,nan,nan,nan,nan,nan,2.189054726368160411e-02,nan,nan,9.950248756219082658e-04,nan
nan,nan,nan,5.927099841521397267e-02,nan,nan,nan,nan,nan,nan,nan,nan,nan,nan,nan,nan,nan,nan,nan,8.874801901743301427e-03,-3.771790808240884502e-02,1.584786053882769694e-03,nan,nan,nan,nan,nan,nan,nan,nan,nan,nan,nan,nan,nan,nan,nan,nan,nan,nan,-7.290015847860487064e-03,-1.521394611727411306e-02,nan,-2.789223454833593754e-02,nan,nan,nan,nan,0.000000000000000000e+00,nan,nan,nan,-2.979397781299521902e-02,nan,nan,nan,nan,nan,nan,5.895404120443741014e-02,nan,nan,nan,nan,nan
nan,nan,nan,nan,nan,nan,nan,nan,nan,nan,nan,nan,nan,nan,nan,nan,nan,nan,nan,nan,nan,nan,nan,nan,nan,nan,nan,nan,nan,nan,nan,nan,nan,nan,nan,nan,nan,8.786885245901633612e-02,3.245901639344259820e-02,1.475409836065571037e-02,nan,9.508196721311401242e-03,nan,nan,nan,nan,nan,nan,nan,nan,nan,nan,6.262295081967209076e-02,nan,-1.114754098360664150e-02,4.524590163934420067e-02,nan,nan,nan,5.868852459016386802e-02,3.704918032786878174e-02,nan,nan,-4.440892098500626408e-17,nan
nan,-4.255319148936209314e-03,nan,nan,nan,3.960720130932893213e-02,nan,nan,nan,nan,nan,nan,nan,nan,nan,nan,nan,nan,nan,nan,nan,nan,nan,nan,nan,nan,nan,nan,nan,nan,nan,nan,nan,nan,nan,nan,nan,-1.014729950900169521e-02,2.847790507364971260e-02,-3.469721767594111800e-02,nan,nan,nan,nan,nan,nan,8.837970540098150779e-03,nan,nan,nan,nan,nan,-3.535188216039284598e-02,nan,nan,nan,nan,-5.531914893617027179e-02,nan,nan,-6.481178396072018177e-02,nan,nan,9.819967266775364578e-04,nan
nan,nan,nan,nan,nan,nan,nan,nan,nan,nan,nan,nan,nan,nan,nan,5.403624382207581484e-02,nan,nan,nan,nan,nan,nan,nan,2.174629324546955081e-02,nan,nan,nan,1.680395387149924424e-02,nan,1.878088962108735022e-02,nan,nan,nan,nan,nan,nan,nan,8.896210873146628839e-02,6.425041186161453699e-02,nan,nan,3.327841845140040722e-02,nan,nan,nan,nan,1.647446457990120461e-02,nan,nan,nan,nan,nan,nan,nan,nan,nan,nan,nan,nan,nan,3.064250411861619769e-02,nan,nan,7.578253706754536911e-02,nan
nan,nan,nan,nan,-5.122349102773251367e-02,nan,nan,nan,nan,nan,nan,nan,nan,nan,nan,nan,nan,nan,nan,nan,nan,nan,nan,nan,nan,nan,nan,nan,-3.784665579119091822e-02,nan,nan,nan,-1.761827079934750323e-02,nan,nan,nan,nan,1.305057096247957960e-02,nan,nan,nan,nan,nan,nan,nan,nan,nan,nan,nan,nan,nan,nan,nan,nan,nan,nan,nan,nan,-7.471451876019578886e-02,4.371941272430664160e-02,nan,0.000000000000000000e+00,-6.133768352365422810e-02,-4.828711256117461381e-02,-2.120717781402941052e-02
nan,nan,nan,nan,nan,nan,nan,nan,-2.495894909688010227e-02,nan,nan,2.298850574712685280e-03,nan,nan,nan,nan,nan,nan,nan,nan,nan,nan,nan,nan,nan,nan,nan,nan,nan,nan,nan,nan,nan,nan,nan,nan,nan,-2.627257799671590607e-02,nan,-1.740558292282425729e-02,nan,-1.674876847290636059e-02,nan,nan,nan,-1.247947454844003899e-02,1.444991789819377592e-02,nan,nan,nan,nan,-1.215106732348110105e-02,nan,nan,nan,nan,nan,nan,nan,nan,-5.944170771756973615e-02,nan,nan,-8.275862068965514351e-02,nan
-2.970297029702961659e-03,nan,nan,-5.379537953795378996e-02,-8.910891089108908397e-03,nan,nan,nan,nan,nan,-3.300330033003296033e-03,nan,nan,nan,-2.871287128712872797e-02,nan,nan,nan,nan,-5.280528052805289266e-03,nan,nan,nan,nan,nan,nan,nan,nan,nan,nan,nan,nan,nan,nan,nan,nan,nan,-8.877887788778879297e-02,nan,nan,nan,nan,nan,nan,nan,nan,nan,nan,nan,nan,nan,nan,nan,nan,nan,nan,-3.630363036303629973e-03,-2.640264026402638995e-03,nan,nan,nan,nan,nan,nan,-2.640264026402640990e-02
nan,2.252100840336130824e-02,nan,nan,nan,nan,nan,nan,nan,nan,nan,nan,nan,nan,nan,nan,nan,nan,nan,nan,nan,nan,nan,nan,nan,nan,nan,nan,nan,nan,nan,nan,nan,nan,nan,nan,nan,3.932773109243693777e-02,nan,nan,nan,nan,nan,nan,1.546218487394952421e-02,nan,2.352941176470546396e-03,-1.277310924369750092e-02,nan,0.000000000000000000e+00,nan,3.932773109243691001e-02,8.403361344537740169e-03,nan,nan,nan,nan,nan,nan,nan,-1.512605042016812451e-02,nan,nan,7.394957983193240110e-03,nan
nan,nan,nan,nan,nan,nan,nan,nan,nan,nan,nan,-3.424657534246256072e-04,5.136986301369894821e-03,nan,nan,nan,nan,nan,nan,nan,nan,nan,nan,nan,nan,nan,nan,nan,nan,nan,nan,nan,nan,nan,nan,nan,nan,9.417808219178085138e-02,5.616438356164386858e-02,3.082191780821917984e-02,nan,nan,nan,nan,nan,nan,5.136986301369894821e-03,nan,nan,nan,nan,nan,2.568493150684936221e-02,0.000000000000000000e+00,nan,nan,nan,nan,nan,nan,-1.301369863013697101e-02,nan,nan,4.041095890410961733e-02,nan
nan,nan,nan,nan,nan,nan,nan,nan,nan,nan,nan,nan,nan,nan,nan,nan,nan,nan,nan,nan,nan,nan,nan,nan,nan,nan,nan,nan,nan,1.862745098039215660e-02,nan,nan,nan,nan,nan,nan,nan,1.186274509803921379e-01,9.640522875816993909e-02,3.627450980392157159e-02,nan,6.143790849673202992e-02,nan,nan,nan,nan,3.398692810457515368e-02,nan,nan,nan,nan,nan,6.895424836601307672e-02,nan,nan,nan,nan,nan,nan,5.915032679738561894e-02,5.163398692810454438e-02,nan,nan,5.784313725490193570e-02,nan
nan,nan,nan,nan,nan,nan,nan,nan,nan,nan,nan,nan,nan,nan,-3.159609120521174319e-02,nan,nan,nan,nan,nan,nan,nan,nan,nan,nan,nan,nan,nan,nan,nan,nan,nan,nan,nan,nan,nan,nan,6.840390879478819644e-03,4.234527687296418645e-03,nan,nan,-1.954397394136808686e-02,nan,nan,nan,nan,-4.657980456026060423e-02,6.188925081433227851e-03,nan,nan,-5.537459283387624609e-02,nan,nan,nan,nan,nan,-3.420195439739415200e-02,nan,nan,nan,-3.452768729641695483e-02,nan,nan,-6.840390879478827624e-02,nan
nan,nan,nan,nan,nan,nan,nan,nan,nan,nan,nan,nan,nan,nan,-3.355048859934854633e-02,nan,nan,nan,nan,nan,nan,nan,nan,nan,nan,nan,nan,nan,nan,nan,nan,nan,nan,nan,nan,nan,nan,-4.885993485342021714e-03,-2.084690553745929126e-02,nan,nan,-3.583061889250816010e-03,nan,nan,nan,nan,-5.407166123778504169e-02,-7.166123778501632020e-03,nan,nan,-4.657980456026058341e-02,nan,nan,nan,nan,nan,-5.602605863192185176e-02,nan,nan,nan,-4.104234527687294909e-02,nan,nan,-2.768729641693812304e-02,nan
nan,-7.370129870129868421e-02,nan,nan,nan,nan,nan,nan,nan,nan,nan,nan,nan,nan,nan,nan,nan,nan,nan,nan,nan,nan,nan,nan,nan,nan,nan,nan,nan,nan,nan,nan,nan,nan,nan,nan,nan,-8.149350649350647902e-02,-9.675324675324674384e-02,nan,nan,-1.100649350649350183e-01,nan,nan,-1.493506493506493449e-01,nan,-8.116883116883116811e-02,nan,nan,nan,nan,nan,-1.009740259740259799e-01,nan,nan,nan,-4.285714285714283672e-02,nan,nan,nan,-1.133116883116882939e-01,nan,nan,-5.389610389610387242e-02,nan
nan,nan,nan,nan,-4.628099173553690618e-03,nan,nan,nan,nan,3.074380165289260919e-02,nan,nan,nan,nan,nan,nan,nan,nan,nan,nan,nan,nan,nan,nan,nan,nan,nan,nan,nan,-5.289256198347080939e-03,nan,nan,nan,nan,nan,nan,nan,1.719008264462813448e-02,nan,-6.942148760330546335e-03,nan,2.347107438016532432e-02,nan,nan,1.289256198347112949e-02,nan,1.487603305785130045e-02,nan,nan,nan,nan,2.082644628099178385e-02,-2.214876033057844307e-02,nan,nan,nan,nan,nan,nan,nan,nan,nan,nan,nan,nan
nan,nan,nan,nan,nan,nan,nan,nan,nan,nan,nan,nan,nan,nan,nan,nan,nan,nan,nan,nan,nan,nan,nan,nan,nan,nan,nan,nan,nan,nan,nan,nan,nan,nan,-1.231746031746031866e-01,nan,nan,-8.888888888888887840e-02,nan,-1.012698412698412598e-01,nan,nan,nan,nan,nan,nan,-1.222222222222222321e-01,-1.136507936507936412e-01,nan,nan,nan,-8.507936507936510184e-02,-1.231746031746031866e-01,nan,nan,nan,nan,-6.952380952380954326e-02,nan,nan,-1.663492063492063855e-01,nan,nan,-1.460317460317460958e-01,nan
nan,nan,nan,nan,nan,nan,nan,nan,nan,nan,-6.600660066006569298e-04,nan,-7.194719471947193246e-02,nan,nan,nan,nan,nan,nan,nan,nan,nan,nan,nan,nan,nan,nan,nan,nan,nan,nan,nan,nan,nan,nan,nan,nan,-3.201320132013200231e-02,nan,-5.412541254125409484e-02,nan,-4.092409240924092112e-02,nan,nan,nan,nan,-6.138613861386138515e-02,nan,nan,nan,nan,nan,-8.085808580858085126e-02,nan,nan,nan,nan,nan,nan,-6.237623762376236225e-02,-1.155115511551154939e-01,nan,nan,-4.917491749174916077e-02,nan
nan,nan,nan,nan,nan,-8.214285714285714246e-02,nan,nan,nan,nan,nan,-7.045454545454546413e-02,nan,nan,nan,nan,nan,nan,nan,nan,nan,nan,nan,nan,nan,nan,nan,nan,nan,nan,nan,nan,nan,nan,nan,nan,nan,-5.584415584415584888e-02,-7.175324675324676327e-02,nan,nan,-8.441558441558442982e-02,nan,nan,nan,nan,-8.116883116883118199e-02,nan,nan,nan,nan,nan,-6.233766233766233761e-02,-6.623376623376620032e-02,nan,nan,nan,nan,nan,nan,-1.077922077922078142e-01,nan,nan,-6.655844155844156673e-02,nan
nan,8.130081300812986439e-03,nan,nan,nan,-1.073170731707318026e-02,nan,nan,nan,nan,nan,-1.593495934959353669e-02,nan,nan,nan,nan,nan,nan,nan,nan,nan,nan,nan,nan,nan,nan,nan,nan,nan,nan,nan,nan,nan,nan,nan,nan,nan,-2.829268292682929342e-02,1.138211382113820704e-02,nan,nan,nan,nan,-1.658536585365854091e-02,-3.024390243902439629e-02,nan,nan,-5.235772357723580267e-02,nan,nan,nan,nan,nan,nan,nan,nan,nan,nan,nan,nan,-5.398373983739838261e-02,nan,nan,-1.626016260162621574e-03,nan
nan,nan,nan,-2.491909385113272313e-02,-7.346278317152107884e-02,nan,nan,nan,nan,nan,nan,nan,nan,nan,-3.398058252427189896e-02,nan,nan,nan,nan,nan,nan,-5.501618122977351699e-02,nan,nan,nan,nan,nan,nan,nan,-8.349514563106799625e-02,nan,nan,nan,nan,nan,nan,nan,nan,nan,nan,2.006472491909380013e-02,-8.058252427184471600e-02,nan,nan,nan,nan,nan,nan,nan,nan,nan,nan,nan,nan,-3.948220064724923539e-02,-1.941747572815537629e-02,nan,nan,nan,nan,3.203883495145627702e-02,nan,nan,nan,nan
nan,3.570247933884298369e-02,nan,nan,nan,nan,nan,nan,nan,nan,nan,nan,nan,nan,nan,nan,nan,nan,nan,nan,nan,nan,nan,nan,nan,nan,nan,nan,nan,-1.983471074380149714e-03,nan,nan,nan,nan,nan,nan,nan,3.371900826446281446e-02,5.719008264462810409e-02,nan,nan,7.537190082644630584e-02,nan,1.322314049586803628e-03,nan,nan,nan,6.247933884297522666e-02,nan,nan,nan,nan,5.355371900826446513e-02,nan,nan,nan,nan,nan,nan,nan,4.958677685950441290e-03,nan,nan,2.413223140495868169e-02,nan
nan,7.352941176470588480e-02,nan,nan,nan,nan,nan,nan,nan,-1.405228758169936240e-02,nan,nan,nan,nan,nan,nan,nan,nan,nan,nan,nan,nan,nan,nan,nan,nan,nan,nan,nan,nan,nan,nan,nan,nan,nan,nan,nan,-2.058823529411766412e-02,nan,nan,nan,nan,nan,nan,nan,3.267973856208916455e-04,-6.535947712418277433e-04,nan,nan,nan,nan,-2.941176470588235947e-02,nan,-7.843137254901955471e-03,nan,nan,nan,nan,-3.594771241830052588e-03,nan,2.189542483660130573e-02,nan,nan,1.470588235294115718e-02,nan
-4.308681672025722886e-02,nan,nan,-9.035369774919610464e-02,-5.241157556270095025e-02,nan,nan,nan,nan,-4.598070739549835195e-02,nan,nan,nan,nan,-4.790996784565915156e-02,nan,nan,nan,nan,nan,nan,nan,nan,nan,nan,nan,nan,nan,nan,nan,nan,nan,-3.729903536977489248e-02,nan,nan,nan,nan,nan,nan,nan,nan,nan,nan,nan,nan,nan,nan,nan,nan,nan,nan,nan,nan,nan,nan,nan,nan,nan,-2.154340836012860055e-02,-3.472668810289383096e-02,nan,nan,nan,-6.430868167202567764e-02,-1.157556270096462558e-01
-3.262642740619714596e-04,nan,nan,nan,nan,1.272430668841765221e-02,nan,nan,nan,nan,nan,nan,nan,nan,nan,nan,nan,nan,5.220228384991898105e-03,nan,nan,nan,nan,nan,nan,nan,nan,nan,nan,nan,nan,nan,nan,nan,nan,nan,nan,-3.001631321370306152e-02,1.990212071778145811e-02,nan,nan,-6.851549755301755348e-03,nan,nan,nan,nan,nan,-3.588907014681863485e-03,nan,nan,nan,nan,-1.337683523654152953e-02,nan,nan,nan,nan,nan,nan,nan,-2.381729200652521472e-02,nan,nan,-2.022838499184332825e-02,nan
nan,nan,nan,nan,nan,nan,nan,nan,-9.461663947797715676e-03,nan,nan,nan,nan,nan,nan,nan,nan,nan,nan,nan,nan,nan,nan,nan,nan,nan,nan,nan,nan,nan,nan,nan,nan,nan,nan,nan,nan,1.305057096247959000e-02,1.044045676998369733e-02,1.957585644371941797e-02,nan,2.251223491027732823e-02,nan,nan,nan,-6.199021207177790420e-03,nan,nan,nan,nan,nan,2.805872756933117801e-02,7.177814029363793757e-03,nan,nan,nan,nan,nan,nan,nan,-2.936378466557876439e-03,nan,nan,7.177814029363782482e-03,nan
nan,nan,nan,nan,nan,nan,nan,nan,nan,-4.498381877022654407e-02,nan,nan,nan,nan,nan,nan,nan,nan,nan,nan,nan,nan,nan,nan,nan,nan,nan,nan,nan,nan,nan,nan,nan,nan,nan,nan,nan,3.883495145631066063e-03,1.844660194174756532e-02,nan,nan,-9.482200647249190706e-02,nan,nan,-5.145631067961167066e-02,nan,nan,-7.928802588996763934e-02,nan,nan,nan,nan,-7.281553398058251969e-02,nan,nan,nan,nan,nan,nan,nan,-1.779935275080906168e-02,nan,-5.728155339805829360e-02,-1.158576051779935528e-01,nan
nan,nan,nan,nan,nan,nan,nan,nan,nan,-2.686084142394821322e-02,nan,nan,nan,nan,nan,nan,nan,nan,nan,nan,nan,nan,nan,nan,nan,nan,nan,nan,nan,nan,nan,nan,nan,nan,nan,nan,nan,-2.135922330097089761e-02,-5.436893203883497172e-02,nan,nan,-6.278317152103560228e-02,nan,nan,-5.695792880258900709e-02,nan,nan,-1.003236245954692782e-02,nan,nan,nan,nan,-4.692556634304208274e-02,nan,nan,nan,nan,nan,nan,nan,-3.754045307443367591e-02,nan,-2.556634304207121636e-02,-6.375404530744339937e-02,nan
nan,nan,nan,nan,nan,nan,nan,nan,nan,nan,nan,nan,nan,nan,nan,nan,nan,nan,nan,nan,nan,nan,nan,nan,nan,nan,nan,nan,nan,nan,nan,nan,nan,nan,nan,nan,nan,3.701298701298701144e-02,nan,1.525974025974026135e-02,nan,4.415584415584415667e-02,nan,-7.792207792207794803e-03,2.954545454545455183e-02,4.448051948051945370e-02,4.967532467532469187e-02,nan,nan,nan,nan,nan,2.922077922077903536e-03,nan,nan,nan,nan,nan,nan,nan,-4.545454545454552173e-03,nan,nan,2.435064935064932407e-02,nan
nan,nan,nan,nan,-1.636661211129353342e-03,nan,nan,nan,nan,nan,nan,9.296235679214395753e-02,nan,nan,nan,nan,nan,nan,nan,nan,-7.528641571194793700e-03,3.142389525368242953e-02,nan,nan,nan,nan,nan,nan,6.546644844517057532e-04,nan,nan,nan,nan,nan,nan,nan,nan,nan,nan,nan,nan,-2.618657937806934035e-03,nan,nan,nan,nan,nan,nan,nan,nan,nan,nan,6.873977086743039699e-02,nan,nan,nan,nan,-1.963993453355228173e-03,-9.819967266776030278e-04,nan,nan,nan,nan,nan,4.418985270049093778e-02
nan,nan,nan,nan,-1.658536585365853050e-02,nan,-1.756097560975604724e-02,nan,nan,nan,-3.186991869918696235e-02,nan,nan,nan,nan,-6.894308943089424990e-02,nan,nan,nan,nan,1.983739837398375977e-02,nan,nan,-5.333333333333332288e-02,nan,nan,nan,nan,nan,nan,nan,nan,nan,nan,nan,nan,nan,nan,nan,nan,nan,nan,nan,nan,nan,nan,nan,nan,nan,nan,nan,nan,nan,nan,6.373983739837400797e-02,2.439024390243906687e-02,nan,nan,-2.016260162601622025e-02,nan,nan,nan,nan,nan,-4.032520325203250294e-02
nan,nan,nan,nan,2.176000000000002238e-02,nan,nan,nan,nan,nan,9.600000000000274546e-04,nan,nan,nan,3.200000000000091877e-04,nan,nan,nan,nan,nan,nan,nan,nan,nan,nan,nan,nan,nan,nan,nan,nan,nan,nan,nan,nan,nan,nan,5.920000000000000956e-02,5.440000000000022942e-03,7.679999999999997592e-03,nan,nan,nan,-3.839999999999998796e-03,nan,nan,nan,nan,nan,nan,nan,-9.279999999999977503e-03,7.040000000000023669e-03,nan,nan,nan,nan,nan,nan,nan,nan,nan,nan,nan,1.184000000000000677e-02
nan,-1.734860883797051390e-02,nan,nan,nan,nan,nan,nan,nan,nan,nan,nan,nan,nan,nan,nan,nan,nan,nan,nan,nan,nan,nan,nan,nan,nan,nan,nan,nan,nan,nan,nan,nan,nan,nan,nan,nan,-2.618657937806812171e-03,2.422258592471362298e-02,-6.219312602291271821e-03,nan,-2.945990180032687002e-03,nan,nan,nan,nan,nan,-1.374795417348604297e-02,nan,nan,nan,nan,-2.291325695580948181e-03,nan,nan,nan,nan,nan,nan,1.211129296235685660e-02,-2.127659574468079157e-02,nan,nan,-1.865793780687392475e-02,nan
nan,nan,nan,nan,nan,-5.063291139240510760e-03,nan,nan,nan,3.449367088607592502e-02,nan,nan,nan,nan,nan,nan,nan,nan,nan,-2.436708860759495554e-02,nan,nan,nan,nan,nan,nan,nan,nan,nan,-1.170886075949370032e-02,nan,nan,nan,nan,nan,nan,nan,nan,nan,-1.424050632911395484e-02,nan,nan,nan,nan,nan,nan,nan,nan,nan,nan,-1.518987341772153402e-02,nan,nan,nan,nan,nan,nan,nan,-4.746835443037999980e-03,-6.962025316455733304e-03,-4.177215189873419859e-02,nan,nan,2.626582278481010002e-02,nan
nan,nan,nan,nan,nan,nan,nan,nan,nan,-2.048780487804879868e-02,nan,nan,nan,nan,nan,nan,nan,nan,nan,nan,nan,nan,nan,nan,nan,nan,nan,nan,nan,nan,nan,nan,nan,nan,nan,nan,nan,1.463414634146340508e-02,nan,-2.699186991869919477e-02,nan,nan,nan,nan,nan,nan,-1.170731707317071955e-02,-8.780487804878046171e-03,nan,nan,nan,-2.764227642276424410e-02,-5.528455284552857667e-03,nan,nan,nan,nan,nan,-2.308943089430897169e-02,nan,-3.317073170731710263e-02,nan,nan,-1.430894308943091511e-02,nan
nan,nan,nan,nan,nan,nan,nan,nan,nan,nan,nan,nan,nan,nan,nan,nan,nan,nan,nan,nan,nan,nan,nan,nan,nan,nan,nan,nan,nan,-1.198003327787022787e-02,nan,nan,nan,nan,nan,nan,nan,-1.198003327787027297e-02,-2.129783693843596490e-02,nan,nan,3.594009983361062810e-02,nan,2.995008319467529212e-03,nan,nan,4.126455906821960978e-02,nan,nan,nan,nan,-2.995008319467595999e-03,-3.760399334442598995e-02,nan,nan,nan,nan,nan,nan,nan,5.324459234608958265e-03,nan,nan,-2.861896838602333640e-02,nan
nan,nan,nan,nan,nan,nan,nan,nan,nan,nan,nan,nan,nan,nan,nan,nan,nan,nan,nan,1.290322580645142424e-03,nan,nan,nan,nan,nan,nan,nan,nan,nan,nan,nan,nan,nan,nan,nan,nan,nan,1.903225806451609367e-02,3.806451612903218734e-02,nan,nan,3.129032258064512462e-02,nan,nan,1.774193548387090896e-02,5.451612903225798445e-02,-1.032258064516136144e-02,8.387096774193492435e-03,nan,nan,nan,2.225806451612894962e-02,nan,nan,nan,nan,nan,nan,nan,2.032258064516123675e-02,nan,nan,nan,nan,nan
nan,nan,nan,nan,-9.558101472995089720e-02,nan,nan,nan,nan,nan,nan,nan,nan,nan,nan,nan,nan,nan,nan,0.000000000000000000e+00,nan,nan,nan,nan,nan,nan,nan,nan,0.000000000000000000e+00,nan,nan,nan,nan,3.273322422258639897e-04,nan,nan,nan,-2.945990180032720396e-03,nan,nan,nan,nan,nan,nan,nan,nan,nan,nan,nan,nan,nan,-3.633387888707038244e-02,-1.054009819967266781e-01,nan,nan,nan,nan,3.273322422258639897e-04,-4.844517184942718352e-02,nan,nan,nan,nan,nan,-7.888707037643206965e-02
nan,nan,nan,nan,nan,nan,nan,nan,nan,nan,nan,nan,nan,nan,nan,nan,nan,nan,nan,nan,nan,nan,nan,nan,nan,nan,nan,nan,nan,nan,nan,nan,nan,nan,-1.153212520593078702e-02,nan,nan,4.777594728171337402e-02,1.054365733113675832e-02,nan,nan,-7.248764415156494674e-03,1.087314662273479796e-02,nan,nan,nan,2.075782537067549782e-02,nan,nan,nan,nan,1.054365733113674618e-02,2.339373970345968307e-02,nan,nan,nan,nan,nan,nan,nan,-4.546952224052713820e-02,nan,nan,-2.075782537067543190e-02,nan
nan,nan,nan,nan,nan,nan,nan,nan,nan,nan,-3.740095087163233106e-02,nan,nan,nan,nan,nan,nan,nan,nan,nan,nan,nan,nan,nan,nan,nan,nan,nan,nan,-6.339144215530944770e-04,nan,nan,nan,nan,nan,nan,nan,-2.630744849445321165e-02,-4.405705229793979022e-02,-6.656101426307447881e-03,nan,-6.275752773375595228e-02,nan,nan,-3.549920760697307387e-02,nan,nan,nan,nan,nan,nan,nan,-6.339144215530903570e-02,nan,nan,nan,nan,nan,nan,nan,-8.526148969889066342e-02,nan,nan,-5.261489698890649269e-02,nan
nan,nan,nan,nan,nan,nan,nan,nan,nan,nan,nan,nan,nan,nan,nan,nan,nan,nan,nan,nan,nan,nan,nan,nan,nan,nan,nan,nan,nan,1.423948220064730208e-02,nan,nan,nan,nan,nan,nan,nan,3.139158576051779420e-02,7.184466019417476423e-02,nan,nan,5.210355987055019511e-02,nan,nan,3.883495145631070400e-02,nan,4.012944983818771127e-02,nan,nan,nan,nan,nan,5.792880258899681112e-02,nan,nan,nan,6.148867313915860194e-02,nan,nan,nan,1.747572815533982027e-02,nan,nan,5.566343042071197900e-02,nan
nan,nan,nan,nan,0.000000000000000000e+00,nan,nan,nan,nan,nan,nan,nan,nan,nan,7.387096774193545323e-02,-4.322580645161293311e-02,nan,nan,nan,nan,nan,nan,nan,nan,nan,nan,nan,nan,nan,nan,-2.225806451612903983e-02,nan,nan,-4.193548387096801729e-03,nan,nan,nan,-4.161290322580646350e-02,nan,nan,nan,nan,nan,nan,nan,nan,nan,nan,nan,nan,nan,4.548387096774188926e-02,1.806451612903222509e-02,nan,nan,nan,nan,nan,-2.290322580645160963e-02,nan,nan,nan,nan,nan,-4.483870967741938884e-02
nan,nan,nan,nan,nan,-3.239669421487603035e-02,nan,nan,nan,nan,nan,-4.297520661157028417e-03,nan,nan,nan,nan,nan,nan,nan,nan,nan,nan,nan,nan,nan,nan,nan,nan,nan,nan,nan,nan,nan,nan,8.264462809917360805e-03,nan,nan,3.900826446280991622e-02,2.446280991735536731e-02,nan,nan,nan,nan,nan,9.586776859504108489e-03,nan,-3.471074380165288520e-02,nan,nan,nan,nan,nan,2.677685950413224297e-02,nan,nan,nan,nan,nan,nan,nan,1.685950413223140723e-02,nan,nan,-3.966942148760333256e-03,nan
nan,nan,nan,nan,nan,nan,nan,nan,nan,-6.905537459283390966e-02,nan,nan,nan,nan,nan,nan,nan,nan,nan,-7.231270358306192414e-02,nan,-7.882736156351795309e-02,nan,nan,nan,nan,nan,nan,nan,-3.257328990228014259e-04,nan,nan,nan,nan,nan,nan,nan,nan,nan,nan,nan,-6.644951140065150086e-02,nan,-7.003257328990228348e-02,nan,nan,nan,nan,nan,nan,nan,nan,-1.302931596091206831e-02,nan,nan,nan,nan,nan,nan,-9.511400651465799772e-02,-4.299674267100976610e-02,nan,nan,-1.205211726384365287e-02,nan
nan,nan,nan,nan,nan,nan,nan,nan,nan,nan,nan,nan,7.335423197492167702e-02,nan,nan,nan,nan,nan,nan,nan,nan,nan,nan,nan,nan,nan,nan,nan,nan,nan,nan,nan,nan,nan,nan,nan,nan,7.711598746081509137e-02,nan,nan,nan,1.084639498432601740e-01,nan,5.579937304075237303e-02,nan,nan,3.072100313479626463e-02,8.840125391849529279e-02,nan,nan,nan,5.078369905956114927e-02,3.855799373040753875e-02,nan,nan,nan,nan,nan,nan,nan,8.463949843260190620e-02,nan,nan,1.692789968652039928e-02,nan
nan,nan,nan,nan,nan,nan,nan,nan,nan,nan,nan,nan,nan,nan,nan,nan,nan,nan,nan,nan,nan,nan,nan,nan,nan,nan,nan,nan,nan,nan,nan,nan,nan,nan,nan,nan,nan,-6.895424836601311835e-02,nan,nan,nan,-8.071895424836601773e-02,nan,-1.049019607843137275e-01,-9.052287581699347552e-02,nan,-1.245098039215686569e-01,nan,nan,nan,nan,nan,-7.320261437908497093e-02,-9.803921568627526738e-04,nan,nan,nan,nan,nan,-7.941176470588237613e-02,-1.343137254901961009e-01,nan,nan,-9.444444444444446973e-02,nan
nan,-8.127090301003345174e-02,nan,nan,nan,nan,nan,nan,nan,nan,nan,nan,nan,nan,nan,nan,nan,nan,nan,nan,nan,nan,nan,nan,nan,nan,nan,nan,nan,nan,nan,nan,nan,nan,nan,nan,nan,-1.287625418060200921e-01,-8.963210702341137259e-02,nan,nan,-7.859531772575251152e-02,nan,nan,-1.003344481605350919e-01,nan,-8.628762541806021813e-02,-1.043478260869565022e-01,nan,nan,nan,nan,-3.979933110367893379e-02,nan,nan,nan,nan,nan,nan,nan,-1.414715719063545374e-01,nan,nan,-1.006688963210702614e-01,nan
nan,-2.113821138211380291e-02,nan,nan,nan,nan,nan,nan,nan,nan,nan,nan,nan,nan,nan,nan,nan,nan,nan,nan,nan,nan,nan,nan,nan,nan,nan,nan,nan,0.000000000000000000e+00,nan,nan,nan,nan,nan,nan,nan,-1.853658536585364031e-02,nan,-1.658536585365853050e-02,nan,-3.999999999999999389e-02,nan,nan,-5.170731707317073600e-02,nan,nan,nan,nan,nan,nan,nan,8.780487804878066987e-03,nan,nan,nan,nan,nan,nan,-3.121951219512192344e-02,-6.634146341463413588e-02,nan,nan,-9.560975609756092175e-02,nan
nan,nan,nan,nan,nan,nan,nan,nan,nan,7.040000000000001985e-03,nan,nan,nan,nan,nan,nan,nan,nan,nan,nan,nan,nan,nan,nan,nan,nan,nan,nan,nan,4.159999999999964074e-03,nan,nan,nan,nan,nan,nan,nan,4.639999999999996211e-02,nan,nan,nan,-2.560000000000006715e-03,nan,nan,nan,nan,-1.632000000000004628e-02,7.679999999999997592e-03,nan,nan,nan,nan,-1.696000000000004101e-02,8.960000000000013093e-03,nan,nan,nan,nan,nan,nan,-2.784000000000002098e-02,nan,nan,2.719999999999996726e-02,nan
nan,nan,nan,-1.580645161290327241e-02,nan,nan,nan,nan,nan,nan,nan,nan,nan,nan,nan,nan,nan,nan,nan,nan,-4.516129032258109181e-03,-2.451612903225810353e-02,nan,nan,nan,nan,nan,nan,nan,nan,nan,nan,nan,nan,nan,nan,nan,nan,nan,nan,-1.000000000000005398e-02,-1.516129032258071128e-02,-2.258064516129043749e-03,-2.290322580645165473e-02,-3.193548387096778463e-02,nan,nan,nan,nan,nan,nan,nan,nan,nan,nan,nan,nan,nan,nan,nan,-9.741935483870972634e-02,nan,nan,-4.000000000000007716e-02,nan
nan,nan,nan,5.139116202945994555e-02,nan,nan,nan,nan,nan,nan,nan,nan,nan,nan,nan,nan,nan,nan,nan,nan,1.309328968903455959e-03,7.626841243862521325e-02,nan,nan,nan,nan,nan,nan,nan,nan,nan,nan,nan,nan,nan,nan,nan,nan,nan,nan,nan,4.877250409165301281e-02,nan,nan,nan,7.790507364975449156e-02,nan,nan,0.000000000000000000e+00,nan,2.193126022913256465e-02,nan,3.927986906710310283e-02,8.837970540098206290e-03,nan,nan,nan,nan,nan,nan,nan,nan,nan,nan,5.662847790507365836e-02
nan,nan,nan,nan,nan,nan,nan,nan,nan,-1.555915721231766399e-02,nan,nan,nan,nan,nan,nan,nan,nan,nan,nan,nan,nan,nan,nan,nan,nan,nan,nan,nan,nan,nan,nan,nan,nan,nan,nan,nan,5.996758508914099700e-02,nan,6.158833063209079306e-03,nan,3.306320907617501387e-02,nan,nan,nan,nan,-3.889789303079438550e-03,nan,nan,2.009724473257696806e-02,nan,7.325769854132899161e-02,3.565640194489439006e-03,nan,nan,nan,nan,nan,nan,nan,3.371150729335492535e-02,nan,nan,3.241491085899515096e-02,nan
nan,nan,nan,nan,nan,nan,nan,nan,nan,nan,nan,nan,nan,nan,nan,nan,nan,nan,nan,nan,nan,nan,nan,nan,nan,nan,nan,nan,nan,-1.923076923077027267e-03,nan,nan,nan,nan,nan,nan,nan,2.371794871794866838e-02,nan,-3.910256410256416487e-02,nan,-2.467948717948722365e-02,nan,nan,nan,nan,1.923076923076860734e-03,-1.410256410256414093e-02,nan,nan,nan,nan,6.089743589743535149e-03,nan,nan,nan,nan,nan,nan,-7.051282051282093018e-03,-5.288461538461546041e-02,nan,nan,2.660256410256404275e-02,nan
nan,nan,nan,nan,nan,nan,nan,nan,nan,nan,nan,-1.683501683501684859e-02,nan,nan,nan,nan,nan,nan,nan,nan,nan,-1.750841750841753905e-02,nan,nan,nan,nan,nan,nan,nan,nan,nan,nan,nan,nan,-2.491582491582493633e-02,nan,nan,nan,nan,nan,nan,-3.703703703703742443e-03,nan,-1.447811447811451178e-02,nan,nan,nan,nan,nan,nan,nan,nan,4.141414141414138939e-02,nan,nan,nan,-2.087542087542091501e-02,-4.377104377104412518e-03,nan,nan,2.289562289562287883e-02,nan,nan,2.525252525252523819e-02,nan
nan,nan,nan,nan,nan,nan,nan,nan,nan,nan,nan,nan,nan,nan,nan,nan,nan,nan,nan,nan,nan,nan,nan,nan,nan,nan,nan,nan,nan,-5.255023183925833057e-03,nan,nan,nan,nan,nan,nan,nan,4.822256568778978542e-02,nan,8.964451313755806075e-03,nan,1.165378670788253385e-01,nan,nan,6.955177743431217863e-02,nan,nan,4.111282843894897843e-02,nan,nan,nan,nan,1.298299845440491554e-02,nan,nan,nan,nan,nan,nan,7.264296754250387789e-02,1.360123647604324394e-02,nan,nan,-3.338485316846988293e-02,nan
nan,nan,nan,nan,nan,nan,nan,nan,nan,nan,nan,nan,nan,nan,nan,nan,nan,nan,nan,nan,nan,nan,nan,nan,nan,nan,nan,nan,nan,nan,nan,nan,nan,nan,nan,nan,nan,-5.224358974358975921e-02,7.051282051282026231e-03,-3.846153846153832490e-03,nan,-1.923076923076923878e-02,nan,nan,nan,-4.038461538461539380e-02,nan,-1.602564102564096871e-03,nan,0.000000000000000000e+00,nan,2.756410256410255638e-02,nan,nan,nan,nan,nan,nan,nan,nan,-5.544871794871795295e-02,nan,nan,nan,1.858974358974360003e-02
nan,nan,nan,1.218800648298216799e-01,nan,nan,nan,nan,nan,nan,nan,nan,nan,nan,nan,1.069692058346836082e-02,nan,nan,nan,nan,-5.510534846029191240e-03,4.538087520259315166e-02,nan,nan,nan,nan,nan,nan,nan,nan,nan,nan,9.594813614262556745e-02,nan,nan,nan,4.862236628849214704e-03,nan,nan,nan,nan,2.009724473257692295e-02,nan,1.944894651539703576e-02,nan,nan,nan,nan,nan,nan,nan,7.585089141004858204e-02,nan,nan,nan,nan,nan,nan,nan,4.829821717990271518e-02,nan,nan,nan,nan,nan
nan,nan,nan,nan,nan,6.611570247933906469e-04,nan,nan,nan,nan,nan,nan,1.719008264462813448e-02,nan,nan,nan,nan,nan,nan,nan,nan,nan,nan,nan,nan,nan,nan,nan,nan,nan,nan,nan,nan,nan,nan,nan,nan,6.479338842975208845e-02,nan,-3.305785123966953343e-03,nan,9.685950413223143318e-02,nan,nan,nan,nan,4.000000000000001471e-02,3.669421487603308218e-02,nan,nan,nan,nan,6.181818181818181379e-02,nan,nan,nan,nan,nan,nan,nan,1.256198347107440050e-02,nan,nan,2.644628099173607257e-03,nan
nan,nan,nan,nan,nan,-9.917355371900748572e-04,nan,nan,nan,nan,nan,nan,3.768595041322315986e-02,nan,nan,nan,nan,nan,nan,nan,nan,nan,nan,nan,nan,nan,nan,nan,nan,nan,nan,nan,nan,nan,nan,nan,nan,6.115702479338847031e-02,nan,3.272727272727273679e-02,nan,3.173553719008263829e-02,nan,nan,nan,nan,4.561983471074382290e-02,4.363636363636365367e-02,nan,nan,nan,nan,4.132231404958679188e-02,nan,nan,nan,nan,nan,nan,nan,4.561983471074380209e-02,nan,nan,-1.685950413223140723e-02,nan
