1.325714285714283368e-02,nan,nan,nan,nan,nan,nan,nan,nan,nan,nan,nan,nan,-2.880000000000004778e-02,nan,nan,-3.451428571428571956e-02,nan,nan,4.937142857142855223e-02,nan,nan,-2.102857142857144160e-02,nan,1.028571428571427651e-02,-2.971428571428571391e-02,nan,nan,nan,nan,nan,nan,nan,nan,nan,-2.400000000000000050e-02,nan,nan,nan,nan,nan,nan,3.679999999999998550e-02,9.142857142856897646e-04,nan,nan,nan,nan,nan,nan,nan,nan,nan,nan,nan,nan,nan,nan,nan,nan,nan,nan,nan,nan,nan
nan,nan,nan,nan,-9.313154831199100137e-04,nan,4.656577415599550069e-04,nan,nan,nan,nan,nan,nan,nan,nan,nan,nan,nan,nan,nan,nan,nan,nan,nan,nan,nan,nan,nan,nan,nan,nan,nan,nan,nan,nan,nan,nan,nan,nan,-4.656577415599527300e-03,nan,-6.984866123399302226e-03,-2.700814901047727742e-02,-1.676367869615829134e-02,-1.164144353899880871e-02,nan,nan,nan,-2.537834691501743636e-02,-2.211874272409775077e-02,nan,nan,nan,nan,nan,nan,nan,nan,nan,nan,nan,0.000000000000000000e+00,nan,nan,nan
nan,nan,-2.449888641425346323e-03,nan,nan,nan,nan,1.113585746102450057e-02,nan,nan,nan,nan,nan,2.220446049250313204e-17,nan,nan,-1.336302895322938333e-03,1.358574610244993666e-02,nan,nan,nan,nan,-8.908685968819441076e-04,nan,1.113585746102454567e-02,9.576837416481076559e-03,nan,-3.786191536748306774e-03,nan,nan,nan,nan,nan,nan,nan,3.340757238307379227e-03,nan,nan,nan,nan,nan,nan,nan,nan,nan,nan,nan,nan,nan,nan,nan,nan,nan,nan,nan,nan,nan,nan,nan,nan,nan,nan,nan,nan,nan
nan,nan,nan,nan,nan,nan,nan,nan,nan,nan,nan,-3.959955506117909113e-02,nan,nan,nan,1.090100111234701928e-02,nan,nan,nan,nan,nan,nan,nan,nan,nan,nan,nan,nan,nan,-8.320355951056732091e-02,-2.402669632925475904e-02,nan,nan,-1.779755283648532015e-03,-4.182424916573972140e-02,nan,nan,nan,nan,nan,nan,nan,2.424916573971078876e-02,-3.403781979977756056e-02,nan,nan,nan,2.002224694104559610e-02,nan,nan,nan,nan,nan,nan,nan,nan,nan,nan,nan,nan,2.157953281423803313e-02,nan,nan,nan,nan
nan,nan,nan,nan,nan,nan,nan,nan,nan,nan,nan,nan,nan,nan,nan,nan,nan,nan,-7.459207459207473079e-03,nan,nan,nan,nan,-2.424242424242426669e-02,nan,nan,-5.594405594405604809e-03,-2.494172494172495341e-02,-1.608391608391608260e-02,nan,-1.118881118881118707e-02,-2.377622377622381350e-02,nan,-2.167832167832168741e-02,nan,nan,nan,nan,nan,nan,-1.282051282051284088e-02,nan,nan,nan,nan,nan,nan,nan,nan,nan,nan,nan,nan,nan,nan,nan,nan,nan,nan,nan,nan,nan,nan,nan,3.030303030303027698e-03
nan,nan,-1.696832579185514334e-02,nan,nan,nan,nan,nan,nan,nan,nan,nan,nan,-2.963800904977369546e-02,nan,nan,-3.099547511312212775e-02,5.203619909502332427e-03,nan,nan,nan,nan,-2.579185520361983869e-02,nan,nan,2.714932126696889721e-03,nan,nan,5.656108597285158801e-03,nan,nan,nan,nan,nan,nan,-2.330316742081439685e-02,nan,nan,nan,nan,-1.266968325791850702e-02,nan,nan,nan,nan,nan,nan,nan,nan,nan,nan,nan,nan,nan,nan,nan,nan,nan,nan,nan,nan,nan,nan,nan,1.742081447963805818e-02
nan,nan,1.900452488687785074e-02,nan,nan,nan,nan,nan,nan,nan,nan,-1.085972850678729174e-02,nan,nan,9.728506787330348099e-03,1.081447963800905576e-01,nan,nan,nan,5.407239819004527881e-02,nan,nan,nan,nan,nan,nan,nan,nan,nan,1.402714932126702951e-02,nan,nan,nan,nan,7.262443438914030491e-02,nan,nan,nan,nan,nan,nan,nan,nan,nan,nan,nan,nan,1.398190045248869362e-01,nan,nan,1.610859728506787159e-01,nan,nan,1.617647058823529493e-01,nan,nan,nan,nan,nan,nan,nan,nan,nan,nan,nan
nan,nan,nan,nan,nan,nan,nan,1.363636363636366779e-03,nan,nan,nan,nan,nan,-7.727272727272738000e-03,nan,nan,-8.636363636363641669e-03,4.318181818181820834e-03,-1.477272727272727071e-02,nan,nan,nan,-1.318181818181816088e-02,nan,2.499999999999990945e-03,-1.090909090909089087e-02,nan,nan,nan,nan,nan,nan,nan,nan,nan,-1.181818181818181622e-02,nan,nan,nan,nan,nan,nan,nan,nan,nan,nan,nan,nan,nan,nan,nan,nan,nan,nan,nan,nan,nan,nan,nan,nan,nan,nan,nan,nan,-1.659090909090907978e-02
1.082949308755760606e-02,nan,-1.059907834101381230e-02,nan,nan,1.059907834101381230e-02,nan,-2.857142857142856013e-02,nan,nan,nan,nan,nan,nan,nan,3.456221198156672701e-03,nan,-4.262672811059906725e-02,nan,-8.525345622119817612e-03,-1.705069124423963522e-02,nan,nan,nan,-3.064516129032262073e-02,nan,nan,-3.732718894009216803e-02,nan,nan,nan,nan,nan,nan,nan,nan,nan,nan,nan,nan,nan,nan,nan,nan,nan,nan,nan,nan,nan,nan,nan,nan,nan,nan,nan,nan,nan,nan,nan,nan,nan,nan,nan,nan,nan
nan,nan,nan,nan,nan,nan,6.081081081081141267e-03,nan,nan,nan,3.378378378378443618e-03,nan,nan,nan,nan,nan,nan,nan,nan,nan,nan,nan,nan,nan,nan,nan,nan,nan,nan,nan,nan,nan,nan,nan,nan,nan,nan,nan,nan,2.252252252252562369e-04,nan,nan,-1.351351351351346396e-02,-6.981981981981921943e-03,1.576576576576593867e-03,nan,nan,nan,-1.441441441441437821e-02,-1.081081081081076631e-02,nan,nan,nan,-2.702702702702630862e-03,nan,nan,nan,nan,nan,nan,nan,0.000000000000000000e+00,nan,nan,nan
nan,nan,nan,nan,nan,nan,3.236994219653177574e-03,nan,nan,nan,3.236994219653155456e-03,nan,nan,nan,nan,nan,nan,nan,nan,nan,nan,nan,nan,nan,nan,nan,nan,nan,nan,nan,nan,nan,nan,nan,nan,nan,nan,nan,nan,nan,nan,nan,nan,nan,nan,nan,nan,nan,9.248554913294570806e-04,4.624277456646952553e-04,nan,nan,nan,-6.936416184971427651e-04,-7.167630057803497587e-03,-7.167630057803497587e-03,nan,-7.398843930635857005e-03,5.086705202312136187e-03,nan,nan,0.000000000000000000e+00,nan,nan,nan
nan,nan,-1.466821885913849322e-02,nan,nan,nan,nan,nan,nan,nan,nan,nan,nan,nan,nan,nan,nan,nan,-7.916181606519235442e-03,nan,nan,nan,nan,-2.095459837019788413e-02,nan,nan,-7.450523864959280110e-03,-2.258440046565770437e-02,-2.048894062863793053e-02,nan,-1.140861466821887528e-02,-2.351571594877761504e-02,nan,-2.467986030267750250e-02,nan,nan,nan,nan,nan,nan,nan,nan,nan,nan,nan,nan,nan,nan,nan,nan,nan,nan,nan,nan,nan,nan,nan,nan,nan,nan,nan,nan,nan,nan,-3.725261932479640055e-03
nan,nan,nan,nan,nan,nan,5.033707865168539353e-02,nan,nan,nan,nan,nan,nan,-2.719101123595506556e-02,nan,nan,-2.853932584269662856e-02,nan,nan,nan,4.921348314606741742e-02,nan,-1.146067415730338615e-02,nan,1.955056179775278499e-02,3.056179775280898347e-02,nan,nan,nan,3.370786516853963022e-03,-1.168539325842694529e-02,nan,nan,nan,nan,1.617977528089886707e-02,nan,nan,nan,nan,nan,nan,nan,nan,nan,nan,nan,nan,nan,nan,nan,nan,nan,nan,nan,nan,nan,nan,nan,nan,nan,nan,nan,nan,nan
nan,nan,nan,nan,nan,nan,nan,nan,nan,nan,nan,nan,nan,-2.896237172177877975e-02,nan,nan,-3.124287343215505913e-02,nan,nan,nan,nan,nan,-1.824401368301022813e-02,nan,nan,7.297605473204127335e-03,nan,nan,nan,nan,nan,nan,nan,nan,-1.459521094640816620e-02,-3.261117445838083995e-02,nan,nan,nan,nan,nan,nan,2.690992018244018485e-02,nan,nan,nan,nan,2.987457240592929913e-02,nan,3.033067274800458485e-02,nan,nan,nan,4.561003420753051213e-04,nan,nan,nan,nan,nan,nan,nan,nan,nan,nan,nan
nan,-3.274440518256775678e-02,-3.604240282685518271e-02,nan,nan,nan,nan,nan,nan,-7.420494699646648651e-02,nan,-5.159010600706716992e-02,nan,nan,-3.745583038869262221e-02,nan,nan,nan,nan,-6.360424028268574052e-03,nan,nan,nan,nan,nan,nan,nan,nan,nan,-2.826855123674916134e-02,nan,nan,nan,nan,-6.619552414605420210e-02,nan,nan,nan,nan,nan,nan,nan,nan,nan,nan,nan,nan,-1.648998822143703594e-02,nan,nan,-9.422850412249772706e-04,nan,nan,nan,nan,nan,nan,nan,nan,nan,nan,nan,nan,nan,nan
nan,nan,nan,nan,nan,nan,nan,1.495972382048338378e-02,nan,nan,nan,nan,nan,3.222094361334892996e-03,nan,nan,2.301495972382383516e-04,1.311852704257769967e-02,nan,nan,1.749136939010360534e-02,nan,2.301495972382072621e-03,nan,1.680092059838900198e-02,-2.761795166858438573e-03,4.440892098500626408e-17,nan,nan,nan,nan,nan,nan,nan,nan,4.602991944764545313e-04,nan,nan,nan,nan,nan,nan,nan,nan,nan,nan,nan,nan,nan,nan,nan,nan,nan,nan,nan,nan,nan,nan,nan,nan,nan,nan,nan,nan,nan
nan,nan,nan,nan,nan,nan,nan,4.132420091324200129e-02,nan,nan,nan,nan,nan,-1.826484018264817790e-03,nan,nan,-9.132420091324088950e-04,4.474885844748861807e-02,nan,nan,5.456621004566210992e-02,nan,2.283105022831133368e-04,nan,4.337899543378995887e-02,-3.881278538812771468e-03,nan,nan,nan,nan,nan,nan,nan,nan,nan,-1.598173515981748906e-03,nan,nan,nan,nan,3.424657534246566912e-03,nan,nan,nan,nan,nan,nan,nan,nan,nan,nan,nan,nan,nan,nan,nan,nan,nan,nan,nan,nan,nan,nan,nan,nan
nan,nan,-9.392898052691944777e-03,nan,nan,nan,nan,nan,nan,nan,nan,nan,nan,nan,nan,nan,nan,nan,6.185567010309256375e-03,nan,nan,nan,nan,-1.260022909507452216e-02,nan,nan,6.872852233676507005e-04,-1.489117983963350600e-02,-1.420389461626581085e-02,nan,nan,-1.855670103092788015e-02,nan,-1.580756013745709954e-02,nan,nan,nan,nan,nan,nan,-8.705612829324249624e-03,nan,nan,nan,nan,nan,nan,nan,nan,nan,nan,nan,nan,nan,nan,nan,nan,nan,nan,nan,nan,nan,nan,nan,4.581901489117967685e-04
nan,nan,-6.531531531531520329e-03,nan,nan,nan,nan,nan,nan,nan,nan,nan,nan,nan,nan,nan,nan,nan,-1.351351351351359666e-03,nan,nan,nan,nan,-9.234234234234195426e-03,nan,nan,-5.855855855855862831e-03,-1.126126126126125726e-02,-1.013513513513510968e-02,nan,nan,-1.509009009009007994e-02,nan,-1.711711711711711922e-02,nan,nan,nan,nan,nan,nan,-4.054054054054056881e-03,nan,nan,nan,nan,nan,nan,nan,nan,nan,nan,nan,nan,nan,nan,nan,nan,nan,nan,nan,nan,nan,nan,nan,-2.252252252252251365e-03
nan,nan,nan,nan,nan,nan,nan,nan,nan,nan,nan,nan,nan,nan,nan,nan,nan,nan,9.259259259259300812e-04,nan,nan,nan,nan,-1.250000000000002151e-02,nan,nan,-1.851851851851815710e-03,-9.722222222222187682e-03,-4.861111111111093841e-03,nan,-5.787037037037002021e-03,-1.712962962962965088e-02,nan,-1.620370370370369933e-02,nan,nan,nan,nan,nan,nan,-1.064814814814813923e-02,nan,nan,nan,nan,nan,nan,nan,nan,nan,nan,nan,nan,nan,nan,nan,nan,nan,nan,nan,nan,nan,nan,nan,6.944444444444419773e-04
nan,nan,nan,nan,1.730103806228375923e-02,nan,5.305651672433682464e-02,nan,nan,nan,3.252595155709347985e-02,nan,nan,nan,nan,nan,nan,nan,nan,nan,nan,nan,nan,nan,nan,nan,nan,nan,nan,nan,nan,nan,nan,nan,nan,nan,nan,nan,nan,4.013840830449830893e-02,nan,nan,2.445213379469439799e-02,nan,2.606689734717420118e-02,nan,nan,nan,2.652825836216845395e-02,2.606689734717422199e-02,nan,nan,nan,-6.920415224913156315e-04,nan,nan,nan,nan,nan,nan,nan,0.000000000000000000e+00,nan,nan,nan
nan,nan,nan,nan,nan,nan,nan,nan,nan,nan,nan,nan,nan,-7.582938388625626476e-03,nan,nan,-8.056872037914697068e-03,nan,2.109004739336490727e-02,nan,nan,nan,-8.767772511848371045e-03,nan,nan,-1.113744075829388100e-02,2.014218009478672272e-02,nan,nan,nan,nan,nan,nan,nan,nan,-1.137440758293841760e-02,nan,nan,nan,nan,3.791469194312768569e-03,nan,1.611374407582934903e-02,nan,nan,nan,nan,nan,nan,nan,nan,nan,nan,nan,nan,nan,nan,nan,nan,nan,nan,nan,nan,nan,1.184834123222746650e-02
nan,nan,-2.612826603325413277e-02,nan,nan,nan,nan,nan,nan,nan,nan,nan,nan,-2.232779097387171952e-02,-1.496437054631829557e-02,nan,nan,nan,-2.969121140142516602e-02,nan,-1.448931116389551299e-02,nan,nan,nan,nan,-2.042755344418047819e-02,-2.826603325415675411e-02,nan,nan,nan,-2.090261282660332842e-02,nan,nan,nan,nan,nan,nan,nan,nan,nan,-1.211401425178151338e-02,nan,nan,nan,nan,nan,nan,nan,nan,nan,nan,nan,nan,nan,nan,nan,nan,nan,nan,nan,nan,nan,nan,nan,1.662707838479815558e-03
nan,nan,-1.140861466821885273e-02,nan,nan,nan,nan,nan,nan,nan,nan,nan,nan,nan,nan,nan,nan,nan,-8.847497089639144371e-03,nan,nan,nan,nan,-2.537834691501743636e-02,nan,nan,-8.381839348079168223e-03,-2.188591385331777397e-02,-2.118742724097784011e-02,nan,-1.047729918509896462e-02,-2.328288707799763824e-02,nan,-2.002328288707795265e-02,nan,nan,nan,nan,nan,nan,nan,nan,nan,nan,nan,nan,nan,nan,nan,nan,nan,nan,nan,nan,nan,nan,nan,nan,nan,nan,nan,nan,nan,nan,-2.793946449359729824e-03
nan,nan,nan,nan,nan,nan,4.988764044943820586e-02,nan,nan,nan,nan,nan,nan,-2.651685393258427365e-02,nan,nan,-2.651685393258429446e-02,nan,nan,nan,5.438202247191011030e-02,nan,-1.370786516853934531e-02,nan,5.797752808988765327e-02,1.842696629213482623e-02,nan,nan,nan,2.696629213483148126e-03,-1.348314606741574107e-02,nan,nan,nan,nan,-2.044943820224720543e-02,nan,nan,nan,nan,nan,nan,nan,nan,nan,nan,nan,nan,nan,nan,nan,nan,nan,nan,nan,nan,nan,nan,nan,nan,nan,nan,nan,nan,nan
nan,nan,nan,nan,nan,nan,nan,nan,nan,nan,nan,nan,nan,-3.603192702394523994e-02,nan,nan,-3.147092360319270199e-02,nan,nan,nan,nan,nan,-1.664766248574682875e-02,nan,nan,5.245153933865487339e-03,nan,nan,nan,nan,nan,nan,nan,nan,-1.117445838084378876e-02,-2.896237172177877975e-02,nan,nan,nan,nan,nan,nan,2.440136830102625914e-02,nan,nan,nan,nan,3.033067274800458485e-02,nan,3.397947548460662770e-02,nan,nan,nan,1.824401368301042893e-03,nan,nan,nan,nan,nan,nan,nan,nan,nan,nan,nan
nan,-2.968197879858662860e-02,-3.533568904593644561e-02,nan,nan,nan,nan,nan,nan,-6.030624263839814286e-02,nan,-5.394581861012959223e-02,nan,nan,-3.816254416961135931e-02,nan,nan,nan,nan,-4.475853945818686515e-03,nan,nan,nan,nan,nan,nan,nan,nan,nan,-2.756183745583042771e-02,nan,nan,nan,nan,-5.606595995288578965e-02,nan,nan,nan,nan,nan,nan,nan,nan,nan,nan,nan,nan,-1.460541813898705819e-02,nan,nan,-2.944640753828033780e-02,nan,nan,nan,nan,nan,nan,nan,nan,nan,nan,nan,nan,nan,nan
nan,nan,nan,nan,nan,nan,nan,1.749136939010360534e-02,nan,nan,nan,nan,nan,1.380897583429252463e-03,nan,nan,4.602991944764323051e-04,1.518987341772155483e-02,nan,nan,2.002301495972387199e-02,nan,1.841196777905662650e-03,nan,1.634062140391256968e-02,-3.682393555811258514e-03,9.205983889528423841e-04,nan,nan,nan,nan,nan,nan,nan,nan,2.991944764096676843e-03,nan,nan,nan,nan,nan,nan,nan,nan,nan,nan,nan,nan,nan,nan,nan,nan,nan,nan,nan,nan,nan,nan,nan,nan,nan,nan,nan,nan,nan
nan,nan,nan,nan,nan,nan,nan,3.881278538812786560e-02,nan,nan,nan,nan,nan,2.283105022830911378e-04,nan,nan,-2.283105022831044464e-03,4.543378995433790951e-02,nan,nan,5.547945205479452163e-02,nan,9.132420091324311212e-04,nan,4.132420091324204986e-02,-8.219178082191769610e-03,nan,nan,nan,nan,nan,nan,nan,nan,nan,-1.369863013698613451e-03,nan,nan,nan,nan,4.566210045662133163e-03,nan,nan,nan,nan,nan,nan,nan,nan,nan,nan,nan,nan,nan,nan,nan,nan,nan,nan,nan,nan,nan,nan,nan,nan
nan,nan,-1.008018327605963993e-02,nan,nan,nan,nan,nan,nan,nan,nan,nan,nan,nan,nan,nan,nan,nan,5.727376861397459606e-03,nan,nan,nan,nan,-1.168384879725092862e-02,nan,nan,-4.581901489118189947e-04,-1.741122565864838823e-02,-1.305841924398631893e-02,nan,nan,-1.534936998854530277e-02,nan,-1.443298969072170923e-02,nan,nan,nan,nan,nan,nan,-9.163802978236046393e-03,nan,nan,nan,nan,nan,nan,nan,nan,nan,nan,nan,nan,nan,nan,nan,nan,nan,nan,nan,nan,nan,nan,nan,1.145475372279491921e-03
nan,nan,-8.333333333333348830e-03,nan,nan,nan,nan,nan,nan,nan,nan,nan,nan,nan,nan,nan,nan,nan,-2.027027027027017599e-03,nan,nan,nan,nan,-1.126126126126125726e-02,nan,nan,-2.477477477477485566e-03,-1.396396396396393236e-02,-1.148648648648651314e-02,nan,nan,-1.486486486486484661e-02,nan,-1.396396396396395491e-02,nan,nan,nan,nan,nan,nan,-6.531531531531542881e-03,nan,nan,nan,nan,nan,nan,nan,nan,nan,nan,nan,nan,nan,nan,nan,nan,nan,nan,nan,nan,nan,nan,nan,-2.252252252252118117e-04
nan,nan,nan,nan,nan,nan,nan,nan,nan,nan,nan,nan,nan,nan,nan,nan,nan,nan,-2.220446049250313204e-17,nan,nan,nan,nan,-1.064814814814813923e-02,nan,nan,-4.629629629629760995e-04,-1.226851851851851194e-02,-7.407407407407395547e-03,nan,-3.240740740740721999e-03,-1.712962962962962660e-02,nan,-1.458333333333332663e-02,nan,nan,nan,nan,nan,nan,-7.638888888888861750e-03,nan,nan,nan,nan,nan,nan,nan,nan,nan,nan,nan,nan,nan,nan,nan,nan,nan,nan,nan,nan,nan,nan,nan,0.000000000000000000e+00
nan,nan,nan,nan,5.467128027681662783e-02,nan,4.475201845444063548e-02,nan,nan,nan,3.414071510957328304e-02,nan,nan,nan,nan,nan,nan,nan,nan,nan,nan,nan,nan,nan,nan,nan,nan,nan,nan,nan,nan,nan,nan,nan,nan,nan,nan,nan,nan,5.374855824682815697e-02,nan,nan,1.960784313725494332e-02,nan,-3.229527104959606376e-03,nan,nan,nan,-1.061130334486732815e-02,1.084198385236450138e-02,nan,nan,nan,-1.384083044982653598e-03,nan,nan,nan,nan,nan,nan,nan,0.000000000000000000e+00,nan,nan,nan
nan,nan,nan,nan,nan,nan,nan,nan,nan,nan,nan,nan,nan,-1.042654028436020876e-02,nan,nan,-1.042654028436023131e-02,nan,1.848341232227486072e-02,nan,nan,nan,-9.241706161137463321e-03,nan,nan,-8.056872037914742171e-03,2.180094786729858125e-02,nan,nan,nan,nan,nan,nan,nan,nan,-9.004739336492905907e-03,nan,nan,nan,nan,3.554502369668233273e-03,nan,1.635071090047388737e-02,nan,nan,nan,nan,nan,nan,nan,nan,nan,nan,nan,nan,nan,nan,nan,nan,nan,nan,nan,nan,nan,1.255924170616111793e-02
nan,nan,-2.755344418052254468e-02,nan,nan,nan,nan,nan,nan,nan,nan,nan,nan,-2.232779097387169870e-02,-1.425178147268408788e-02,nan,nan,nan,-2.612826603325413277e-02,nan,-1.092636579572450230e-02,nan,nan,nan,nan,-1.757719714964367519e-02,-2.992874109263656685e-02,nan,nan,nan,-2.755344418052254468e-02,nan,nan,nan,nan,nan,nan,nan,nan,nan,-1.211401425178146828e-02,nan,nan,nan,nan,nan,nan,nan,nan,nan,nan,nan,nan,nan,nan,nan,nan,nan,nan,nan,nan,nan,nan,nan,-2.375296912114022109e-04
nan,4.167636786961577411e-02,nan,nan,nan,nan,nan,nan,nan,5.820721769499370528e-03,nan,nan,nan,-2.537834691501750228e-02,nan,nan,-2.328288707799770416e-02,nan,nan,nan,nan,nan,-2.747380675203725531e-02,nan,-6.984866123399324561e-04,-3.003492433061698622e-02,nan,nan,nan,nan,nan,nan,nan,nan,nan,-2.630966239813738866e-02,nan,nan,nan,nan,nan,nan,nan,nan,nan,3.632130384167638060e-02,3.701979045401628671e-02,nan,nan,nan,nan,nan,nan,nan,nan,nan,nan,nan,nan,nan,nan,nan,nan,nan,nan
nan,nan,nan,nan,nan,nan,nan,-2.017937219730914049e-03,nan,nan,nan,nan,nan,-6.726457399103091643e-03,nan,nan,-6.950672645739874519e-03,-5.156950672645699112e-03,nan,nan,nan,nan,-1.569506726457392531e-03,nan,-4.484304932735394718e-03,8.968609865471100385e-04,nan,-6.278026905829570126e-03,nan,nan,nan,nan,nan,nan,nan,-5.605381165919287416e-03,nan,nan,nan,nan,nan,nan,nan,nan,nan,nan,nan,nan,nan,nan,nan,nan,nan,nan,nan,nan,nan,nan,nan,nan,nan,nan,nan,nan,-8.968609865470655862e-04
nan,nan,nan,nan,nan,nan,nan,nan,nan,nan,-2.974828375286064919e-03,nan,nan,nan,nan,nan,nan,nan,nan,nan,nan,nan,nan,nan,nan,nan,nan,nan,nan,nan,nan,nan,nan,nan,nan,nan,nan,nan,nan,nan,nan,nan,nan,nan,nan,nan,nan,nan,8.695652173913015828e-03,nan,nan,nan,nan,nan,6.864988558352424879e-03,9.839816933638423010e-03,1.647597254004578085e-02,8.237986270022878282e-03,4.370709382151029970e-02,nan,1.739130434782609758e-02,0.000000000000000000e+00,nan,1.739130434782607676e-02,nan
nan,nan,nan,nan,nan,nan,nan,nan,nan,nan,nan,nan,nan,-3.548387096774194976e-02,-2.534562211981563479e-02,nan,-3.433179723502303993e-02,nan,nan,2.304147465437789317e-03,nan,nan,-2.764976958525344752e-02,2.304147465437944684e-04,nan,-3.502304147465433448e-02,nan,nan,nan,nan,-2.465437788018431942e-02,nan,nan,2.304147465437944684e-04,nan,-3.571428571428571924e-02,nan,nan,nan,nan,nan,nan,nan,nan,nan,nan,nan,nan,nan,nan,nan,nan,nan,nan,nan,nan,nan,nan,nan,nan,nan,nan,nan,nan,nan
nan,nan,nan,nan,nan,nan,nan,nan,nan,nan,nan,-7.209302325581323952e-03,nan,nan,nan,nan,nan,nan,nan,nan,nan,nan,nan,nan,nan,nan,nan,nan,nan,-2.255813953488368037e-02,nan,nan,nan,nan,6.661338147750938996e-17,nan,nan,nan,nan,-6.976744186046457755e-03,nan,nan,-9.767441860465053347e-03,-1.069767441860458579e-02,-1.441860465116273637e-02,nan,nan,-3.488372093023173366e-03,nan,nan,1.162790697674464992e-03,nan,nan,9.302325581395986870e-04,nan,nan,nan,nan,nan,nan,nan,nan,nan,nan,nan
nan,nan,nan,nan,nan,nan,nan,nan,nan,nan,nan,nan,nan,nan,-1.376146788990828583e-03,nan,nan,nan,nan,1.376146788990806249e-03,nan,nan,nan,nan,nan,nan,nan,nan,nan,nan,nan,nan,nan,nan,nan,nan,nan,nan,nan,nan,nan,nan,2.293577981651329003e-03,nan,nan,nan,nan,nan,nan,nan,nan,nan,nan,nan,2.522935779816481809e-03,2.293577981651351121e-03,3.211009174311918544e-03,2.981651376146765738e-03,1.513761467889906953e-02,nan,2.981651376146743186e-03,nan,nan,2.752293577981612498e-03,nan
nan,nan,nan,nan,-9.813084112149539351e-03,nan,nan,nan,nan,nan,-6.308411214953268606e-03,nan,nan,nan,-7.242990654205594576e-03,nan,nan,nan,nan,nan,nan,nan,nan,nan,nan,nan,nan,nan,nan,nan,nan,nan,nan,nan,nan,nan,nan,nan,nan,-7.476635514018670214e-03,nan,nan,-3.200934579439249777e-02,-2.196261682242990274e-02,-1.401869158878503788e-02,nan,nan,nan,-1.962616822429905789e-02,-1.378504672897193882e-02,nan,nan,nan,nan,nan,nan,nan,nan,nan,nan,nan,0.000000000000000000e+00,nan,nan,nan
nan,nan,nan,nan,1.807909604519752954e-03,nan,-1.129943502824870506e-03,nan,nan,nan,nan,nan,nan,nan,nan,7.909604519773983169e-03,nan,nan,nan,nan,nan,nan,nan,nan,nan,nan,nan,nan,nan,nan,nan,nan,nan,nan,nan,nan,nan,nan,nan,nan,nan,nan,2.485875706214657303e-03,nan,nan,nan,nan,nan,nan,nan,nan,nan,nan,nan,-7.005649717514139327e-03,-1.220338983050850423e-02,-1.333333333333337409e-02,-1.107344632768363438e-02,-1.807909604519819524e-03,nan,nan,nan,nan,-8.587570621468976206e-03,nan
nan,nan,nan,nan,nan,nan,nan,-2.821948488241881117e-02,nan,nan,nan,nan,nan,-4.255319148936176354e-03,nan,nan,nan,-2.396416573348263482e-02,nan,-2.911534154535288989e-03,-1.209406494960805177e-02,nan,-5.375139977603571144e-03,nan,-2.374020156774916263e-02,-5.375139977603593695e-03,nan,nan,nan,nan,nan,nan,nan,-5.823068309070533743e-03,nan,nan,nan,nan,nan,nan,-1.791713325867849748e-03,nan,nan,nan,nan,nan,nan,nan,nan,nan,nan,nan,nan,nan,nan,nan,nan,nan,nan,nan,nan,nan,nan,nan,nan
nan,nan,-9.778812572759055036e-03,nan,nan,nan,nan,nan,nan,nan,nan,nan,nan,nan,nan,nan,nan,nan,-9.080325960419122905e-03,nan,nan,nan,nan,-1.816065192083824581e-02,nan,nan,-8.614668218859167573e-03,nan,-1.327124563445871742e-02,nan,-9.313154831199099704e-03,-1.653084982537840128e-02,nan,-1.559953434225849235e-02,nan,nan,nan,nan,nan,nan,-1.559953434225849235e-02,nan,nan,nan,nan,nan,nan,nan,nan,nan,nan,nan,nan,nan,nan,nan,nan,nan,nan,nan,nan,nan,nan,nan,-2.328288707799775034e-04
nan,nan,nan,nan,nan,nan,nan,4.151785714285712026e-02,nan,nan,nan,nan,nan,-2.678571428571441173e-03,nan,nan,-2.008928571428580771e-03,3.883928571428574283e-02,nan,nan,5.022321428571428076e-02,nan,-3.794642857142882693e-03,nan,3.839285714285711748e-02,-4.464285714285742661e-03,nan,nan,nan,nan,nan,nan,nan,nan,nan,2.455357142857117654e-03,nan,nan,nan,nan,1.116071428571418968e-03,nan,nan,nan,nan,nan,nan,nan,nan,nan,nan,nan,nan,nan,nan,nan,nan,nan,nan,nan,nan,nan,nan,nan,nan
nan,nan,nan,nan,nan,nan,nan,nan,nan,nan,nan,-1.641266119577933225e-03,nan,-1.547479484173503936e-02,nan,nan,-1.758499413833527342e-02,nan,nan,nan,nan,nan,nan,nan,nan,nan,nan,nan,nan,2.579132473622511995e-02,nan,nan,nan,nan,3.282532239155933236e-03,-1.477139507620164362e-02,nan,nan,nan,nan,nan,nan,-2.203985932004686246e-02,-5.861664712778403077e-03,nan,nan,nan,1.055099648300119632e-02,nan,nan,-3.516998827667028142e-03,nan,nan,nan,nan,nan,nan,nan,nan,nan,nan,nan,nan,nan,nan
nan,nan,nan,nan,nan,nan,nan,-5.693950177935991168e-03,nan,nan,nan,nan,nan,4.033214709371279842e-03,nan,nan,6.405693950177915146e-03,-4.744958481613270607e-03,nan,nan,-4.744958481613270498e-04,nan,-2.135231316725971860e-03,nan,-4.270462633451943719e-03,-4.744958481613270498e-04,-1.897983392645308199e-03,nan,nan,nan,nan,nan,nan,nan,nan,6.405693950177915146e-03,nan,nan,nan,nan,nan,nan,nan,nan,nan,nan,nan,nan,nan,nan,nan,nan,nan,nan,nan,nan,nan,nan,nan,nan,nan,nan,nan,nan,nan
nan,nan,nan,nan,nan,nan,nan,nan,nan,nan,nan,nan,nan,nan,nan,nan,nan,nan,-2.279329608938553825e-02,nan,nan,nan,nan,-3.731843575418998527e-02,nan,nan,-1.787709497206706535e-02,-3.776536312849165800e-02,-3.374301675977657566e-02,nan,nan,-3.865921787709503121e-02,nan,-3.642458100558663286e-02,-7.597765363128505811e-03,nan,nan,nan,nan,nan,nan,nan,nan,-3.798882681564275023e-03,nan,nan,nan,-2.234636871508710598e-04,nan,nan,nan,nan,nan,nan,nan,nan,nan,nan,nan,nan,nan,nan,nan,nan,nan
nan,nan,nan,nan,nan,nan,nan,-1.383219954648522501e-02,nan,nan,nan,nan,nan,nan,nan,nan,nan,-7.029478458049864993e-03,-1.360544217687071830e-02,1.337868480725625843e-02,nan,nan,nan,-1.247165532879814832e-02,-2.267573696145097455e-03,nan,-1.043083900226753416e-02,nan,-1.269841269841265330e-02,nan,nan,nan,nan,nan,nan,nan,nan,nan,nan,nan,5.668934240362855093e-03,nan,nan,nan,nan,nan,nan,nan,nan,nan,nan,nan,nan,nan,nan,nan,nan,nan,nan,nan,nan,nan,nan,nan,-6.802721088435160091e-04
nan,nan,nan,nan,nan,5.910165484633611230e-03,nan,nan,nan,nan,nan,nan,nan,-3.309692671394796892e-02,nan,nan,-3.096926713947987381e-02,nan,nan,nan,nan,nan,-1.489361702127656173e-02,nan,nan,-1.654846335697368522e-03,nan,nan,nan,nan,nan,nan,nan,nan,nan,-2.411347517730490914e-02,nan,3.593380614657211425e-02,nan,nan,nan,2.695035460992909609e-02,nan,nan,nan,nan,nan,nan,nan,nan,nan,nan,nan,nan,nan,nan,nan,nan,nan,-5.744680851063825588e-02,nan,nan,-6.595744680851056696e-02,nan,nan
nan,nan,nan,-5.515643105446114969e-02,nan,nan,nan,nan,nan,nan,nan,nan,nan,nan,-3.012746234067176405e-03,nan,nan,nan,nan,nan,nan,-3.800695249130934400e-02,nan,nan,nan,nan,nan,nan,nan,nan,nan,nan,-5.191193511008107553e-02,nan,1.112398609501741298e-02,nan,nan,nan,nan,nan,nan,nan,nan,nan,nan,nan,nan,1.181923522595598221e-02,-5.770567786790263554e-02,-5.561993047508688448e-02,nan,nan,nan,1.390498261877226496e-03,nan,nan,nan,nan,nan,nan,nan,0.000000000000000000e+00,nan,nan,nan
nan,nan,nan,nan,nan,nan,nan,-2.255813953488368037e-02,nan,nan,nan,nan,-3.441860465116275414e-02,nan,nan,nan,nan,-1.953488372093019690e-02,nan,-1.209302325581391654e-02,nan,nan,nan,nan,-2.093023255813948255e-02,nan,nan,nan,nan,-4.325581395348834096e-02,nan,nan,nan,nan,nan,nan,-3.558139534883719701e-02,nan,nan,nan,nan,nan,nan,nan,nan,nan,-1.441860465116273637e-02,-1.209302325581391654e-02,nan,nan,-1.116279069767438584e-02,nan,nan,nan,nan,nan,nan,nan,nan,nan,nan,nan,nan,nan,nan
nan,nan,-9.142857142857164360e-03,nan,nan,nan,nan,nan,nan,nan,nan,nan,nan,nan,nan,nan,nan,nan,4.571428571428537077e-03,nan,nan,nan,nan,-1.622857142857146023e-02,nan,nan,1.599999999999956925e-03,-1.645714285714285768e-02,-9.600000000000007833e-03,nan,nan,-1.577142857142859247e-02,nan,-1.828571428571430443e-02,nan,nan,nan,nan,nan,nan,-6.400000000000005511e-03,nan,nan,nan,nan,nan,nan,nan,nan,nan,nan,nan,nan,nan,nan,nan,nan,nan,nan,nan,nan,nan,nan,nan,2.285714285714291090e-03
nan,nan,nan,nan,nan,nan,nan,nan,nan,nan,nan,-1.474654377880186759e-02,nan,nan,nan,nan,nan,nan,nan,nan,nan,nan,nan,nan,nan,nan,nan,nan,nan,-3.917050691244238977e-03,nan,nan,nan,nan,-6.912442396313389636e-03,nan,nan,nan,nan,nan,nan,nan,nan,nan,nan,nan,nan,-7.834101382488500506e-03,nan,nan,-4.608294930875600319e-03,nan,nan,-4.608294930875578635e-03,nan,nan,-1.543778801843318470e-02,nan,nan,nan,-1.543778801843322980e-02,0.000000000000000000e+00,nan,-1.405529953917050712e-02,nan
-3.751465416178256622e-03,nan,nan,nan,-2.110199296600279162e-03,nan,-7.737397420867564782e-03,nan,nan,nan,nan,nan,nan,nan,nan,2.321219226260253649e-02,nan,nan,nan,-7.268464243845284764e-03,nan,nan,nan,nan,nan,nan,nan,nan,nan,nan,nan,nan,nan,nan,nan,nan,nan,nan,nan,4.923798358733822225e-03,nan,nan,nan,nan,6.096131301289520535e-03,nan,nan,nan,-1.781946072684648108e-02,-1.383352872215712868e-02,nan,nan,nan,nan,nan,nan,nan,nan,nan,nan,nan,0.000000000000000000e+00,nan,nan,nan
nan,nan,-1.436848203939744550e-02,nan,nan,nan,nan,nan,nan,nan,nan,nan,nan,nan,nan,nan,nan,nan,-6.720741599072965408e-03,nan,nan,nan,nan,-2.410196987253760900e-02,nan,nan,-5.793742757821540926e-03,-2.804171494785627841e-02,-2.271147161066044973e-02,nan,-1.089223638470451262e-02,-2.711471610660482964e-02,nan,-2.711471610660485393e-02,nan,nan,nan,nan,nan,nan,nan,nan,nan,nan,nan,nan,nan,nan,nan,nan,nan,nan,nan,nan,nan,nan,nan,nan,nan,nan,nan,nan,nan,nan,1.853997682502917053e-03
nan,nan,-1.575898030127460478e-02,nan,nan,nan,nan,nan,nan,nan,nan,nan,nan,nan,nan,nan,nan,nan,-8.111239860950126418e-03,nan,nan,nan,nan,-2.387022016222477630e-02,nan,nan,-8.806488991888739015e-03,-2.387022016222477630e-02,-2.340672074159906232e-02,nan,-1.089223638470451262e-02,-2.665121668597911914e-02,nan,-2.387022016222477630e-02,nan,nan,nan,nan,nan,nan,nan,nan,nan,nan,nan,nan,nan,nan,nan,nan,nan,nan,nan,nan,nan,nan,nan,nan,nan,nan,nan,nan,nan,nan,4.440892098500626408e-17
nan,nan,nan,nan,nan,nan,nan,9.038238702201596003e-03,nan,nan,nan,nan,nan,-6.720741599073032195e-03,nan,nan,-8.806488991888804935e-03,1.019698725376592084e-02,nan,nan,nan,nan,-1.019698725376598850e-02,nan,1.066048667439163308e-02,-1.066048667439167819e-02,nan,-8.111239860950214889e-03,nan,nan,nan,nan,nan,nan,nan,-1.205098493626886001e-02,nan,nan,nan,nan,nan,nan,nan,nan,nan,nan,nan,nan,nan,nan,nan,nan,nan,nan,nan,nan,nan,nan,nan,nan,nan,nan,nan,nan,-4.866743916570159811e-03
nan,nan,nan,nan,nan,nan,nan,nan,nan,nan,nan,nan,nan,-3.340757238307345833e-02,nan,nan,-3.830734966592421603e-02,nan,nan,-2.672605790645787762e-03,nan,nan,-2.939866369710464333e-02,nan,nan,-2.984409799554559387e-02,nan,nan,nan,nan,nan,nan,nan,nan,nan,-3.273942093541197529e-02,nan,nan,nan,-8.240534521158072306e-03,nan,nan,-2.449888641425386135e-02,-1.648106904231621053e-02,-3.563474387527776430e-03,nan,nan,nan,nan,nan,nan,nan,nan,nan,nan,nan,nan,nan,nan,nan,nan,nan,nan,nan,nan
nan,nan,nan,nan,nan,nan,nan,-3.786191536748284656e-03,nan,nan,nan,nan,nan,-6.681514476614136555e-04,nan,nan,-4.899777282850759433e-03,-1.024498886414253532e-02,nan,nan,1.002227171492209301e-02,nan,-5.345211581291753333e-03,-7.795100222717121774e-03,-7.572383073496636099e-03,nan,nan,nan,-8.685968819599088758e-03,nan,nan,nan,nan,-1.069042316258348412e-02,nan,nan,nan,nan,nan,nan,nan,nan,nan,nan,nan,nan,nan,nan,nan,nan,nan,nan,nan,nan,nan,nan,nan,nan,nan,nan,nan,nan,nan,nan,nan
nan,nan,nan,nan,1.300448430493275111e-02,nan,5.246636771300450253e-02,nan,nan,nan,6.053811659192854036e-03,nan,nan,-3.116591928251115709e-02,nan,nan,-4.125560538116590514e-02,nan,nan,nan,nan,nan,-2.062780269058293175e-02,nan,nan,-2.937219730941698081e-02,nan,nan,nan,nan,nan,nan,nan,nan,nan,-3.183856502242148057e-02,nan,nan,nan,nan,nan,nan,2.511210762331841234e-02,nan,nan,nan,nan,nan,nan,nan,nan,nan,nan,nan,nan,nan,nan,nan,nan,nan,nan,0.000000000000000000e+00,nan,nan,nan
nan,nan,nan,nan,nan,nan,nan,1.822429906542053640e-02,nan,nan,nan,nan,nan,-2.196261682242990274e-02,nan,nan,-1.915887850467288406e-02,2.032710280373830475e-02,nan,nan,nan,nan,-2.336448598130837911e-02,nan,1.682242990654203574e-02,-2.453271028037382756e-02,nan,-4.205607476635541894e-03,nan,nan,nan,nan,nan,nan,nan,-2.266355140186915307e-02,nan,nan,nan,nan,-1.985981308411213092e-02,nan,nan,nan,nan,nan,nan,nan,nan,nan,nan,nan,nan,nan,nan,nan,nan,nan,nan,nan,nan,nan,nan,nan,nan
nan,nan,nan,nan,nan,nan,nan,nan,nan,nan,nan,nan,nan,-3.544600938967137210e-02,nan,nan,-3.286384976525824619e-02,nan,-4.178403755868546898e-02,nan,nan,nan,-3.755868544600941827e-02,nan,nan,nan,-3.896713615023474769e-02,nan,nan,nan,nan,-3.685446009389674316e-02,nan,nan,nan,nan,nan,nan,nan,nan,nan,nan,nan,nan,nan,nan,nan,nan,nan,nan,nan,nan,nan,nan,nan,nan,1.126760563380280189e-02,nan,nan,nan,9.859154929577406551e-03,nan,nan,1.009389671361498111e-02,-3.098591549295779540e-02
nan,nan,-3.575418994413359728e-03,nan,nan,nan,nan,nan,nan,nan,nan,nan,nan,nan,nan,nan,nan,nan,8.938547486033732170e-04,nan,nan,nan,nan,-8.044692737430136908e-03,nan,nan,-2.458100558659181804e-03,-1.184357541899436726e-02,-8.268156424580985417e-03,nan,nan,-1.653631284916197083e-02,nan,-1.117318435754186511e-02,nan,nan,nan,nan,nan,nan,-7.150837988826786243e-03,nan,nan,nan,nan,nan,nan,nan,nan,nan,nan,nan,nan,nan,nan,nan,nan,nan,nan,nan,nan,nan,nan,nan,6.033519553072652988e-03
nan,nan,-1.446907817969664799e-02,nan,nan,nan,nan,nan,nan,nan,nan,nan,nan,-2.333722287047845789e-02,nan,nan,-1.726954492415406703e-02,nan,nan,nan,nan,nan,-2.053675612602101630e-02,8.168028004667404404e-03,nan,-2.287047841306888429e-02,nan,3.267211201866948404e-03,3.267211201866948404e-03,nan,nan,nan,nan,nan,nan,-2.403733955659279747e-02,nan,nan,nan,nan,-1.633605600933491983e-02,nan,nan,nan,nan,nan,nan,nan,nan,nan,nan,nan,nan,nan,nan,nan,nan,nan,nan,nan,nan,nan,nan,nan,nan
nan,nan,nan,nan,nan,nan,nan,-1.142857142857112152e-03,nan,nan,nan,nan,nan,2.514285714285735378e-03,nan,nan,4.571428571428670542e-04,6.857142857142894954e-04,nan,nan,2.285714285714224412e-04,nan,-2.057142857142846368e-03,nan,-1.142857142857134269e-03,-4.342857142857137025e-03,nan,nan,nan,nan,nan,nan,nan,nan,nan,-9.142857142857118823e-04,nan,nan,nan,nan,nan,nan,-2.285714285714291090e-03,nan,nan,nan,nan,nan,nan,nan,nan,nan,nan,nan,nan,nan,nan,nan,nan,nan,nan,nan,nan,nan,nan
6.950672645739874519e-03,nan,8.968609865470433600e-04,nan,nan,nan,nan,2.062780269058295257e-02,nan,nan,nan,nan,nan,nan,nan,nan,nan,2.040358744394619311e-02,nan,nan,nan,nan,nan,6.726457399102824929e-04,1.434977578475333734e-02,nan,nan,-8.071748878923767218e-03,-3.139013452914807181e-03,nan,nan,-7.623318385650201465e-03,nan,-2.690582959641285663e-03,nan,nan,nan,nan,nan,nan,nan,nan,nan,nan,nan,nan,nan,nan,nan,nan,nan,nan,nan,nan,nan,nan,nan,nan,nan,nan,nan,nan,nan,nan,nan
nan,nan,nan,nan,nan,nan,nan,nan,nan,nan,nan,nan,nan,nan,nan,nan,nan,nan,-9.324009324009674199e-04,nan,7.226107226107170156e-03,nan,nan,-8.391608391608417622e-03,nan,nan,1.165501165501114976e-03,nan,-5.361305361305412909e-03,nan,5.361305361305301886e-03,-1.118881118881125472e-02,nan,-1.025641025641030844e-02,nan,nan,nan,nan,nan,nan,1.165501165501114976e-03,nan,nan,nan,nan,nan,nan,nan,nan,nan,nan,nan,nan,nan,nan,nan,nan,nan,nan,nan,nan,nan,nan,nan,4.195804195804142891e-03
nan,nan,-7.167630057803475903e-03,nan,nan,nan,nan,nan,nan,nan,nan,nan,nan,nan,nan,nan,nan,nan,1.849710982658914161e-03,nan,nan,nan,nan,-1.502890173410407169e-02,nan,nan,-6.936416184971427651e-04,-1.317919075144509053e-02,-1.317919075144509053e-02,nan,-6.705202312138757934e-03,-1.502890173410407169e-02,nan,-1.387283236994221215e-02,nan,nan,nan,nan,nan,nan,nan,nan,nan,nan,nan,nan,nan,nan,nan,nan,nan,nan,nan,nan,nan,nan,nan,nan,nan,nan,nan,nan,nan,nan,4.624277456646952553e-04
nan,nan,nan,nan,nan,nan,nan,nan,nan,nan,nan,nan,nan,nan,1.589861751152075314e-02,nan,nan,nan,nan,1.912442396313365073e-02,nan,nan,nan,1.981566820276496957e-02,nan,nan,nan,-4.654377880184330796e-02,-4.608294930875556084e-03,nan,nan,-3.156682027649766742e-02,nan,-5.299539170506894874e-03,nan,nan,nan,nan,nan,nan,nan,nan,6.589861751152074898e-02,nan,nan,nan,nan,1.023041474654378113e-01,nan,nan,nan,nan,nan,1.184331797235023548e-01,nan,nan,nan,nan,nan,nan,nan,nan,nan,nan,nan
nan,nan,nan,nan,nan,nan,-4.095563139931712900e-03,nan,nan,nan,1.365187713310622719e-03,nan,nan,-3.071672354948802239e-02,nan,nan,-2.912400455062564772e-02,nan,nan,nan,nan,nan,-2.161547212741745522e-02,nan,nan,-1.911262798634807275e-02,nan,nan,nan,nan,nan,nan,nan,nan,nan,-2.434584755403861392e-02,nan,nan,nan,nan,nan,nan,nan,nan,nan,nan,nan,nan,-7.736063708759899349e-03,-6.143344709897568916e-03,nan,nan,nan,nan,nan,nan,nan,nan,nan,nan,nan,0.000000000000000000e+00,nan,nan,nan
nan,nan,nan,nan,nan,nan,nan,nan,nan,nan,nan,8.391608391608374254e-03,nan,-2.517482517482518695e-02,-2.331002331002363093e-03,nan,-2.424242424242426669e-02,nan,nan,nan,nan,nan,-1.771561771561773815e-02,nan,nan,-2.727272727272731651e-02,nan,nan,nan,1.048951048951045698e-02,nan,nan,nan,nan,nan,-2.983682983682984721e-02,nan,nan,nan,nan,nan,nan,-2.494172494172497423e-02,-3.729603729603758657e-03,nan,nan,nan,nan,nan,nan,nan,nan,nan,nan,nan,nan,nan,nan,nan,nan,nan,nan,nan,nan,nan
nan,nan,nan,nan,nan,nan,nan,nan,nan,nan,nan,nan,nan,-1.890315052508748789e-02,nan,nan,-1.843640606767793511e-02,nan,nan,nan,nan,nan,-1.586931155192530113e-02,nan,nan,-3.967327887981308802e-03,-8.168028004667426956e-03,nan,nan,nan,-1.516919486581096502e-02,-8.634772462077000554e-03,nan,-7.701283547257875908e-03,nan,-2.193698949824969199e-02,nan,nan,nan,nan,nan,nan,nan,nan,nan,nan,nan,nan,nan,nan,nan,nan,nan,nan,nan,nan,nan,nan,nan,nan,nan,nan,nan,nan,-3.500583430571735204e-03
nan,nan,nan,nan,3.118040089086871001e-03,nan,7.349665924276172109e-03,nan,nan,nan,-4.454342984409764665e-03,2.449888641425412676e-03,nan,nan,nan,nan,nan,nan,nan,nan,nan,nan,nan,nan,nan,nan,nan,nan,nan,nan,nan,nan,nan,nan,nan,nan,nan,nan,nan,2.004454342984412010e-02,nan,nan,6.013363028953278011e-03,nan,-1.113585746102407990e-03,nan,nan,nan,1.781737193763954785e-03,-1.113585746102430107e-03,nan,nan,nan,nan,nan,nan,nan,nan,nan,nan,nan,0.000000000000000000e+00,nan,nan,nan
nan,nan,nan,nan,nan,nan,3.236994219653181737e-02,nan,nan,nan,3.398843930635839922e-02,nan,nan,nan,nan,nan,nan,nan,nan,nan,nan,nan,nan,nan,nan,nan,nan,nan,nan,nan,nan,nan,nan,nan,nan,nan,nan,nan,nan,1.341040462427749505e-02,nan,nan,nan,3.491329479768787852e-02,-2.080924855491295047e-03,nan,nan,nan,1.618497109826599846e-03,5.780346820809256943e-03,nan,nan,nan,-8.786127167630053414e-03,nan,nan,nan,nan,7.375722543352600247e-02,nan,nan,0.000000000000000000e+00,nan,nan,nan
nan,-1.565017261219796632e-02,nan,nan,nan,nan,nan,nan,nan,6.904487917146107274e-03,nan,3.682393555811258514e-03,nan,nan,nan,nan,nan,nan,nan,nan,nan,nan,nan,-2.163406214039131914e-02,nan,nan,nan,nan,-2.140391254315310299e-02,nan,-7.364787111622583815e-03,-1.518987341772155483e-02,nan,-1.956271576524743969e-02,nan,nan,nan,nan,nan,nan,nan,nan,nan,nan,nan,nan,-5.293440736478749464e-03,2.761795166858438573e-03,nan,nan,nan,nan,nan,nan,nan,nan,nan,nan,nan,nan,nan,nan,nan,nan,nan
nan,nan,nan,nan,nan,nan,nan,nan,nan,nan,nan,-1.387283236994241078e-03,nan,nan,nan,nan,nan,nan,1.780346820809244196e-02,nan,nan,nan,nan,nan,nan,nan,2.890173410404619364e-02,nan,nan,nan,nan,nan,nan,nan,2.473988439306353676e-02,nan,nan,nan,nan,nan,nan,5.156069364161845747e-02,nan,nan,nan,nan,3.075144508670515225e-02,4.624277456647394452e-02,nan,nan,6.982658959537565990e-02,nan,nan,7.052023121387274163e-02,nan,nan,nan,nan,nan,nan,nan,nan,nan,nan,4.323699421965314371e-02
nan,nan,nan,nan,nan,nan,nan,nan,nan,nan,nan,nan,nan,-1.668653158522048763e-03,1.573301549463645976e-02,nan,-3.480333730631703787e-02,nan,nan,7.651966626936826388e-02,nan,nan,-1.620977353992847370e-02,nan,nan,3.551847437425505877e-02,nan,nan,nan,nan,nan,nan,nan,nan,nan,-2.622169249106076627e-02,nan,nan,nan,nan,nan,nan,7.294398092967817326e-02,2.383790226460069661e-04,nan,nan,nan,4.648390941597135839e-02,nan,nan,nan,nan,nan,nan,nan,nan,nan,nan,nan,nan,nan,nan,nan,nan,nan
nan,nan,nan,nan,nan,nan,nan,nan,nan,nan,nan,nan,nan,-3.995633187772924810e-02,nan,nan,-4.104803493449782348e-02,nan,-1.310043668122240577e-03,nan,nan,nan,-3.493449781659385689e-02,nan,nan,-3.733624454148469496e-02,-2.620087336244525389e-03,nan,nan,nan,-3.013100436681219810e-02,nan,nan,nan,nan,-4.170305676855892013e-02,nan,nan,nan,nan,-2.772925764192135656e-02,nan,nan,nan,nan,nan,nan,nan,nan,nan,nan,nan,nan,nan,nan,nan,nan,nan,nan,nan,nan,nan,nan,nan,2.401746724890840672e-03
nan,nan,nan,nan,8.771929824561653039e-04,nan,nan,nan,nan,nan,nan,-3.728070175438591601e-03,nan,nan,-1.118421052631577393e-02,nan,nan,nan,nan,nan,nan,nan,nan,nan,nan,nan,nan,nan,nan,nan,nan,nan,nan,nan,nan,nan,nan,nan,nan,-2.631578947368384998e-03,nan,nan,-1.140350877192981491e-02,-6.578947368421040123e-03,8.771929824561653039e-04,nan,nan,nan,-1.293859649122806009e-02,-7.456140350877183201e-03,nan,nan,nan,nan,nan,nan,nan,nan,nan,nan,nan,0.000000000000000000e+00,nan,nan,nan
nan,nan,nan,nan,nan,nan,nan,nan,nan,nan,nan,nan,nan,nan,nan,nan,nan,nan,-6.271777003484335297e-03,nan,nan,nan,nan,-1.533101045296167940e-02,nan,nan,-6.504065040650419509e-03,-1.835075493612081665e-02,-1.393728222996517586e-02,nan,-1.858304297328694510e-03,-1.951219512195123684e-02,nan,-1.904761904761907015e-02,nan,nan,nan,nan,nan,nan,-6.504065040650442060e-03,nan,nan,nan,nan,nan,nan,nan,nan,nan,nan,nan,nan,nan,nan,nan,nan,nan,nan,nan,nan,nan,nan,nan,1.393728222996504186e-03
nan,nan,nan,nan,nan,nan,nan,4.157043879907629420e-03,nan,nan,nan,nan,nan,nan,nan,nan,nan,3.464203233256335588e-03,nan,1.986143187066975388e-02,nan,nan,nan,-8.314087759815236289e-03,1.616628175519618750e-03,nan,nan,nan,-1.570438799076212533e-02,nan,nan,-1.200923787528867040e-02,nan,-5.542725173210150298e-03,nan,nan,nan,nan,nan,nan,-9.237875288683694780e-04,nan,nan,nan,nan,nan,nan,nan,nan,nan,nan,nan,nan,nan,nan,nan,nan,nan,nan,nan,nan,nan,nan,nan,6.928406466512937239e-04
nan,nan,nan,1.141552511415477780e-03,nan,nan,nan,nan,nan,nan,nan,nan,nan,-1.027397260273976709e-02,nan,nan,-7.305936073059404734e-03,nan,nan,nan,nan,-2.511415525114202470e-03,-1.575342465753428595e-02,nan,nan,-1.506849315068494767e-02,nan,nan,nan,nan,nan,nan,2.283105022831000228e-03,nan,nan,-3.424657534246611148e-03,nan,nan,nan,nan,nan,nan,-8.675799086758039652e-03,nan,nan,nan,nan,nan,nan,nan,-3.515981735159821181e-02,nan,nan,nan,nan,nan,nan,nan,nan,nan,nan,nan,nan,nan,nan
nan,nan,nan,-3.444316877152697916e-03,nan,nan,nan,-2.158438576349026514e-02,nan,nan,nan,nan,nan,nan,nan,nan,nan,nan,nan,-4.822043628013772745e-03,nan,-1.515499425947186563e-02,nan,nan,nan,nan,nan,nan,nan,nan,nan,nan,-1.194029850746267628e-02,-2.296211251435129747e-02,-1.102181400688864200e-02,nan,nan,nan,nan,nan,nan,nan,nan,nan,nan,nan,nan,2.824339839265208735e-02,nan,nan,7.876004592422503059e-02,nan,nan,7.898966704936852268e-02,nan,nan,nan,nan,nan,nan,nan,nan,nan,nan,nan
nan,-2.827822120866589975e-02,nan,nan,nan,nan,nan,nan,nan,2.052451539338662114e-03,nan,-1.026225769669324508e-02,nan,nan,nan,nan,nan,nan,nan,nan,nan,nan,nan,nan,nan,nan,nan,nan,nan,1.117445838084378876e-02,nan,nan,nan,nan,5.017103762827846217e-03,nan,nan,nan,nan,nan,nan,nan,nan,nan,nan,-1.185860889395664620e-02,-1.459521094640820957e-02,1.345496009122006988e-02,nan,nan,8.187001140250856068e-02,nan,nan,8.164196123147096640e-02,nan,nan,nan,nan,nan,nan,nan,nan,nan,nan,nan
nan,nan,nan,nan,nan,nan,-8.975834292289963309e-03,nan,nan,nan,nan,nan,nan,nan,-3.682393555811258514e-03,nan,nan,nan,nan,nan,nan,nan,nan,nan,nan,nan,nan,nan,nan,nan,nan,nan,nan,nan,nan,nan,nan,nan,nan,-3.222094361334848327e-03,nan,nan,-3.199079401611040069e-02,-2.462600690448788626e-02,-8.055235903337166353e-03,nan,nan,nan,-3.060989643268117316e-02,-1.910241657077098656e-02,nan,nan,nan,nan,nan,nan,nan,nan,5.293440736478749464e-03,nan,nan,0.000000000000000000e+00,nan,nan,nan
nan,nan,nan,nan,nan,nan,nan,-4.193548387096772412e-02,nan,nan,nan,nan,nan,nan,nan,-2.073732718893994686e-03,nan,nan,nan,-5.990783410138211980e-03,-2.649769585253454116e-02,nan,-2.603686635944699873e-02,-3.433179723502303993e-02,-3.963133640552995995e-02,nan,nan,nan,-4.147465437788015741e-02,nan,nan,nan,nan,-3.571428571428569843e-02,nan,nan,nan,nan,nan,nan,-1.129032258064515196e-02,nan,nan,nan,nan,nan,nan,nan,nan,nan,nan,nan,nan,nan,nan,nan,nan,nan,nan,nan,nan,nan,nan,nan,nan
nan,nan,nan,nan,nan,nan,nan,nan,nan,nan,-8.266360505166469794e-03,nan,nan,nan,nan,nan,nan,nan,nan,nan,nan,nan,nan,nan,nan,nan,nan,nan,nan,nan,nan,nan,nan,nan,nan,nan,nan,nan,nan,nan,nan,nan,nan,nan,nan,nan,nan,nan,-6.888633754305373280e-03,nan,nan,nan,nan,nan,3.673938002296206484e-03,6.659012629161908947e-03,1.148105625717565914e-02,4.133180252583246173e-03,1.630309988518945444e-02,nan,3.214695752009233583e-03,0.000000000000000000e+00,nan,1.285878300803675565e-02,nan
nan,nan,nan,nan,nan,nan,nan,nan,nan,nan,nan,nan,nan,4.634994206257570188e-04,nan,nan,1.853997682502917053e-03,nan,nan,nan,nan,nan,-4.634994206257125665e-04,nan,nan,2.317497103128629728e-03,nan,nan,nan,nan,nan,nan,nan,nan,nan,1.622247972190060715e-03,nan,nan,nan,nan,nan,nan,nan,nan,nan,nan,nan,nan,nan,nan,nan,nan,nan,nan,9.269988412514518911e-03,-1.158748551564281470e-03,-9.269988412514251330e-04,nan,nan,nan,-9.269988412514251330e-04,nan,nan,-1.158748551564281470e-03,nan
nan,nan,nan,nan,nan,nan,nan,nan,nan,nan,nan,nan,nan,-2.981651376146698951e-03,nan,nan,-1.376146788990762013e-03,nan,nan,nan,nan,nan,-9.174311926604783018e-04,nan,nan,-1.376146788990784131e-03,nan,nan,nan,nan,nan,nan,nan,nan,nan,-3.440366972477004563e-03,nan,nan,nan,nan,nan,nan,nan,nan,nan,nan,nan,nan,nan,nan,nan,nan,nan,nan,4.243119266055050964e-02,4.449541284403677605e-02,4.288990825688079184e-02,nan,nan,nan,3.967889908256885118e-02,nan,nan,4.036697247706429181e-02,nan
nan,nan,-1.032110091743119150e-02,nan,nan,nan,nan,nan,nan,nan,nan,nan,nan,nan,nan,nan,nan,nan,-6.422018348623881323e-03,nan,nan,nan,nan,-1.674311926605505027e-02,nan,nan,-5.045871559633052957e-03,-1.697247706422020525e-02,-1.674311926605502945e-02,nan,-7.110091743119273389e-03,-2.201834862385321223e-02,nan,-1.949541284403670874e-02,nan,nan,nan,nan,nan,nan,nan,nan,nan,nan,nan,nan,nan,nan,nan,nan,nan,nan,nan,nan,nan,nan,nan,nan,nan,nan,nan,nan,nan,nan,9.174311926605672064e-04
nan,nan,nan,nan,nan,nan,nan,nan,nan,nan,1.363636363636389114e-03,nan,nan,nan,nan,nan,nan,nan,nan,nan,nan,nan,nan,nan,nan,nan,nan,nan,nan,nan,nan,nan,nan,nan,nan,nan,nan,nan,nan,5.000000000000071228e-03,nan,nan,nan,nan,6.136363636363694959e-03,nan,nan,nan,nan,nan,nan,nan,nan,nan,8.636363636363709323e-03,8.863636363636406834e-03,7.727272727272760551e-03,1.090909090909095679e-02,2.431818181818186028e-02,nan,8.181818181818244912e-03,nan,nan,2.159090909090915014e-02,nan
nan,nan,nan,nan,nan,nan,nan,nan,nan,1.489841986455981912e-02,nan,nan,nan,nan,nan,nan,nan,nan,nan,nan,nan,nan,nan,nan,nan,nan,nan,nan,nan,nan,nan,nan,nan,nan,6.546275395033873505e-03,nan,nan,nan,nan,nan,nan,nan,nan,nan,nan,nan,1.218961625282166672e-02,3.386004514672702644e-03,nan,nan,nan,nan,nan,nan,-2.257336343114868418e-04,2.220446049250313204e-17,-1.128668171557567403e-03,-2.257336343114868418e-04,nan,nan,-4.514672686230181359e-04,nan,nan,-1.354401805869054299e-03,nan
nan,nan,nan,nan,nan,nan,nan,nan,nan,nan,nan,nan,nan,nan,nan,nan,nan,nan,-4.844290657439453800e-03,nan,nan,nan,nan,-1.291810841983855908e-02,nan,nan,-3.229527104959673163e-03,-1.361014994232991916e-02,-9.457900807381802027e-03,nan,-6.920415224913600838e-04,-1.983852364475209226e-02,nan,-1.660899653979246507e-02,nan,nan,nan,nan,nan,nan,-5.074971164936603607e-03,nan,nan,nan,nan,nan,nan,nan,nan,nan,nan,nan,nan,nan,nan,nan,nan,nan,nan,nan,nan,nan,nan,nan,-2.220446049250313204e-17
nan,nan,-1.010332950631460600e-02,nan,nan,nan,nan,nan,nan,nan,nan,nan,nan,nan,nan,nan,nan,nan,-3.214695752009211031e-03,nan,nan,nan,nan,-1.722158438576353381e-02,nan,nan,nan,-1.630309988518947525e-02,-1.469575200918487104e-02,nan,-2.525832376578684892e-03,-1.974741676234219659e-02,nan,-1.653272101033298469e-02,nan,nan,nan,nan,nan,nan,-5.051664753157302998e-03,nan,nan,nan,nan,nan,nan,nan,nan,nan,nan,nan,nan,nan,nan,nan,nan,nan,nan,nan,nan,nan,nan,nan,-2.296211251435309572e-04
nan,nan,nan,nan,nan,nan,nan,nan,nan,nan,nan,nan,nan,nan,nan,nan,nan,nan,nan,nan,nan,nan,nan,nan,nan,nan,nan,nan,nan,nan,nan,nan,nan,nan,3.681125439624850781e-02,nan,nan,nan,nan,1.875732708089072800e-03,nan,nan,-1.594372801875734019e-02,4.454865181711608994e-03,-1.406799531066824614e-02,nan,nan,nan,2.579132473622514077e-03,-1.688159437280187941e-02,7.057444314185226664e-02,nan,nan,8.909730363423210009e-02,nan,nan,nan,nan,nan,nan,nan,0.000000000000000000e+00,nan,nan,nan
nan,nan,3.894616265750272532e-03,nan,nan,nan,4.123711340206170917e-03,nan,nan,nan,nan,nan,nan,-1.282932416953042054e-02,2.749140893470780611e-03,nan,-1.214203894616272539e-02,nan,nan,nan,nan,nan,-4.581901489118011921e-03,nan,nan,-1.145475372279503024e-02,nan,nan,nan,nan,3.436426116838475764e-03,nan,nan,nan,nan,-1.237113402061862377e-02,nan,nan,nan,nan,nan,nan,nan,nan,nan,nan,nan,nan,nan,nan,nan,nan,nan,-2.863688430698740905e-02,nan,nan,nan,nan,nan,nan,nan,nan,nan,nan,nan
nan,2.733485193621864977e-03,nan,nan,nan,nan,nan,nan,nan,-1.822323462414576767e-02,nan,2.095671981776765433e-02,nan,nan,nan,nan,nan,nan,nan,nan,nan,nan,nan,nan,nan,nan,nan,nan,nan,9.111617312072883617e-04,nan,nan,nan,nan,-2.277904328018223040e-02,nan,nan,nan,nan,nan,nan,nan,2.961275626423720379e-03,-1.047835990888381676e-02,nan,-1.298405466970389312e-02,-2.596810933940774113e-02,1.343963553530751545e-02,nan,nan,nan,nan,nan,nan,nan,nan,nan,nan,nan,nan,nan,nan,nan,nan,nan
nan,nan,nan,nan,nan,nan,9.205983889528156910e-03,nan,nan,nan,-4.602991944764545313e-04,nan,nan,nan,nan,nan,nan,nan,nan,nan,nan,nan,nan,nan,nan,nan,nan,nan,nan,nan,nan,nan,nan,nan,nan,nan,nan,nan,nan,nan,nan,nan,nan,nan,nan,nan,nan,nan,nan,nan,nan,nan,nan,nan,5.063291139240466525e-03,1.219792865362483505e-02,1.196777905638661890e-02,6.214039125431503052e-03,1.196777905638659635e-02,nan,7.825086306098950201e-03,0.000000000000000000e+00,nan,7.134637514384323427e-03,nan
