nan,nan,nan,nan,nan,nan,nan,nan,nan,nan,nan,nan,nan,nan,nan,nan,nan,nan,-3.21E-02,nan,nan,nan,nan,nan,nan,nan,-3.63E-02,nan,nan,nan,nan,nan,nan,nan,nan,nan,nan,nan,nan,nan,-2.62E-02,nan,-2.75E-02,-2.32E-02,-5.24E-03,nan,nan,nan,nan,nan,nan,nan,nan,nan,-1.37E-02,-1.31E-02,-3.08E-02,nan,nan,nan,nan,nan,nan,-2.98E-02,nan
nan,nan,nan,nan,nan,nan,nan,nan,nan,nan,-6.89E-03,nan,nan,nan,nan,nan,nan,nan,nan,nan,nan,nan,nan,nan,nan,nan,nan,nan,nan,nan,nan,nan,nan,nan,-1.31E-02,nan,nan,nan,nan,nan,nan,-8.85E-03,nan,nan,-1.41E-02,nan,nan,-9.18E-03,-2.39E-02,-2.46E-02,-5.25E-03,nan,nan,-4.59E-03,nan,nan,nan,nan,nan,nan,nan,nan,nan,nan,-6.56E-04
nan,nan,nan,nan,nan,nan,nan,-3.40E-03,nan,nan,nan,nan,nan,nan,nan,nan,nan,nan,-2.72E-03,nan,nan,nan,nan,-5.77E-03,nan,nan,-9.17E-03,-6.45E-03,-5.43E-03,nan,nan,-1.29E-02,nan,-7.81E-03,nan,nan,nan,nan,nan,nan,-6.45E-03,nan,nan,nan,nan,nan,nan,nan,nan,nan,nan,nan,nan,nan,nan,-1.70E-03,nan,nan,nan,nan,nan,nan,nan,nan,nan
nan,nan,nan,-3.953871499176231027e-03,nan,nan,nan,nan,nan,nan,nan,nan,nan,8.566721581548631531e-03,nan,nan,1.153212520593083212e-02,nan,nan,nan,nan,-3.294892915980218544e-03,1.317957166392114089e-03,nan,nan,nan,nan,nan,nan,nan,nan,nan,-3.953871499176209343e-03,nan,nan,8.566721581548652348e-03,nan,nan,nan,nan,nan,nan,nan,nan,nan,nan,nan,nan,nan,nan,nan,-1.647446457990087154e-03,-2.635914332784139273e-03,nan,nan,nan,nan,nan,nan,nan,nan,nan,nan,nan,6.260296540362486790e-03
nan,nan,-6.873977086743110823e-03,nan,nan,nan,nan,nan,nan,nan,nan,nan,nan,nan,6.546644844516614093e-04,nan,nan,nan,nan,nan,nan,nan,6.546644844516614093e-04,-7.528641571194816251e-03,nan,nan,nan,-8.510638297872397812e-03,-8.510638297872375260e-03,nan,nan,-8.837970540098272210e-03,nan,-4.582651391162073304e-03,nan,nan,nan,nan,nan,nan,nan,nan,nan,nan,nan,nan,nan,nan,nan,nan,nan,nan,nan,nan,nan,nan,nan,-9.165302782324125791e-03,nan,nan,nan,nan,nan,nan,2.945990180032698278e-03
nan,nan,-9.477124183006590749e-03,nan,nan,nan,nan,nan,nan,nan,nan,nan,nan,nan,-1.633986928104635928e-03,nan,nan,nan,-9.477124183006613301e-03,nan,nan,nan,nan,-8.496732026143871686e-03,nan,nan,-9.477124183006613301e-03,nan,nan,nan,nan,-1.372549019607849363e-02,nan,-1.437908496732032138e-02,nan,nan,nan,nan,nan,nan,-4.901960784313819097e-03,nan,nan,nan,nan,nan,nan,nan,nan,nan,nan,nan,nan,nan,nan,nan,nan,-8.169934640522957814e-03,nan,nan,nan,nan,nan,nan,-4.440892098500626408e-17
nan,nan,nan,nan,nan,nan,nan,nan,nan,nan,nan,nan,nan,nan,nan,nan,nan,nan,-3.436988543371526095e-02,nan,nan,nan,nan,nan,nan,nan,-3.469721767594109718e-02,nan,nan,nan,nan,nan,nan,-3.469721767594106943e-02,nan,nan,nan,nan,nan,nan,-1.309328968903440346e-02,-1.080196399345339023e-02,nan,-9.819967266775808667e-03,4.909983633387860098e-03,nan,nan,nan,nan,nan,nan,nan,nan,nan,nan,nan,-1.636661211129353342e-03,nan,nan,nan,nan,nan,nan,-1.636661211129331007e-03,-6.873977086743088272e-03
nan,nan,nan,nan,nan,nan,nan,nan,-4.032520325203257233e-02,-3.544715447154476312e-02,nan,-2.959349593495939207e-02,-3.902439024390249450e-02,nan,nan,nan,nan,nan,nan,nan,nan,nan,nan,nan,nan,nan,nan,nan,nan,nan,nan,nan,nan,nan,nan,nan,nan,-1.333333333333339664e-02,-2.601626016260194692e-03,nan,nan,nan,nan,nan,nan,nan,-1.756097560975613397e-02,nan,nan,nan,nan,nan,nan,nan,nan,nan,nan,nan,nan,-6.178861788617891204e-02,-1.495934959349596270e-02,nan,4.227642276422716519e-03,nan,nan
nan,-3.980582524271849415e-02,nan,-3.430420711974111608e-02,nan,nan,nan,nan,nan,-3.786407766990294160e-02,nan,nan,nan,nan,nan,nan,nan,nan,-3.398058252427185039e-02,nan,nan,nan,nan,nan,nan,nan,-3.236245954692558435e-02,nan,nan,nan,nan,nan,nan,nan,-1.132686084142398020e-02,nan,nan,nan,nan,nan,-3.106796116504857361e-02,nan,nan,nan,nan,-4.110032362459550143e-02,-3.074433656957931138e-02,-5.501618122977380669e-03,nan,nan,nan,nan,nan,nan,nan,nan,nan,nan,nan,nan,nan,nan,nan,nan,nan
nan,nan,nan,nan,-7.224958949096871481e-03,nan,nan,nan,nan,nan,nan,nan,nan,nan,nan,nan,nan,nan,nan,nan,nan,nan,nan,nan,nan,nan,nan,nan,nan,nan,nan,nan,nan,nan,1.970443349753714379e-03,nan,nan,nan,nan,5.582922824302149686e-03,nan,nan,-1.609195402298848471e-02,-2.364532019704430540e-02,-3.612479474548435741e-03,nan,nan,nan,-2.200328407224956193e-02,-2.233169129720851201e-02,-6.568144499178973483e-04,nan,nan,1.313628899835794697e-03,nan,nan,nan,nan,nan,nan,nan,nan,nan,nan,nan
nan,nan,nan,-2.108731466227347154e-02,nan,nan,nan,nan,nan,nan,nan,nan,nan,nan,nan,nan,nan,nan,nan,nan,nan,-2.602965403624381974e-02,nan,nan,nan,nan,nan,nan,nan,-3.953871499176277865e-02,nan,nan,-2.537067545304778557e-02,nan,nan,nan,nan,nan,nan,nan,nan,nan,-1.252059308072488511e-02,8.566721581548563877e-03,9.884678747940523359e-04,nan,nan,nan,nan,nan,nan,-3.031301482701813724e-02,-2.504118616144977022e-02,-1.021416803953871869e-02,nan,nan,nan,nan,nan,nan,nan,nan,nan,nan,nan
nan,nan,nan,nan,nan,nan,nan,nan,nan,nan,nan,nan,nan,-5.362776025236593025e-02,nan,nan,-5.646687697160883423e-02,nan,nan,nan,nan,nan,-3.627760252365932331e-02,nan,-4.416403785488960676e-02,-5.331230283911671947e-02,nan,nan,nan,nan,-4.731861198738172153e-02,nan,nan,nan,nan,-4.763406940063095313e-02,nan,nan,nan,nan,nan,nan,nan,nan,-6.309148264984409732e-04,nan,nan,4.100946372239721964e-03,nan,nan,nan,nan,nan,nan,nan,nan,nan,nan,nan,nan,nan,nan,nan,nan,-1.892744479495300693e-03
nan,nan,nan,nan,nan,nan,nan,nan,nan,nan,nan,nan,nan,nan,nan,1.929260450160752340e-03,nan,nan,-1.318327974276525295e-02,nan,nan,nan,nan,-1.929260450160772550e-02,nan,nan,-1.414790996784565102e-02,-1.575562700964629886e-02,-1.864951768488744971e-02,nan,nan,-2.186495176848872804e-02,nan,-1.672025723472669867e-02,nan,nan,nan,nan,nan,nan,-2.893890675241150845e-03,nan,nan,2.250803858520900209e-03,nan,nan,nan,nan,nan,nan,nan,nan,nan,nan,nan,nan,nan,nan,nan,nan,nan,nan,nan,nan,nan
nan,nan,nan,nan,nan,nan,-4.458598726114626140e-03,nan,nan,nan,6.369426751592799796e-04,nan,nan,nan,-5.095541401273882137e-02,nan,nan,nan,nan,nan,nan,nan,nan,nan,nan,nan,nan,nan,nan,nan,nan,nan,nan,nan,nan,nan,nan,nan,nan,nan,nan,nan,-5.541401273885347006e-02,-5.127388535031844607e-02,nan,nan,nan,nan,-6.210191082802542922e-02,-6.305732484076428945e-02,-1.910828025477662130e-03,nan,nan,4.440892098500626408e-17,nan,nan,nan,-4.904458598726109397e-02,nan,nan,nan,nan,nan,nan,nan
nan,nan,nan,nan,nan,nan,nan,nan,nan,nan,nan,nan,nan,-1.675041876046907616e-02,nan,nan,-1.608040201005032227e-02,nan,3.015075376884390757e-03,nan,4.020100502512513781e-03,nan,-1.206030150753773997e-02,nan,nan,-1.541038525963154236e-02,5.360134003350047575e-03,nan,nan,nan,2.680067001674979552e-03,nan,nan,nan,nan,-1.373534338358464203e-02,nan,nan,nan,nan,nan,nan,nan,nan,nan,nan,nan,nan,nan,nan,nan,nan,nan,nan,nan,nan,nan,nan,nan,nan,nan,nan,nan,nan,-2.680067001675112692e-03
nan,nan,nan,nan,nan,nan,nan,nan,nan,nan,-4.674457429048395687e-03,nan,nan,nan,-3.138564273789649917e-02,nan,nan,nan,nan,nan,nan,nan,nan,nan,nan,nan,nan,nan,nan,nan,nan,nan,nan,nan,nan,nan,nan,nan,nan,-2.671118530884819715e-03,nan,nan,-3.973288814691156023e-02,-4.507512520868117711e-02,-6.010016694490838071e-03,nan,nan,nan,-5.108514190317196835e-02,-3.973288814691156023e-02,-2.671118530884797164e-03,nan,nan,-2.003338898163598090e-03,nan,nan,nan,nan,nan,nan,nan,nan,nan,nan,nan
nan,nan,nan,nan,1.111111111111107164e-02,nan,nan,nan,nan,nan,3.366013071895419817e-02,nan,nan,nan,nan,nan,nan,nan,nan,nan,nan,nan,nan,nan,nan,nan,nan,nan,nan,2.647058823529406871e-02,nan,nan,nan,nan,nan,nan,nan,nan,nan,nan,nan,nan,4.248366013071836096e-03,1.013071895424833002e-02,7.614379084967315414e-02,nan,nan,nan,1.732026143790845601e-02,5.882352941176464955e-02,8.464052287581695644e-02,nan,nan,8.496732026143787031e-02,nan,nan,nan,nan,nan,nan,nan,nan,nan,nan,nan
nan,nan,nan,nan,nan,nan,4.605263157894756362e-03,nan,nan,nan,nan,nan,nan,-5.098684210526316374e-02,nan,3.289473684210620025e-04,-5.559210526315790102e-02,nan,nan,-8.881578947368452132e-03,-4.506578947368422572e-02,nan,-4.671052631578946623e-02,nan,nan,-5.098684210526316374e-02,nan,nan,nan,nan,nan,nan,nan,nan,nan,-5.690789473684210176e-02,nan,nan,nan,nan,nan,nan,nan,nan,nan,nan,nan,nan,nan,nan,nan,nan,nan,nan,nan,nan,nan,nan,nan,nan,nan,nan,nan,nan,-1.414473684210528805e-02
-2.096505823627286061e-02,nan,nan,nan,9.983361064891838055e-03,nan,nan,nan,nan,nan,-3.327787021630612685e-03,nan,nan,nan,nan,nan,nan,nan,nan,nan,nan,nan,nan,nan,nan,nan,nan,nan,nan,nan,nan,nan,nan,nan,nan,nan,nan,nan,nan,1.996672212978367698e-03,nan,-1.264559068219632890e-02,-1.996672212978367611e-02,nan,nan,nan,nan,nan,-2.861896838602327048e-02,-2.695507487520796414e-02,nan,nan,nan,nan,nan,nan,nan,nan,-5.990016638935102659e-03,nan,nan,6.655574043261224936e-04,nan,nan,nan
nan,nan,nan,nan,nan,nan,nan,nan,nan,nan,nan,nan,nan,nan,-3.215434083601475981e-04,nan,nan,nan,7.395498392282928712e-03,nan,nan,nan,nan,nan,nan,nan,4.823151125401881067e-03,nan,nan,nan,7.717041800643076148e-03,nan,nan,nan,nan,nan,nan,nan,nan,nan,5.466237942122154254e-03,nan,nan,nan,nan,nan,nan,nan,nan,nan,nan,nan,nan,nan,5.466237942122131703e-03,1.286173633440479370e-03,7.073954983922802961e-03,nan,nan,nan,nan,nan,nan,6.109324758842382339e-03,5.787781350482279139e-03
-4.000000000000003553e-02,nan,nan,nan,nan,nan,nan,nan,nan,nan,-2.016260162601628617e-02,nan,nan,nan,nan,nan,nan,nan,nan,nan,nan,nan,nan,nan,nan,nan,nan,nan,nan,nan,nan,nan,nan,nan,nan,nan,nan,nan,nan,-1.170731707317078721e-02,nan,nan,-4.487804878048784474e-02,-3.772357723577237504e-02,nan,nan,nan,nan,-5.268292682926833947e-02,-5.203252032520329362e-02,-2.926829268292707644e-03,nan,nan,-3.902439024390291604e-03,nan,nan,nan,nan,-1.560975609756101203e-02,nan,nan,nan,nan,nan,nan
nan,nan,nan,nan,nan,nan,-1.302170283806340992e-02,nan,nan,nan,-1.101836393989978971e-02,nan,nan,nan,nan,nan,nan,nan,nan,nan,nan,nan,nan,nan,nan,nan,nan,nan,nan,nan,nan,nan,nan,nan,nan,nan,nan,nan,nan,6.343906510851415707e-03,nan,nan,-2.838063439065108273e-02,-2.871452420701168379e-02,nan,nan,nan,nan,-3.472454090150247502e-02,-3.606010016694490006e-02,-1.669449081802998336e-03,nan,nan,-6.677796327211992910e-04,nan,nan,nan,nan,nan,nan,nan,nan,nan,nan,-6.677796327211993344e-03
nan,nan,nan,nan,-3.273322422258751027e-04,nan,nan,nan,nan,nan,nan,nan,nan,nan,nan,nan,nan,nan,nan,nan,nan,nan,nan,nan,nan,nan,nan,nan,nan,nan,nan,nan,nan,nan,nan,nan,nan,nan,nan,3.600654664484404140e-03,nan,nan,-2.585924713584293252e-02,-2.553191489361705813e-02,-7.528641571194793700e-03,nan,nan,2.193126022913256465e-02,-2.389525368248774859e-02,-1.963993453355159652e-02,-6.546644844517502055e-04,nan,nan,1.636661211129264437e-03,nan,nan,nan,nan,nan,nan,nan,nan,nan,nan,nan
nan,nan,nan,nan,nan,nan,nan,nan,nan,nan,nan,nan,nan,9.309791332263284147e-03,nan,nan,1.219903691813808456e-02,nan,nan,nan,9.630818619583258588e-04,nan,1.926163723916585148e-03,-6.420545746388395258e-04,nan,nan,nan,-4.494382022471876681e-03,6.420545746389060959e-04,nan,nan,-4.173354735152456918e-03,nan,-2.247191011235938340e-03,nan,1.091492776886038296e-02,nan,nan,nan,nan,nan,nan,nan,nan,nan,nan,nan,nan,nan,nan,nan,nan,nan,nan,nan,nan,nan,nan,nan,nan,nan,nan,nan,nan,nan
4.325203252032523704e-02,nan,nan,nan,nan,nan,nan,nan,nan,nan,nan,nan,nan,nan,nan,nan,nan,nan,nan,3.967479674796749872e-02,nan,nan,nan,nan,nan,nan,nan,nan,nan,nan,nan,nan,nan,nan,nan,nan,nan,nan,nan,nan,1.105691056910571533e-02,nan,4.422764227642279888e-02,nan,nan,nan,nan,nan,nan,nan,nan,nan,nan,nan,-2.829268292682922750e-02,-2.406504065040648843e-02,-2.276422764227614519e-03,nan,-2.146341463414629461e-02,nan,nan,8.000000000000002942e-02,nan,-2.926829268292641291e-03,nan
nan,nan,-5.169628432956430153e-03,nan,nan,nan,nan,nan,nan,nan,nan,nan,nan,nan,nan,nan,nan,nan,-5.815831987075981320e-03,nan,nan,nan,nan,-6.138933764135767746e-03,nan,nan,-6.138933764135767746e-03,-1.066235864297260250e-02,-1.938610662358653067e-03,nan,-1.938610662358675185e-03,-9.369951534733500162e-03,nan,-9.369951534733477611e-03,nan,nan,nan,nan,nan,nan,-9.693053311793598187e-04,nan,nan,nan,nan,nan,nan,nan,nan,nan,nan,nan,nan,nan,nan,nan,nan,nan,nan,nan,nan,nan,nan,nan,nan
nan,nan,nan,nan,nan,nan,nan,nan,nan,nan,nan,nan,nan,nan,2.372881355932188099e-03,nan,nan,nan,1.016949152542356849e-03,nan,nan,nan,nan,nan,nan,nan,3.728813559322019348e-03,nan,nan,nan,2.372881355932188099e-03,nan,nan,nan,nan,nan,nan,nan,nan,nan,-1.355932203389875702e-03,nan,nan,nan,nan,nan,nan,nan,nan,nan,nan,nan,nan,nan,-8.474576271186484017e-03,-2.372881355932232768e-03,-7.118644067796631517e-03,nan,nan,nan,nan,nan,nan,-3.728813559322064018e-03,-6.779661016949267921e-04
nan,nan,-3.405572755417951656e-03,nan,nan,nan,nan,nan,nan,nan,nan,nan,nan,-8.049535603715175097e-03,nan,nan,-8.668730650154832240e-03,nan,8.359133126934991526e-03,nan,nan,nan,-3.095975232198178162e-03,nan,nan,-2.476780185758542703e-03,4.643962848297178772e-03,nan,nan,nan,-9.287925696594756314e-04,nan,nan,nan,nan,-1.052631578947371693e-02,nan,nan,nan,nan,nan,nan,nan,nan,nan,nan,nan,nan,nan,nan,nan,nan,nan,nan,nan,nan,nan,nan,nan,nan,nan,nan,nan,nan,-3.095975232198178379e-04
nan,nan,nan,nan,nan,nan,nan,nan,nan,nan,nan,nan,nan,nan,nan,nan,nan,nan,1.877022653721684836e-02,nan,nan,nan,nan,nan,nan,nan,8.737864077669899726e-03,nan,nan,nan,nan,nan,nan,nan,nan,nan,nan,nan,nan,nan,nan,nan,1.941747572815533118e-02,2.912621359223321882e-03,5.275080906148867793e-02,nan,nan,nan,1.100323624595471797e-02,2.556634304207121636e-02,7.346278317152102333e-02,nan,nan,5.922330097087378370e-02,nan,nan,nan,nan,nan,nan,nan,nan,nan,nan,4.660194174757281704e-02
nan,nan,nan,nan,nan,nan,-1.946308724832217577e-02,nan,nan,nan,-8.389261744966436049e-03,nan,nan,nan,nan,nan,nan,nan,nan,nan,nan,nan,nan,nan,nan,nan,nan,nan,nan,nan,nan,nan,nan,nan,nan,nan,nan,nan,nan,1.073825503355703079e-02,nan,nan,-2.651006711409398253e-02,-2.751677852348994799e-02,nan,nan,nan,nan,-3.322147651006714802e-02,-3.859060402684566515e-02,-6.711409395973255915e-04,nan,nan,-1.342281879194651183e-03,nan,nan,nan,nan,-3.020134228187920655e-03,nan,nan,nan,nan,nan,nan
nan,nan,nan,nan,nan,nan,-2.291325695580970299e-03,3.927986906710367876e-03,nan,nan,nan,nan,nan,nan,nan,nan,nan,5.237315875613779599e-03,nan,nan,-3.600654664484426257e-03,nan,nan,-9.819967266775364578e-04,5.564648117839632313e-03,nan,nan,-3.600654664484404140e-03,-4.909983633387860098e-03,nan,nan,-5.564648117839609762e-03,nan,-1.963993453355117151e-03,nan,nan,nan,nan,nan,nan,nan,nan,nan,nan,nan,nan,nan,nan,nan,nan,nan,nan,nan,nan,nan,nan,nan,nan,nan,nan,nan,nan,nan,nan,nan
nan,nan,nan,nan,nan,nan,nan,nan,nan,nan,-2.579617834394907355e-02,nan,nan,nan,nan,nan,nan,nan,nan,nan,nan,nan,nan,nan,nan,nan,nan,nan,nan,nan,nan,nan,nan,nan,nan,nan,nan,nan,nan,-4.140127388535063888e-03,nan,nan,3.057324840764326021e-02,-4.777070063694299415e-03,4.108280254777067764e-02,nan,nan,nan,1.560509554140123746e-02,1.783439490445857395e-02,8.598726114649675456e-02,nan,nan,6.624203821656046709e-02,nan,nan,nan,nan,nan,nan,nan,5.095541401273839983e-03,nan,nan,nan
nan,nan,nan,nan,nan,nan,nan,-1.631321370310012718e-03,nan,nan,nan,nan,nan,nan,nan,nan,nan,nan,-7.830342577487802921e-03,nan,nan,nan,nan,-5.220228384991876421e-03,nan,nan,-4.893964110929904798e-03,-5.220228384991898105e-03,-3.915171288743924012e-03,nan,nan,-1.337683523654165096e-02,nan,-8.156606851549796228e-03,nan,nan,nan,nan,nan,nan,-4.241435562805939870e-03,nan,nan,nan,nan,nan,nan,nan,nan,nan,nan,nan,nan,nan,nan,nan,nan,nan,nan,nan,nan,nan,nan,nan,-2.936378466557942792e-03
nan,nan,nan,nan,nan,nan,nan,nan,nan,nan,-2.218700475435863954e-03,nan,nan,nan,nan,nan,nan,nan,nan,nan,nan,nan,nan,nan,nan,nan,nan,nan,nan,nan,nan,nan,nan,nan,-6.661338147750938996e-17,nan,nan,nan,nan,1.141045958795556745e-02,nan,nan,nan,-1.141045958795565765e-02,5.388272583201248085e-03,nan,nan,7.923930269413580890e-03,-1.458003169572110770e-02,-1.489698890649766502e-02,7.068145800316952276e-02,nan,nan,8.779714738510295546e-02,nan,nan,nan,nan,nan,nan,nan,nan,nan,nan,nan
nan,nan,nan,nan,nan,nan,nan,-1.815235008103723707e-02,nan,nan,nan,nan,nan,-2.949756888168555274e-02,nan,-2.593192868719573947e-03,-2.690437601296593456e-02,nan,nan,4.862236628849325726e-03,2.269043760129685425e-03,nan,-1.523500810372768743e-02,nan,-1.588330632090759892e-02,-3.111831442463530717e-02,nan,nan,nan,nan,nan,nan,nan,nan,nan,-2.884927066450562044e-02,nan,nan,nan,nan,nan,nan,nan,nan,nan,nan,nan,nan,nan,nan,nan,nan,nan,nan,nan,nan,nan,nan,nan,nan,nan,nan,nan,nan,nan
nan,nan,nan,nan,nan,nan,nan,nan,nan,nan,nan,nan,nan,nan,nan,nan,nan,nan,-1.806239737274228929e-02,nan,nan,nan,nan,-1.970443349753703277e-02,nan,nan,-2.298850574712651973e-02,-2.364532019704441643e-02,-2.134646962233177625e-02,nan,nan,-2.955665024630549365e-02,nan,-2.167487684729072633e-02,nan,nan,nan,nan,nan,nan,-5.582922824302194789e-03,-5.911330049261143138e-03,nan,nan,nan,nan,nan,nan,nan,nan,nan,nan,nan,nan,nan,nan,nan,nan,nan,nan,nan,nan,nan,nan,-1.642036124794743479e-03
nan,nan,-7.594936708860799968e-03,nan,nan,nan,nan,nan,nan,nan,nan,nan,nan,nan,-6.645569620253199972e-03,nan,nan,nan,-4.430379746835466648e-03,nan,nan,nan,nan,-8.544303797468399964e-03,nan,nan,-6.012658227848133308e-03,nan,-8.227848101265866632e-03,nan,nan,-1.170886075949368818e-02,nan,-1.329113924050637739e-02,nan,nan,nan,nan,nan,nan,6.329113924050666640e-04,nan,nan,nan,nan,nan,nan,nan,nan,nan,nan,nan,nan,nan,nan,nan,nan,-8.544303797468399964e-03,nan,nan,nan,nan,nan,nan,nan
nan,nan,-3.481012658227866652e-03,nan,nan,nan,nan,nan,nan,nan,nan,nan,nan,nan,-1.265822784810133328e-03,nan,nan,nan,-2.215189873417733324e-03,nan,nan,nan,nan,-8.860759493670933296e-03,nan,nan,-6.012658227848133308e-03,nan,-8.227848101265866632e-03,nan,nan,-1.392405063291142150e-02,nan,-1.139240506329117740e-02,nan,nan,nan,nan,nan,nan,3.164556962025333320e-04,nan,nan,nan,nan,nan,nan,nan,nan,nan,nan,nan,nan,nan,nan,nan,nan,-5.379746835443066644e-03,nan,nan,nan,nan,nan,nan,nan
nan,nan,3.050847457627137334e-03,nan,nan,nan,nan,nan,nan,nan,nan,nan,nan,nan,1.694915254237305867e-03,nan,nan,nan,-6.440677966101704399e-03,nan,nan,nan,nan,-1.016949152542356849e-03,nan,nan,-5.762711864406777282e-03,nan,-7.457627118644083800e-03,nan,nan,-6.779661016949156682e-03,nan,-1.050847457627117690e-02,nan,nan,nan,nan,nan,nan,nan,nan,nan,nan,nan,nan,nan,nan,nan,nan,nan,nan,nan,nan,nan,nan,nan,-3.050847457627114782e-03,nan,nan,nan,nan,nan,nan,-1.355932203389809132e-03
nan,nan,-9.225700164744643147e-03,nan,nan,nan,nan,nan,nan,nan,nan,nan,nan,nan,nan,nan,nan,nan,-8.566721581548563877e-03,nan,nan,nan,nan,-9.225700164744620596e-03,nan,nan,-9.555189456342639415e-03,nan,-1.153212520593078702e-02,nan,nan,-1.482701812191102898e-02,nan,-1.976935749588137892e-02,nan,nan,nan,nan,nan,nan,-7.907742998352529709e-03,nan,nan,nan,nan,nan,nan,nan,nan,nan,nan,nan,nan,nan,nan,nan,nan,-4.942339373970328249e-03,nan,nan,nan,nan,nan,nan,-9.884678747940300013e-04
nan,nan,nan,nan,nan,nan,nan,nan,nan,nan,nan,nan,nan,nan,nan,nan,nan,nan,nan,nan,nan,-3.124999999999997918e-02,nan,nan,nan,nan,nan,nan,nan,nan,nan,nan,nan,nan,-3.256578947368417992e-02,nan,nan,nan,nan,-4.210526315789468732e-02,nan,nan,-2.072368421052628307e-02,-1.578947368421050948e-02,-3.289473684209953783e-04,nan,nan,nan,-3.190789473684205874e-02,-3.190789473684205874e-02,nan,nan,nan,2.631578947368496020e-03,nan,nan,nan,nan,nan,nan,nan,nan,nan,nan,-7.565789473684159452e-03
nan,nan,nan,nan,nan,nan,nan,nan,nan,nan,nan,nan,nan,nan,nan,-1.314102564102559434e-02,nan,nan,nan,1.474358974358977968e-02,nan,-1.282051282051255379e-03,nan,nan,nan,nan,nan,nan,nan,nan,nan,nan,-1.923076923076871792e-03,nan,nan,nan,nan,nan,nan,nan,nan,nan,nan,nan,nan,nan,nan,nan,nan,nan,nan,nan,nan,nan,-3.589743589743586011e-02,-1.987179487179482201e-02,-3.525641025641020054e-02,nan,-7.051282051282003679e-03,nan,nan,3.205128205128211782e-02,nan,-4.775641025641019777e-02,nan
nan,nan,nan,nan,nan,nan,nan,nan,nan,nan,nan,nan,nan,3.316749585406286618e-04,nan,1.326699834162514647e-03,-6.965174129353246188e-03,nan,nan,nan,-2.985074626865658227e-03,nan,nan,-1.592039800995028592e-02,nan,nan,nan,-2.155887230514097475e-02,-1.890547263681594675e-02,nan,nan,-1.658374792703154466e-02,nan,nan,nan,nan,nan,nan,nan,nan,-5.638474295190732191e-03,nan,nan,nan,nan,nan,nan,nan,nan,nan,nan,nan,nan,nan,nan,nan,nan,nan,nan,nan,nan,nan,nan,nan,2.653399668325007177e-03
nan,nan,nan,nan,nan,nan,nan,nan,nan,nan,0.000000000000000000e+00,nan,nan,nan,nan,nan,nan,nan,nan,nan,nan,nan,nan,nan,nan,nan,nan,nan,nan,nan,nan,nan,nan,nan,nan,nan,nan,nan,nan,6.329113924050644088e-03,nan,nan,-4.303797468354431111e-02,-3.765822784810124446e-02,nan,nan,nan,nan,-3.544303797468353195e-02,-3.860759493670884446e-02,-2.215189873417733324e-03,nan,nan,nan,-1.582278481012660068e-02,-1.360759493670886736e-02,nan,nan,nan,nan,nan,6.329113924050666640e-04,nan,nan,nan
nan,nan,nan,1.538461538461537506e-02,nan,nan,8.183306055646499128e-03,nan,nan,nan,nan,nan,nan,nan,nan,nan,nan,nan,nan,nan,nan,1.243862520458265467e-02,nan,nan,nan,nan,nan,nan,nan,nan,nan,nan,nan,nan,5.466448445171849524e-02,nan,nan,nan,nan,nan,nan,nan,nan,3.076923076923077094e-02,nan,nan,nan,6.153846153846156269e-02,1.571194762684122864e-02,6.219312602291316057e-03,7.332242225859249285e-02,nan,nan,7.201309328968905077e-02,nan,nan,nan,nan,nan,nan,nan,nan,nan,nan,nan
nan,nan,nan,nan,nan,nan,nan,nan,nan,nan,nan,nan,nan,nan,nan,nan,nan,nan,-9.803921568627527172e-03,nan,nan,nan,nan,-8.496732026143871686e-03,nan,nan,-7.843137254902043942e-03,-7.843137254902043942e-03,-5.882352941176538161e-03,nan,-1.078431372549026879e-02,-1.830065359477128784e-02,nan,-1.045751633986935492e-02,nan,nan,nan,nan,nan,nan,nan,nan,nan,nan,nan,nan,nan,nan,nan,9.803921568627194973e-04,3.267973856209138717e-04,nan,nan,nan,nan,nan,nan,nan,nan,nan,nan,nan,nan,nan,nan
nan,nan,-2.302631578947433692e-03,nan,nan,nan,nan,nan,nan,nan,nan,nan,nan,nan,nan,nan,nan,nan,-7.565789473684225372e-03,nan,nan,nan,nan,-5.592105263157965030e-03,nan,nan,-7.236842105263230698e-03,-8.223684210526372579e-03,-5.921052631579004806e-03,nan,nan,-1.381578947368427082e-02,nan,-4.605263157894801465e-03,nan,nan,nan,nan,nan,nan,-6.578947368421461227e-04,nan,nan,nan,nan,nan,nan,nan,nan,nan,nan,nan,nan,nan,nan,nan,nan,-2.631578947368451351e-03,nan,nan,nan,nan,nan,nan,nan
nan,nan,nan,nan,3.583061889250816010e-03,nan,nan,nan,nan,nan,-8.794788273615638391e-03,nan,nan,nan,nan,nan,nan,nan,nan,nan,nan,nan,nan,nan,nan,nan,nan,nan,nan,nan,nan,nan,nan,nan,nan,nan,nan,nan,nan,-2.280130293159610307e-03,nan,nan,-2.084690553745918024e-02,-1.758957654723125597e-02,-2.605863192182411407e-03,nan,nan,nan,-6.514657980456028518e-04,-2.280130293159599031e-02,-3.257328990228014476e-03,nan,nan,-3.257328990228014476e-03,nan,nan,nan,nan,nan,nan,nan,nan,nan,nan,nan
1.318032786885245666e-01,nan,nan,nan,nan,nan,6.590163934426226944e-02,nan,nan,nan,nan,nan,nan,nan,nan,nan,nan,nan,nan,nan,nan,nan,nan,nan,nan,nan,nan,nan,nan,nan,nan,nan,nan,nan,nan,nan,nan,nan,nan,4.131147540983604038e-02,-1.475409836065575374e-02,nan,nan,nan,nan,nan,nan,nan,nan,nan,nan,nan,nan,nan,-1.278688524590163543e-02,-4.065573770491803796e-02,-3.868852459016394046e-02,nan,-1.377049180327869458e-02,nan,nan,9.442622950819670735e-02,nan,-3.901639344262297637e-02,nan
nan,nan,nan,nan,nan,nan,nan,nan,nan,nan,nan,nan,nan,nan,nan,nan,nan,nan,nan,nan,nan,nan,nan,-1.546052631578942460e-02,nan,nan,nan,nan,-1.118421052631575138e-02,nan,nan,-1.546052631578940205e-02,nan,-1.776315789473676895e-02,2.763157894736847225e-02,nan,nan,nan,nan,nan,nan,nan,nan,2.171052631578953424e-02,9.539473684210575052e-03,nan,nan,5.789473684210529048e-02,nan,nan,1.157894736842105810e-01,nan,nan,1.174342105263158631e-01,nan,nan,nan,nan,nan,nan,nan,nan,nan,nan,nan
nan,nan,nan,nan,nan,nan,nan,nan,nan,nan,-2.013422818791952423e-02,nan,nan,nan,nan,nan,nan,nan,nan,nan,nan,nan,nan,nan,nan,nan,nan,nan,nan,nan,nan,nan,nan,nan,nan,nan,nan,nan,nan,-3.691275167785268256e-03,nan,nan,-6.040268456375885546e-03,-7.046979865771829318e-03,-3.355704697986605731e-03,nan,nan,nan,-2.013422818791949995e-02,-2.651006711409400335e-02,-3.691275167785268256e-03,nan,nan,-2.684563758389302366e-03,nan,nan,nan,nan,nan,nan,nan,6.040268456375797075e-03,nan,nan,nan
nan,nan,nan,nan,nan,nan,nan,nan,nan,nan,nan,nan,nan,-2.363013698630136300e-02,-1.335616438356164101e-02,1.027397260273987898e-03,-2.431506849315066138e-02,nan,2.739726027397293255e-03,nan,nan,nan,-1.643835616438356004e-02,nan,nan,-2.602739726027394201e-02,5.136986301369872270e-03,nan,nan,nan,nan,nan,nan,nan,nan,-2.226027397260272808e-02,nan,nan,nan,nan,nan,nan,nan,nan,nan,nan,nan,nan,nan,nan,nan,nan,nan,nan,nan,nan,nan,nan,nan,nan,nan,nan,nan,nan,-5.479452054794520591e-03
nan,nan,nan,nan,nan,nan,nan,nan,nan,nan,nan,nan,nan,nan,nan,nan,nan,nan,-4.071661237785006993e-02,nan,nan,nan,nan,-3.583061889250804821e-02,nan,nan,-3.550488599348524538e-02,nan,-3.550488599348524538e-02,nan,nan,-3.876221498371325985e-02,nan,-3.973941368078166836e-02,nan,nan,nan,nan,nan,nan,-1.954397394136799665e-02,nan,0.000000000000000000e+00,1.954397394136808772e-03,nan,nan,nan,nan,nan,nan,nan,nan,nan,nan,nan,nan,nan,nan,nan,nan,nan,nan,nan,nan,-8.143322475570036190e-03
nan,nan,nan,nan,5.528455284552880218e-03,nan,nan,nan,nan,nan,nan,nan,nan,nan,nan,nan,nan,nan,nan,nan,nan,nan,nan,nan,nan,nan,nan,nan,nan,1.300813008130086157e-02,nan,nan,nan,nan,1.105691056910573788e-02,nan,nan,nan,nan,nan,nan,5.788617886178866467e-02,1.528455284552845440e-02,5.528455284552880218e-03,2.276422764227645917e-02,nan,nan,3.382113821138212767e-02,nan,nan,7.512195121951226184e-02,nan,nan,9.528455284552850291e-02,nan,nan,nan,nan,nan,nan,nan,nan,nan,nan,nan
2.560777957860620527e-02,nan,nan,nan,nan,nan,-7.779578606158766077e-03,nan,nan,nan,5.186385737439280601e-03,nan,nan,nan,-2.204213938411665394e-02,nan,nan,nan,nan,nan,nan,nan,nan,nan,nan,nan,nan,nan,nan,nan,nan,nan,nan,nan,nan,nan,nan,nan,nan,nan,nan,nan,-1.977309562398699150e-02,-2.431118314424629556e-02,-1.296596434359775698e-03,nan,nan,nan,-1.750405186385732906e-02,-2.042139384116687870e-02,nan,nan,nan,nan,nan,nan,nan,nan,-9.400324149108541319e-03,nan,nan,nan,nan,nan,nan
-1.683168316831680153e-02,nan,nan,nan,nan,nan,-3.960396039603963914e-03,nan,nan,nan,-5.280528052805277990e-03,nan,nan,nan,nan,nan,nan,nan,nan,nan,nan,nan,nan,nan,nan,nan,nan,nan,nan,nan,nan,nan,nan,nan,nan,nan,nan,nan,nan,1.320132013201291742e-03,nan,nan,-2.607260726072606685e-02,-2.574257425742576544e-02,nan,nan,nan,nan,-2.475247524752477446e-02,-2.343234323432343696e-02,-6.270627062706268968e-03,nan,nan,-1.980198019801981957e-03,nan,nan,nan,nan,nan,nan,nan,nan,nan,nan,nan
1.107594936708862152e-02,nan,nan,nan,5.284810126582280276e-02,nan,2.943037974683544375e-02,nan,nan,nan,4.018987341772151112e-02,nan,nan,nan,nan,nan,nan,nan,nan,nan,nan,nan,nan,nan,nan,nan,nan,nan,nan,nan,nan,nan,nan,nan,nan,nan,nan,nan,nan,3.639240506329115277e-02,nan,nan,1.677215189873417639e-02,9.493670886075777698e-04,nan,nan,nan,nan,1.613924050632910973e-02,nan,nan,nan,nan,nan,nan,nan,nan,nan,2.151898734177215555e-02,nan,nan,4.240506329113924444e-02,nan,nan,nan
-2.631578947368424723e-02,nan,nan,nan,nan,nan,nan,nan,nan,nan,-1.776315789473687998e-02,nan,nan,nan,nan,nan,nan,nan,nan,nan,nan,nan,nan,nan,nan,nan,nan,nan,nan,nan,nan,nan,nan,nan,nan,nan,nan,nan,nan,-4.934210526315818690e-03,nan,nan,-4.802631578947373636e-02,-4.243421052631583812e-02,nan,nan,nan,nan,-5.493421052631582147e-02,-5.657894736842108280e-02,-2.631578947368473469e-03,nan,nan,-2.960526315789535796e-03,nan,nan,nan,nan,-1.118421052631584159e-02,nan,nan,nan,nan,nan,nan
nan,nan,nan,nan,nan,nan,nan,nan,nan,nan,nan,nan,nan,nan,nan,nan,nan,nan,nan,nan,nan,nan,nan,nan,nan,nan,nan,nan,nan,nan,nan,nan,nan,nan,-4.862236628849237255e-03,nan,nan,nan,nan,nan,nan,nan,nan,nan,1.199351701782822542e-02,nan,nan,8.752025931928674937e-03,nan,3.889789303079438550e-03,3.241491085899528366e-03,nan,nan,nan,-2.949756888168557703e-02,-2.528363047001618361e-02,nan,nan,-2.917341977309562129e-02,nan,nan,9.724473257698562981e-03,nan,nan,1.555915721231768654e-02
nan,nan,nan,nan,3.922204213938414175e-02,nan,nan,nan,nan,nan,1.523500810372770999e-02,nan,nan,nan,nan,nan,nan,nan,3.047001620745544079e-02,nan,nan,nan,nan,nan,nan,nan,nan,nan,nan,nan,nan,nan,nan,nan,nan,nan,nan,nan,nan,-5.510534846029191240e-03,nan,nan,-3.598055105348463290e-02,nan,nan,nan,nan,nan,-1.750405186385737416e-02,-1.944894651539707999e-03,-3.565640194489461123e-03,nan,nan,-4.538087520259326615e-03,nan,nan,nan,nan,nan,nan,nan,nan,nan,nan,-1.102106969205835993e-02
nan,nan,nan,nan,9.369951534733500162e-03,nan,nan,nan,nan,nan,-6.138933764135634172e-03,nan,nan,nan,nan,nan,nan,nan,nan,nan,nan,nan,nan,nan,nan,nan,nan,nan,nan,nan,nan,nan,nan,nan,nan,nan,nan,nan,nan,1.938610662358719637e-03,nan,nan,-2.778675282714051370e-02,-2.229402261712434136e-02,nan,nan,nan,nan,-2.552504038772207551e-02,-2.778675282714051370e-02,nan,nan,nan,-1.938610662358564163e-03,nan,nan,nan,nan,3.231017770598309862e-04,nan,nan,6.462035541195731763e-04,nan,nan,nan
nan,nan,nan,nan,6.600660066006569515e-03,nan,nan,nan,nan,nan,-2.739273927392742516e-02,nan,nan,nan,nan,nan,nan,nan,nan,nan,nan,nan,nan,nan,nan,nan,nan,nan,nan,nan,nan,nan,nan,nan,nan,nan,nan,nan,nan,-6.600660066006680971e-04,-1.815181518151815984e-02,nan,-2.904290429042906060e-02,nan,nan,nan,nan,nan,-4.521452145214521767e-02,-4.521452145214523849e-02,-2.640264026402672388e-03,nan,nan,-1.551155115511551087e-02,nan,nan,nan,nan,nan,nan,nan,6.600660066006458710e-04,nan,nan,nan
nan,nan,nan,nan,nan,nan,nan,nan,nan,nan,4.411764705882355309e-02,nan,nan,nan,nan,nan,nan,nan,nan,nan,nan,nan,nan,nan,nan,nan,nan,nan,nan,nan,nan,nan,nan,nan,nan,nan,nan,nan,nan,1.307189542483699939e-03,-6.535947712417611733e-04,nan,2.352941176470593060e-02,nan,nan,nan,nan,nan,6.862745098039279776e-03,-1.437908496732021035e-02,nan,nan,nan,nan,-1.503267973856203810e-02,9.803921568627860673e-04,nan,nan,nan,nan,nan,5.751633986928106346e-02,nan,nan,-1.764705882352934907e-02
nan,nan,nan,nan,nan,nan,2.990353697749192907e-02,nan,nan,nan,2.861736334405140525e-02,nan,nan,nan,nan,nan,nan,nan,nan,nan,nan,nan,nan,nan,nan,nan,nan,nan,nan,nan,nan,nan,nan,nan,nan,nan,nan,nan,nan,nan,nan,nan,3.954983922829580223e-02,-1.189710610932479505e-02,nan,nan,nan,nan,1.254019292604495808e-02,-8.038585209003291238e-03,4.823151125401858516e-03,nan,nan,nan,nan,nan,1.189710610932470658e-02,nan,-9.003215434083621654e-03,nan,nan,nan,nan,2.508038585209000290e-02,nan
nan,nan,nan,nan,5.220228384991787082e-03,nan,nan,nan,nan,nan,nan,nan,nan,nan,nan,nan,nan,nan,nan,nan,nan,nan,nan,nan,nan,nan,nan,nan,nan,nan,nan,nan,nan,nan,-1.794453507340949480e-02,nan,nan,nan,nan,6.525285481238984669e-04,nan,nan,-3.066884176182711405e-02,-3.849918433931487360e-02,-9.461663947797748636e-03,nan,nan,nan,-3.882544861337686865e-02,-3.621533442088096383e-02,nan,nan,nan,-2.220446049250313204e-17,nan,nan,nan,nan,-8.156606851549796228e-03,nan,nan,nan,nan,nan,nan
6.493506493505885263e-04,nan,nan,nan,nan,nan,nan,nan,nan,nan,nan,nan,nan,nan,nan,-6.493506493506995486e-04,nan,nan,nan,nan,-2.597402597402600349e-02,nan,-2.564935064935067871e-02,nan,nan,nan,nan,nan,nan,nan,nan,nan,nan,nan,nan,-2.662337662337668082e-02,nan,nan,nan,8.766233766233710173e-03,nan,-9.090909090909149448e-03,-1.233766233766237994e-02,-1.201298701298705342e-02,nan,nan,nan,nan,nan,nan,nan,nan,nan,nan,nan,nan,nan,nan,8.441558441558406206e-03,nan,nan,nan,nan,nan,nan
-6.493506493506773225e-04,nan,nan,nan,nan,nan,nan,nan,nan,nan,nan,nan,nan,nan,nan,-4.220779220779258614e-03,nan,nan,nan,nan,-2.012987012987017474e-02,nan,-2.240259740259744475e-02,nan,nan,nan,nan,nan,nan,nan,nan,nan,nan,nan,nan,-1.915584415584419345e-02,nan,nan,nan,8.116883116883055402e-03,nan,-1.363636363636369121e-02,-1.623376623376624611e-02,-1.071428571428576469e-02,nan,nan,nan,nan,nan,nan,nan,nan,nan,nan,nan,nan,nan,nan,2.597402597402554032e-03,nan,nan,nan,nan,nan,nan
nan,nan,nan,nan,nan,nan,nan,nan,nan,nan,nan,nan,nan,nan,nan,nan,nan,nan,-3.451612903225807077e-02,nan,nan,nan,nan,nan,nan,nan,-2.870967741935481765e-02,nan,nan,nan,-3.064516129032257563e-02,nan,nan,nan,nan,nan,nan,nan,nan,-3.548387096774192895e-02,-1.967741935483870858e-02,nan,-2.258064516129043749e-03,nan,nan,nan,nan,nan,-2.677419354838708049e-02,-2.741935483870967458e-02,nan,nan,nan,-4.806451612903221704e-02,nan,nan,nan,nan,nan,nan,nan,nan,nan,nan,9.677419354838701429e-03
-1.620745542949819694e-03,nan,nan,nan,6.158833063209035071e-03,nan,nan,nan,nan,nan,-2.220446049250313204e-17,nan,nan,nan,nan,nan,nan,nan,nan,nan,nan,nan,nan,nan,nan,nan,nan,nan,nan,nan,nan,nan,nan,nan,nan,nan,nan,nan,nan,6.482982171798657312e-04,nan,nan,nan,nan,nan,nan,nan,nan,-3.241491085899772637e-04,nan,nan,nan,nan,6.482982171798878489e-04,-3.241491085899772637e-04,-3.565640194489505359e-03,nan,nan,1.944894651539707999e-03,nan,nan,1.620745542949775242e-03,nan,nan,nan
nan,nan,nan,nan,8.837970540098249658e-03,nan,nan,nan,nan,nan,-1.636661211129264437e-03,nan,nan,nan,nan,nan,nan,nan,nan,nan,nan,nan,nan,nan,nan,nan,nan,nan,nan,nan,nan,nan,nan,nan,nan,nan,nan,nan,nan,-8.510638297872307606e-03,nan,nan,-1.931260229132563191e-02,nan,nan,nan,nan,nan,-2.258592471358422671e-02,-1.800327332242219677e-02,-3.273322422258528874e-03,nan,nan,nan,-9.165302782324035585e-03,-1.145662847790502800e-02,nan,nan,nan,nan,nan,0.000000000000000000e+00,nan,nan,nan
nan,nan,nan,nan,nan,nan,nan,6.493506493505885263e-04,nan,nan,nan,nan,nan,nan,nan,nan,nan,-1.948051948051987515e-03,-1.980519480519484649e-02,nan,nan,nan,nan,-1.331168831168834041e-02,-1.948051948051987515e-03,nan,-2.077922077922085206e-02,-2.077922077922080696e-02,-1.753246753246757647e-02,nan,nan,-2.175324675324681253e-02,nan,-1.428571428571430088e-02,nan,nan,nan,nan,nan,nan,nan,nan,nan,nan,nan,nan,nan,nan,nan,nan,nan,nan,nan,nan,nan,nan,nan,nan,nan,nan,nan,nan,nan,nan,nan
-2.272000000000000755e-02,nan,nan,nan,nan,nan,nan,nan,nan,nan,-1.055999999999999127e-02,nan,nan,nan,nan,nan,nan,nan,nan,nan,nan,nan,nan,nan,nan,nan,nan,nan,nan,nan,nan,nan,nan,nan,nan,nan,nan,nan,nan,-4.799999999999982232e-03,nan,nan,-3.551999999999999602e-02,-3.455999999999999350e-02,-1.535999999999999518e-02,nan,nan,nan,-2.912000000000001393e-02,-2.432000000000000828e-02,-4.160000000000008309e-03,nan,nan,-7.359999999999988947e-03,nan,nan,nan,nan,nan,nan,nan,nan,nan,nan,nan
nan,nan,-5.171849427168577484e-02,-2.684124386252046898e-02,nan,nan,nan,nan,nan,nan,nan,nan,nan,nan,-4.549918166939446312e-02,nan,nan,nan,nan,nan,nan,nan,-5.761047463175126421e-02,nan,nan,nan,nan,nan,nan,nan,nan,nan,nan,nan,9.819967266775585756e-04,nan,nan,nan,nan,nan,nan,nan,-2.062193126022915379e-02,nan,nan,nan,nan,nan,nan,nan,2.291325695580992416e-03,nan,nan,2.291325695580970299e-03,nan,nan,nan,-4.909983633387891150e-02,nan,nan,nan,nan,nan,nan,6.546644844516835270e-04
nan,nan,nan,nan,nan,nan,nan,nan,nan,nan,-3.154574132492109217e-02,nan,nan,nan,nan,nan,nan,nan,nan,nan,nan,nan,nan,nan,nan,nan,nan,nan,nan,nan,nan,nan,nan,nan,nan,nan,nan,nan,nan,5.047318611987416763e-03,nan,nan,-2.996845425867502438e-02,-3.312302839116711833e-02,-1.167192429022076948e-02,nan,nan,nan,-2.965299684542583789e-02,-3.123028391167186404e-02,-9.463722397476282289e-04,nan,nan,-9.463722397476282289e-04,nan,nan,nan,nan,nan,nan,nan,nan,nan,nan,-8.832807570977863759e-03
nan,nan,nan,nan,8.116883116883077953e-03,nan,nan,nan,nan,nan,-1.298701298701354645e-03,nan,nan,nan,nan,nan,nan,nan,nan,-6.493506493506773225e-04,nan,nan,nan,nan,nan,nan,nan,nan,nan,nan,nan,nan,nan,nan,nan,nan,nan,nan,nan,-3.246753246753719463e-04,-4.545454545454563448e-03,nan,-1.298701298701303644e-02,nan,nan,nan,nan,nan,-2.077922077922080696e-02,-2.402597402597406173e-02,nan,nan,nan,nan,nan,nan,nan,nan,-1.948051948052031968e-03,nan,nan,-2.220446049250313204e-17,nan,nan,nan
nan,nan,nan,nan,nan,nan,nan,nan,nan,nan,-1.328903654485051947e-02,nan,nan,nan,nan,nan,nan,nan,nan,nan,nan,nan,nan,nan,nan,nan,nan,nan,nan,nan,nan,nan,nan,nan,-5.980066445182718841e-03,nan,nan,nan,nan,-1.993355481727610099e-03,nan,nan,8.305647840531582907e-03,-1.627906976744184636e-02,nan,nan,nan,nan,2.591362126245848677e-02,-1.328903654485049692e-02,9.003322259136212202e-02,nan,nan,7.408637873754150838e-02,nan,nan,nan,nan,nan,nan,nan,6.644518272425270142e-03,nan,nan,nan
3.542673107890470519e-03,nan,nan,nan,8.051529790660216096e-03,nan,nan,nan,nan,nan,-1.674718196457329958e-02,nan,nan,nan,nan,nan,nan,nan,nan,nan,nan,nan,nan,nan,nan,nan,nan,nan,nan,nan,nan,nan,nan,nan,nan,nan,nan,nan,nan,1.288244766505632945e-02,nan,nan,-1.674718196457329958e-02,1.610305958132007787e-03,nan,nan,nan,nan,-6.763285024154574998e-03,-2.318840579710148425e-02,-3.542673107890514754e-03,nan,nan,-3.864734299516925462e-03,nan,nan,nan,nan,nan,nan,nan,nan,nan,nan,nan
nan,nan,nan,nan,nan,nan,nan,nan,nan,nan,1.307189542483655487e-03,nan,nan,nan,nan,nan,nan,nan,nan,nan,nan,nan,nan,nan,nan,nan,nan,nan,nan,nan,nan,nan,nan,nan,nan,nan,nan,nan,nan,-6.535947712418277433e-04,nan,nan,-5.882352941176493925e-03,nan,nan,nan,nan,nan,-1.437908496732027627e-02,1.143790849673200806e-02,-5.228758169934621947e-03,nan,nan,-5.228758169934621947e-03,-1.633986928104591476e-03,2.287581699346352866e-03,nan,nan,nan,nan,nan,3.267973856209138717e-04,nan,nan,nan
nan,nan,nan,nan,4.276315789473694902e-03,nan,nan,nan,nan,nan,nan,nan,nan,nan,nan,nan,nan,nan,nan,nan,nan,nan,nan,nan,nan,nan,nan,nan,nan,nan,nan,nan,nan,nan,nan,nan,nan,nan,nan,-1.282894736842108384e-02,nan,nan,-4.144736842105263552e-02,-4.638157894736842646e-02,-1.052631578947369438e-02,nan,nan,nan,-5.065789473684210314e-02,-4.967105263157896300e-02,-1.644736842105287786e-03,nan,nan,-6.578947368421240050e-04,nan,nan,nan,nan,-1.513157894736842993e-02,nan,nan,nan,nan,nan,nan
nan,nan,nan,nan,nan,nan,nan,nan,nan,nan,nan,nan,nan,-1.392405063291137814e-02,-9.177215189873421525e-03,nan,-1.487341772151895558e-02,nan,2.531645569620266656e-03,nan,nan,nan,-1.075949367088608818e-02,nan,nan,-1.329113924050631147e-02,2.531645569620266656e-03,nan,nan,nan,nan,nan,nan,nan,nan,-1.360759493670884480e-02,nan,nan,nan,nan,nan,nan,nan,nan,nan,nan,nan,nan,nan,nan,nan,nan,nan,nan,nan,nan,nan,0.000000000000000000e+00,nan,nan,nan,nan,nan,nan,-4.430379746835466648e-03
nan,nan,nan,nan,nan,nan,-2.584814216478190790e-02,nan,nan,nan,nan,nan,nan,-2.714054927302100850e-02,nan,nan,-3.263327948303718085e-02,nan,nan,nan,nan,nan,nan,nan,nan,-3.069466882067852648e-02,nan,nan,nan,nan,nan,nan,nan,nan,nan,-3.424878836833602364e-02,nan,nan,nan,3.554119547657497158e-03,nan,nan,-6.138933764135700959e-03,2.907915993537968542e-03,8.400646203554074098e-03,nan,nan,nan,nan,nan,nan,nan,nan,1.615508885298866425e-03,nan,nan,nan,nan,nan,nan,nan,nan,nan,nan,nan
nan,nan,-1.061093247588424868e-02,nan,nan,nan,nan,-2.250803858520900209e-03,nan,nan,nan,nan,nan,nan,nan,nan,nan,-1.929260450160752340e-03,nan,nan,nan,nan,nan,-1.157556270096462593e-02,-3.536977491961401480e-03,nan,nan,-1.254019292604502400e-02,-7.395498392282972948e-03,nan,nan,-7.073954983922848064e-03,nan,-1.221864951768489825e-02,nan,nan,nan,nan,nan,nan,nan,nan,nan,nan,nan,nan,nan,nan,nan,nan,nan,nan,nan,nan,nan,nan,nan,-1.736334405144695017e-02,nan,nan,nan,nan,nan,nan,nan
nan,nan,nan,nan,9.884678747940523359e-04,nan,nan,nan,nan,nan,-6.260296540362442555e-03,nan,nan,nan,nan,nan,nan,nan,nan,nan,nan,nan,nan,nan,nan,nan,nan,nan,nan,2.009884678747939774e-02,nan,nan,nan,nan,9.884678747940679050e-03,nan,nan,nan,nan,nan,nan,nan,nan,nan,1.647446457990109272e-03,nan,nan,2.570016474464580439e-02,1.581548599670512534e-02,3.294892915980174091e-04,5.568369028006590199e-02,nan,nan,5.436573311367378508e-02,nan,nan,nan,nan,nan,nan,nan,nan,nan,nan,nan
nan,nan,nan,nan,5.032467532467532756e-02,nan,nan,nan,nan,nan,nan,nan,nan,nan,nan,nan,nan,nan,nan,3.571428571428580858e-03,nan,nan,nan,nan,nan,nan,nan,nan,nan,nan,nan,nan,nan,nan,nan,nan,nan,nan,nan,-6.818181818181811779e-03,nan,nan,nan,nan,nan,nan,nan,nan,6.493506493506550964e-04,1.493506493506493484e-02,-4.870129870129913385e-03,nan,nan,-4.870129870129913385e-03,1.331168831168829704e-02,-1.980519480519478057e-02,nan,nan,nan,nan,nan,6.688311688311690539e-02,nan,nan,nan
4.075235109717923083e-03,nan,nan,nan,nan,nan,nan,nan,nan,nan,-1.818181818181816706e-02,nan,nan,nan,nan,nan,nan,nan,nan,nan,nan,nan,nan,nan,nan,nan,nan,nan,nan,nan,nan,nan,nan,nan,nan,nan,nan,nan,nan,9.404388714733924026e-04,nan,nan,-2.758620689655168906e-02,-2.288401253918492806e-02,-5.956112852664552197e-03,nan,nan,nan,-3.103448275862066147e-02,-3.605015673981189217e-02,-2.821316614420044284e-03,nan,nan,-9.404388714733258325e-04,nan,nan,nan,nan,nan,nan,nan,nan,nan,nan,nan
nan,nan,nan,nan,nan,nan,nan,nan,nan,nan,nan,nan,nan,nan,nan,nan,nan,nan,nan,nan,nan,nan,nan,nan,nan,nan,nan,nan,nan,nan,nan,nan,nan,nan,3.267973856209160834e-03,nan,nan,nan,nan,-7.843137254901932920e-03,nan,nan,-2.450980392156860629e-02,-2.450980392156860629e-02,3.267973856209360978e-04,nan,nan,nan,-3.039215686274510109e-02,-3.202614379084964963e-02,2.287581699346397102e-03,nan,nan,2.941176470588224845e-03,nan,nan,nan,nan,-4.869281045751629872e-02,nan,nan,nan,nan,nan,nan
nan,nan,-6.000000000000005329e-03,nan,nan,nan,nan,nan,nan,nan,nan,nan,nan,nan,nan,nan,nan,-1.333333333333364080e-03,nan,nan,nan,nan,nan,-4.000000000000003553e-03,-5.000000000000004441e-03,nan,nan,-6.666666666666687044e-03,-2.999999999999980547e-03,nan,-8.000000000000007105e-03,-5.000000000000004441e-03,nan,-6.000000000000027880e-03,nan,nan,nan,nan,nan,nan,nan,nan,nan,nan,nan,nan,nan,nan,nan,nan,nan,nan,nan,nan,nan,nan,nan,-5.666666666666664472e-03,nan,nan,nan,nan,nan,nan,nan
nan,nan,nan,nan,nan,nan,nan,nan,nan,nan,nan,nan,nan,nan,nan,nan,nan,nan,-1.300813008130030559e-03,nan,nan,nan,nan,nan,nan,nan,9.430894308943105903e-03,nan,nan,nan,nan,nan,nan,nan,nan,nan,nan,nan,nan,nan,3.252032520325576215e-04,nan,6.504065040650419509e-03,2.926829268292685526e-02,nan,nan,nan,nan,nan,nan,nan,nan,nan,1.300813008130097346e-03,-3.056910569105688452e-02,-2.666666666666666144e-02,-8.780487804878034028e-03,nan,nan,nan,nan,nan,nan,-5.203252032520300045e-03,nan
nan,nan,nan,nan,nan,nan,-1.087999999999995568e-02,nan,nan,nan,-6.079999999999996865e-03,nan,nan,nan,nan,nan,nan,nan,nan,nan,nan,nan,nan,nan,nan,nan,nan,nan,nan,nan,nan,nan,nan,nan,1.920000000000032792e-03,nan,nan,nan,nan,nan,nan,nan,nan,-8.959999999999967990e-03,2.220446049250313204e-17,nan,nan,-1.279999999999969964e-03,-1.343999999999998494e-02,-1.215999999999999373e-02,1.280000000000014416e-03,nan,nan,3.200000000000091877e-04,nan,nan,nan,nan,nan,nan,nan,nan,nan,nan,nan
nan,nan,nan,nan,nan,nan,nan,3.548387096774163838e-03,nan,nan,nan,nan,nan,nan,nan,nan,nan,1.935483870967757980e-03,-6.129032258064537157e-03,nan,nan,nan,nan,nan,2.903225806451592735e-03,nan,-5.806451612903251389e-03,-4.838709677419372399e-03,nan,nan,9.677419354838567639e-04,-7.096774193548394463e-03,nan,-4.193548387096801729e-03,nan,nan,nan,nan,nan,nan,-3.548387096774230191e-03,nan,nan,nan,nan,nan,nan,nan,nan,nan,nan,nan,nan,nan,nan,nan,nan,nan,nan,nan,nan,nan,nan,nan,nan
9.477124183006502278e-03,nan,nan,nan,3.823529411764705482e-02,nan,nan,nan,nan,nan,2.287581699346406122e-02,nan,nan,nan,-9.477124183006502278e-03,nan,nan,nan,nan,nan,nan,nan,nan,nan,nan,nan,nan,nan,nan,nan,nan,nan,nan,nan,nan,nan,nan,nan,nan,-6.535947712418277433e-04,nan,nan,nan,nan,nan,nan,nan,nan,-4.901960784313774862e-03,-1.797385620915035315e-02,6.535947712418277433e-04,nan,nan,0.000000000000000000e+00,nan,nan,nan,nan,-1.633986928104569358e-03,nan,nan,nan,nan,nan,nan
nan,nan,nan,nan,8.103727714748742636e-03,nan,-5.510534846029213792e-03,nan,nan,nan,-6.482982171799078416e-03,nan,nan,nan,nan,nan,nan,nan,nan,nan,nan,nan,nan,nan,nan,nan,nan,nan,nan,nan,nan,nan,nan,nan,nan,nan,nan,nan,nan,7.779578606158766077e-03,nan,nan,-1.847649918962728302e-02,-1.588330632090764055e-02,nan,nan,nan,nan,-1.880064829821721448e-02,-1.750405186385739498e-02,nan,nan,nan,4.213938411669326638e-03,nan,nan,nan,nan,nan,nan,nan,9.724473257698207146e-04,nan,nan,nan
nan,nan,nan,nan,nan,nan,nan,nan,nan,nan,nan,nan,nan,-1.217948717948713622e-02,nan,nan,nan,nan,nan,nan,-1.923076923076920755e-02,nan,-6.474358974358970786e-02,nan,nan,nan,nan,nan,nan,nan,nan,nan,nan,nan,nan,nan,nan,nan,nan,3.525641025641035233e-03,nan,nan,-1.987179487179484630e-02,-1.634615384615378808e-02,-3.205128205128193741e-04,nan,nan,nan,-2.275641025641024148e-02,-2.147435897435894317e-02,nan,nan,nan,-1.442307692307691694e-02,nan,nan,nan,nan,nan,nan,nan,nan,nan,nan,nan
nan,nan,nan,nan,nan,nan,nan,nan,nan,nan,-9.075630252100808440e-03,nan,nan,nan,nan,nan,nan,nan,nan,nan,nan,nan,nan,nan,nan,nan,nan,nan,nan,nan,nan,nan,nan,nan,2.689075630252157727e-03,nan,nan,nan,nan,-4.369747899159626310e-03,nan,nan,6.386554621848783420e-03,-1.176470588235287683e-02,2.117647058823533129e-02,nan,nan,nan,-1.008403361344489867e-03,-1.411764705882350215e-02,9.512605042016808454e-02,nan,nan,1.196638655462185091e-01,nan,nan,nan,nan,nan,nan,nan,nan,nan,nan,nan
nan,nan,nan,nan,9.891808346213282199e-03,nan,nan,nan,nan,nan,-6.491499227202468178e-03,nan,nan,nan,nan,nan,nan,nan,nan,nan,nan,nan,nan,nan,nan,nan,nan,nan,nan,nan,nan,nan,nan,nan,nan,nan,nan,nan,nan,nan,nan,nan,-3.276661514683156667e-02,-3.245749613601236344e-02,-1.391035548686243503e-02,nan,nan,nan,-3.245749613601236344e-02,-3.802163833075735550e-02,-1.236476043276679791e-03,nan,nan,-1.854714064914997351e-03,nan,nan,nan,nan,nan,nan,nan,nan,nan,nan,-1.205564142194746023e-02
nan,nan,nan,nan,nan,nan,nan,nan,nan,nan,-4.480000000000039506e-03,nan,nan,nan,nan,nan,nan,nan,nan,nan,nan,nan,nan,nan,nan,nan,nan,nan,nan,nan,nan,nan,nan,nan,nan,nan,nan,nan,nan,7.359999999999944711e-03,-1.664000000000007834e-02,nan,-4.064000000000007884e-02,-4.192000000000006832e-02,nan,nan,nan,nan,-4.096000000000003805e-02,-4.320000000000003698e-02,-4.800000000000049019e-03,nan,nan,-4.480000000000062058e-03,nan,nan,nan,nan,-9.600000000000052935e-03,nan,nan,nan,nan,nan,nan
nan,nan,2.912621359223344000e-03,nan,nan,nan,nan,nan,nan,nan,nan,nan,nan,nan,nan,nan,nan,nan,1.618122977346314606e-03,nan,nan,nan,nan,-3.236245954692518190e-03,nan,nan,-3.236245954692185340e-04,-5.177993527508051655e-03,5.501618122977380669e-03,nan,nan,-6.148867313915817520e-03,nan,-7.119741100323584253e-03,nan,nan,nan,nan,nan,nan,6.796116504854410496e-03,nan,nan,nan,nan,nan,nan,nan,nan,nan,nan,nan,nan,nan,nan,nan,nan,nan,nan,nan,nan,nan,nan,nan,1.941747572815555366e-03
nan,nan,nan,nan,2.640264026402605602e-03,nan,nan,nan,nan,nan,-3.960396039603963914e-03,nan,nan,nan,nan,nan,nan,nan,nan,nan,nan,nan,nan,nan,nan,nan,nan,nan,nan,nan,nan,nan,nan,nan,nan,nan,nan,nan,nan,9.900990099009688607e-04,nan,nan,-2.475247524752477446e-02,nan,nan,nan,nan,nan,nan,-1.188118811881191429e-02,-5.610561056105645324e-03,nan,nan,nan,-2.739273927392742516e-02,-2.805280528052806963e-02,nan,nan,-2.574257425742576544e-02,nan,nan,9.900990099009688607e-04,nan,nan,nan
nan,nan,nan,nan,nan,nan,nan,nan,nan,nan,nan,nan,nan,nan,nan,nan,nan,nan,nan,nan,nan,nan,nan,nan,nan,nan,nan,nan,nan,nan,-3.728813559322034787e-02,nan,nan,nan,nan,nan,nan,nan,nan,-4.000000000000003553e-02,nan,nan,nan,-3.898305084745765786e-02,-1.423728813559319538e-02,nan,nan,8.474576271186440649e-03,-4.813559322033898052e-02,-5.186440677966101809e-02,3.389830508474522830e-04,nan,nan,0.000000000000000000e+00,nan,nan,nan,nan,nan,nan,nan,nan,nan,nan,-2.101694915254235380e-02
nan,nan,nan,nan,nan,nan,2.866556836902798416e-02,nan,nan,nan,nan,nan,nan,nan,nan,5.930807248764409512e-02,nan,nan,nan,-6.589785831960792706e-04,nan,nan,nan,nan,nan,nan,nan,nan,nan,nan,nan,nan,nan,nan,nan,nan,nan,nan,nan,nan,1.515650741350902352e-02,nan,nan,nan,nan,nan,nan,nan,nan,nan,nan,nan,nan,nan,-3.228995057660630913e-02,2.635914332784161825e-03,8.896210873146580961e-03,nan,-1.614497528830314416e-02,nan,nan,6.985172981878084997e-02,nan,-2.668863261943992329e-02,nan
