nan,nan,nan,-3.99E-02,nan,nan,nan,nan,nan,-1.01E-02,nan,1.21E-02,nan,nan,nan,nan,nan,nan,nan,nan,nan,-3.86E-02,-1.01E-02,nan,nan,-1.01E-02,nan,nan,nan,8.51E-03,nan,nan,-3.63E-02,nan,nan,nan,-1.67E-02,nan,nan,nan,nan,nan,nan,nan,nan,nan,nan,nan,nan,nan,nan,nan,nan,-1.64E-02,nan,nan,nan,nan,nan,nan,nan,nan,nan,nan,nan
nan,1.77E-02,nan,-9.84E-03,-7.54E-03,nan,nan,nan,nan,nan,nan,8.49E-02,nan,-1.57E-02,6.89E-03,nan,1.28E-02,nan,nan,nan,nan,nan,-7.87E-03,nan,nan,-1.80E-02,nan,nan,nan,6.56E-03,nan,nan,nan,nan,nan,nan,nan,nan,nan,nan,nan,nan,nan,nan,nan,nan,nan,nan,nan,nan,nan,nan,nan,nan,nan,nan,nan,nan,nan,nan,nan,nan,nan,nan,nan
nan,nan,nan,nan,nan,nan,nan,-1.90E-02,nan,nan,nan,-4.38E-02,nan,nan,-7.13E-02,nan,nan,nan,nan,nan,nan,nan,nan,nan,nan,nan,nan,nan,nan,-2.58E-02,nan,nan,nan,nan,nan,nan,nan,-1.77E-02,-1.63E-02,nan,nan,nan,nan,nan,nan,nan,nan,nan,nan,nan,nan,nan,-2.04E-02,nan,nan,nan,nan,nan,nan,-4.89E-02,4.07E-03,nan,nan,nan,-4.45E-02
nan,nan,-2.570016474464578010e-02,nan,nan,nan,nan,nan,nan,nan,nan,nan,nan,nan,-2.372322899505763250e-02,nan,nan,-2.602965403624379892e-02,-2.471169686985173058e-02,nan,nan,nan,nan,nan,nan,nan,-2.306425041186159833e-02,nan,-1.779242174629323131e-02,1.317957166392091971e-03,nan,nan,nan,-2.174629324546950571e-02,nan,nan,nan,nan,nan,nan,nan,nan,nan,nan,nan,nan,nan,nan,0.000000000000000000e+00,6.589785831960792706e-04,nan,nan,nan,nan,nan,nan,nan,nan,nan,nan,nan,nan,nan,nan,nan
-5.891980360065418240e-03,nan,nan,nan,6.219312602291382844e-03,nan,nan,nan,nan,nan,nan,-1.407528641571189655e-02,nan,nan,-4.615384615384612171e-02,nan,nan,nan,-4.713584288052367899e-02,nan,nan,nan,nan,nan,nan,nan,nan,nan,nan,-1.047463175122742562e-02,-4.779050736497540697e-02,nan,nan,-4.320785597381338050e-02,nan,nan,nan,nan,nan,nan,-2.356792144026180827e-02,nan,nan,nan,nan,nan,nan,nan,nan,nan,nan,nan,nan,nan,nan,nan,nan,nan,nan,nan,nan,3.273322422258751027e-04,nan,nan,nan
nan,-1.928104575163402945e-02,nan,nan,nan,nan,nan,nan,nan,nan,nan,1.960784313725461112e-03,nan,nan,-2.058823529411768494e-02,nan,nan,nan,nan,nan,nan,nan,-2.647058823529413463e-02,-2.973856209150329416e-02,nan,nan,nan,nan,nan,3.627450980392152996e-02,nan,nan,nan,-3.071895424836603578e-02,nan,nan,nan,nan,nan,nan,nan,nan,nan,nan,nan,nan,nan,nan,nan,nan,-4.183006535947717680e-02,nan,nan,nan,nan,nan,nan,nan,nan,-6.601307189542489351e-02,nan,nan,1.209150326797381325e-02,nan,nan
nan,nan,nan,nan,nan,nan,nan,-3.436988543371528870e-02,nan,nan,nan,nan,nan,nan,nan,nan,nan,nan,nan,nan,nan,-4.320785597381347071e-02,nan,nan,nan,nan,nan,-3.044189852700496246e-02,-3.338788870703770367e-02,2.978723404255314428e-02,nan,nan,-1.898527004909988936e-02,nan,nan,nan,nan,1.342062193126019112e-02,nan,1.243862520458260956e-02,nan,nan,nan,-1.342062193126027959e-02,nan,nan,nan,nan,nan,nan,nan,nan,nan,nan,nan,nan,nan,nan,nan,-1.931260229132574294e-02,nan,nan,nan,nan,nan
nan,-1.300813008130119464e-03,nan,nan,nan,7.577235772357719668e-02,nan,1.040650406504060009e-02,2.666666666666661634e-02,nan,nan,nan,5.398373983739832710e-02,nan,nan,nan,nan,nan,nan,nan,nan,-1.398373983739842341e-02,nan,nan,nan,-3.577235772357778652e-03,nan,nan,nan,3.284552845528447562e-02,nan,nan,nan,nan,nan,nan,nan,nan,nan,nan,nan,nan,nan,nan,nan,nan,nan,nan,-5.528455284552901902e-03,1.691056910569099792e-02,nan,nan,nan,nan,nan,nan,nan,nan,nan,nan,nan,nan,nan,nan,nan
-5.145631067961164984e-02,nan,nan,nan,nan,nan,nan,nan,nan,nan,nan,nan,nan,-3.624595469255664781e-02,nan,nan,-4.563106796116504771e-02,nan,nan,-8.737864077669920543e-03,nan,nan,-3.042071197411002487e-02,nan,nan,nan,-2.556634304207117125e-02,nan,nan,-6.893203883495147011e-02,nan,nan,nan,nan,nan,-4.271844660194175358e-02,nan,nan,nan,nan,nan,nan,nan,nan,nan,nan,nan,nan,nan,nan,nan,nan,nan,nan,nan,nan,2.718446601941748586e-02,nan,nan,nan,nan,nan,nan,2.944983818770225900e-02,nan
nan,-1.313628899835794783e-02,nan,nan,-8.210180623973717395e-03,nan,nan,nan,-2.233169129720851201e-02,nan,nan,-2.791461412151063914e-02,-2.495894909688010227e-02,nan,-2.331691297208535879e-02,nan,nan,nan,nan,nan,nan,nan,nan,nan,nan,-2.266009852216745862e-02,nan,nan,nan,5.582922824302128002e-03,nan,nan,nan,nan,nan,nan,nan,nan,nan,nan,nan,nan,nan,nan,nan,nan,nan,nan,nan,nan,nan,nan,nan,-9.852216748768461308e-04,nan,nan,nan,-2.988505747126433271e-02,nan,nan,nan,nan,nan,nan,nan
nan,-1.845140032948926548e-02,nan,nan,nan,nan,nan,nan,nan,-1.647446457990113869e-02,nan,-7.907742998352529709e-03,nan,-4.184514003294888262e-02,-3.657331136738053295e-02,nan,nan,nan,nan,nan,nan,nan,nan,nan,nan,-4.052718286655680735e-02,nan,nan,nan,1.219110378912686629e-02,-3.887973640856669938e-02,nan,nan,nan,nan,nan,nan,nan,nan,nan,nan,nan,nan,nan,nan,nan,nan,nan,nan,nan,1.976935749588126789e-03,nan,nan,-6.589785831960348183e-04,nan,nan,nan,nan,nan,nan,nan,nan,nan,nan,nan
nan,nan,nan,nan,1.577287066246046976e-03,nan,nan,nan,nan,7.350157728706623039e-02,nan,-4.731861198738163479e-03,nan,nan,5.394321766561512022e-02,nan,nan,nan,6.056782334384858135e-02,nan,nan,nan,1.798107255520507014e-02,nan,nan,5.646687697160883423e-02,nan,nan,nan,3.659305993690849246e-02,nan,nan,nan,nan,nan,nan,nan,nan,nan,nan,nan,nan,nan,nan,nan,nan,nan,nan,nan,nan,nan,nan,nan,nan,nan,nan,nan,-1.577287066246055997e-02,nan,1.261829652996859829e-03,nan,nan,nan,nan,nan
nan,nan,-1.318327974276529632e-02,nan,nan,nan,nan,nan,nan,nan,nan,nan,nan,nan,nan,nan,nan,nan,1.736334405144690507e-02,nan,nan,nan,nan,nan,nan,nan,-2.154340836012862484e-02,-1.768488745980711929e-02,-1.543408360128619740e-02,2.218649517684885206e-02,nan,nan,nan,-1.993569131832799782e-02,nan,nan,nan,4.823151125401903619e-03,nan,nan,nan,nan,nan,nan,nan,nan,nan,nan,nan,nan,nan,nan,nan,nan,nan,nan,nan,nan,nan,2.572347266881023359e-02,nan,nan,-8.038585209003268686e-03,nan,nan
nan,-1.783439490445861558e-02,nan,nan,-1.656050955414016881e-02,nan,nan,nan,nan,-2.579617834394904927e-02,nan,-1.082802547770702652e-02,nan,nan,-1.974522292993632216e-02,nan,nan,nan,-2.133757961783442486e-02,nan,nan,nan,nan,nan,nan,-1.687898089171975188e-02,nan,nan,nan,-8.121019108280255749e-02,nan,nan,nan,nan,-3.057324840764335042e-02,nan,nan,nan,nan,nan,nan,nan,nan,nan,nan,nan,nan,nan,nan,nan,nan,nan,nan,nan,nan,nan,nan,-3.152866242038219330e-02,nan,nan,nan,nan,nan,nan,nan
nan,nan,nan,nan,nan,nan,nan,-3.283082077051931169e-02,3.450586264656611835e-02,9.045226130653217372e-03,5.561139028475707569e-02,-1.139028475711898435e-02,nan,nan,2.680067001675039487e-02,nan,nan,nan,nan,nan,nan,nan,nan,nan,nan,1.876046901172523373e-02,nan,nan,nan,2.244556113902842348e-02,-4.053601340033503864e-02,nan,nan,nan,nan,nan,nan,nan,nan,nan,nan,nan,nan,nan,nan,nan,nan,nan,2.378559463986595901e-02,nan,nan,nan,nan,nan,nan,nan,nan,nan,nan,nan,nan,nan,nan,nan,nan
nan,nan,nan,nan,-1.969949916527546918e-02,nan,nan,nan,nan,nan,nan,nan,nan,nan,nan,nan,nan,nan,nan,nan,nan,nan,nan,-3.238731218697825376e-02,nan,nan,nan,nan,-3.071786310517527971e-02,-4.373956594323871044e-02,nan,nan,nan,-3.171953255425707940e-02,nan,nan,nan,nan,nan,-1.001669449081799045e-03,nan,nan,nan,-3.472454090150247502e-02,-7.679465776293792172e-03,nan,-7.679465776293792172e-03,nan,nan,nan,nan,-3.272120200333885481e-02,nan,nan,nan,nan,nan,nan,nan,nan,nan,nan,nan,nan,nan
nan,nan,nan,nan,nan,nan,nan,nan,nan,4.705882352941172936e-02,nan,3.496732026143787447e-02,nan,nan,1.633986928104571440e-02,nan,nan,nan,nan,nan,nan,nan,3.594771241830061609e-02,nan,nan,1.470588235294114678e-02,2.843137254901957275e-02,5.196078431372545825e-02,nan,2.516339869281043404e-02,nan,nan,nan,nan,nan,nan,nan,nan,nan,nan,nan,nan,nan,nan,nan,nan,nan,8.823529411764674535e-03,nan,2.581699346405224096e-02,nan,nan,nan,nan,nan,nan,nan,nan,nan,nan,nan,nan,nan,nan,nan
nan,-9.210526315789469357e-03,nan,nan,-6.184210526315792045e-02,nan,nan,nan,nan,-1.447368421052632782e-02,nan,-1.315789473684212361e-02,nan,nan,-2.039473684210528839e-02,nan,nan,nan,nan,nan,nan,nan,-1.907894736842108419e-02,nan,nan,-2.171052631578949260e-02,-2.302631578947369334e-02,nan,nan,-7.401315789473686402e-02,nan,nan,nan,nan,nan,nan,nan,nan,nan,nan,nan,nan,nan,nan,nan,nan,nan,nan,-1.776315789473683487e-02,nan,nan,nan,nan,nan,nan,nan,nan,nan,nan,nan,nan,nan,nan,nan,nan
nan,nan,nan,nan,-3.660565723793674040e-03,nan,nan,nan,nan,-5.856905158069878464e-02,nan,-2.462562396006651166e-02,nan,nan,1.930116472545762019e-02,nan,nan,nan,nan,nan,nan,nan,nan,nan,nan,-2.495840266222957432e-02,-5.524126455906819277e-02,nan,nan,2.628951747088183882e-02,nan,nan,nan,nan,nan,nan,nan,nan,nan,nan,nan,nan,nan,nan,nan,nan,nan,nan,nan,nan,3.860232945091515017e-02,nan,nan,3.860232945091515017e-02,nan,nan,nan,-6.023294509151409099e-02,nan,nan,nan,nan,nan,nan,nan
nan,-1.672025723472667785e-02,nan,nan,nan,nan,nan,nan,nan,nan,nan,1.286173633440514975e-02,nan,nan,-4.501607717041802154e-02,nan,-5.401929260450162584e-02,nan,nan,nan,nan,nan,-4.147909967845660184e-02,nan,nan,-5.176848874598070221e-02,nan,-4.565916398713829732e-02,nan,-1.318327974276527551e-02,nan,nan,nan,nan,nan,nan,nan,nan,nan,nan,nan,nan,nan,nan,nan,nan,nan,nan,nan,nan,9.646302250803761701e-04,nan,nan,1.929260450160752340e-03,nan,nan,nan,nan,nan,nan,nan,nan,nan,nan,nan
nan,nan,nan,nan,nan,nan,nan,nan,nan,nan,nan,nan,nan,nan,nan,nan,nan,nan,-3.349593495934963944e-02,nan,nan,nan,nan,-2.926829268292685526e-02,nan,-2.276422764227643489e-02,-4.390243902439026208e-02,nan,-3.024390243902441711e-02,9.756097560975595870e-03,-2.764227642276424410e-02,nan,nan,-3.577235772357727217e-02,nan,nan,nan,7.479674796747914564e-03,nan,nan,nan,nan,nan,7.479674796747959667e-03,nan,nan,nan,nan,nan,nan,nan,nan,nan,nan,nan,nan,nan,nan,nan,nan,nan,nan,nan,nan,nan
nan,-2.604340567612690657e-02,nan,nan,nan,nan,nan,nan,nan,-2.537562604340570793e-02,nan,-2.136894824707851262e-02,nan,nan,nan,nan,nan,nan,nan,nan,nan,nan,nan,-2.904841402337232648e-02,nan,-1.101836393989990073e-02,nan,nan,nan,2.036727879799660190e-02,nan,nan,nan,nan,nan,nan,nan,nan,8.013355592654392359e-03,nan,nan,nan,nan,nan,nan,nan,nan,nan,-2.804674457429052678e-02,-2.237061769616031232e-02,-1.502504173622705094e-02,nan,nan,nan,nan,nan,nan,nan,nan,nan,nan,nan,nan,nan,nan
nan,nan,nan,nan,nan,nan,nan,nan,1.211129296235680108e-02,-1.243862520458263211e-02,nan,-1.178396072013092669e-02,1.309328968903438264e-02,nan,nan,nan,-5.237315875613757048e-03,nan,nan,nan,nan,nan,-9.165302782324058137e-03,nan,nan,nan,nan,nan,nan,2.291325695581014621e-02,nan,nan,nan,nan,nan,-5.237315875613757048e-03,nan,nan,nan,nan,nan,nan,nan,nan,nan,nan,nan,nan,-2.422258592471358135e-02,-1.800327332242224188e-02,nan,nan,nan,nan,nan,nan,nan,nan,nan,nan,nan,nan,nan,nan,nan
nan,nan,nan,-6.099518459069063966e-03,nan,nan,nan,nan,nan,9.630818619582370626e-04,nan,-9.309791332263284147e-03,nan,-1.829855537720712771e-02,nan,nan,-1.637239165329058485e-02,nan,nan,nan,nan,nan,nan,-1.284109149277692409e-02,nan,-1.990369181380422653e-02,nan,nan,nan,-1.797752808988768367e-02,nan,nan,nan,nan,nan,nan,nan,nan,nan,nan,nan,nan,nan,nan,nan,nan,nan,nan,nan,-3.531300160513684179e-03,-6.035313001605138034e-02,nan,nan,nan,nan,nan,nan,nan,nan,nan,nan,nan,nan,nan,nan
nan,nan,nan,-2.991869918699188030e-02,nan,nan,nan,nan,nan,-1.300813008130077310e-02,nan,-4.878048780487809211e-03,nan,nan,-1.918699186991867922e-02,nan,nan,nan,nan,nan,nan,nan,-2.146341463414631542e-02,-2.471544715447153776e-02,nan,-1.821138211382111738e-02,nan,nan,nan,6.178861788617906123e-03,nan,nan,nan,nan,nan,nan,nan,nan,nan,nan,nan,nan,nan,nan,nan,nan,nan,nan,-2.959349593495932268e-02,-3.414634146341464366e-02,nan,nan,nan,nan,nan,nan,nan,nan,nan,nan,nan,nan,nan,nan,nan
nan,nan,nan,nan,nan,nan,nan,nan,nan,-9.046849757673646950e-03,nan,-4.523424878836812199e-03,nan,-5.525040387722128521e-02,-3.812600969305328380e-02,nan,-5.783521809369949335e-02,nan,nan,-7.431340872374803293e-03,nan,nan,-4.491114701130856368e-02,nan,nan,-4.911147011308560767e-02,nan,-4.006462035541193817e-02,nan,2.229402261712438646e-02,nan,nan,nan,nan,nan,nan,nan,nan,nan,nan,nan,nan,nan,nan,nan,nan,nan,nan,nan,nan,nan,nan,nan,nan,nan,nan,nan,nan,nan,nan,nan,nan,nan,nan,nan
nan,nan,-5.932203389830512791e-02,nan,nan,nan,nan,nan,-5.423728813559324999e-03,nan,nan,nan,-2.711864406779685051e-03,nan,-3.254237288135595346e-02,nan,nan,nan,nan,nan,nan,nan,nan,nan,nan,nan,nan,-5.559322033898308341e-02,-3.559322033898308646e-02,-5.423728813559325346e-02,nan,nan,nan,nan,nan,nan,nan,-3.050847457627114782e-03,nan,nan,nan,nan,nan,nan,nan,nan,nan,nan,nan,nan,nan,nan,nan,nan,nan,nan,nan,nan,nan,-2.101694915254241972e-02,nan,nan,-8.203389830508475700e-02,nan,nan
nan,nan,nan,nan,nan,nan,nan,nan,nan,nan,nan,nan,nan,nan,nan,nan,nan,-5.696594427244579262e-02,nan,nan,nan,nan,nan,nan,nan,nan,-5.139318885448915936e-02,nan,-7.120743034055723730e-02,-7.523219814241484393e-02,nan,nan,nan,-5.232198142414858782e-02,nan,nan,-1.702786377708977866e-02,-3.095975232198133927e-03,nan,1.238390092879271352e-03,nan,nan,nan,nan,nan,nan,nan,nan,nan,nan,nan,nan,nan,nan,nan,nan,nan,nan,nan,-1.198142414860681182e-01,nan,nan,-2.600619195046438570e-02,nan,nan
nan,-2.588996763754043348e-02,nan,nan,-8.867313915857603923e-02,nan,nan,nan,nan,-1.262135922330092155e-02,nan,-1.585760517799350566e-02,nan,-3.624595469255662700e-02,-3.527508090614883685e-02,nan,-3.171521035598701133e-02,nan,nan,nan,nan,nan,nan,nan,nan,-3.754045307443363427e-02,nan,nan,nan,-8.284789644012943710e-02,nan,nan,nan,nan,nan,nan,nan,nan,nan,nan,nan,nan,nan,nan,nan,nan,nan,nan,nan,-2.912621359223297596e-02,nan,nan,nan,nan,nan,nan,nan,nan,nan,nan,nan,nan,nan,nan,nan
nan,2.885906040268455472e-02,nan,nan,2.147651006711408586e-02,nan,1.000000000000000056e-01,nan,nan,2.684563758389259952e-02,nan,3.020134228187898538e-03,nan,nan,2.651006711409396172e-02,nan,nan,nan,4.060402684563757525e-02,nan,nan,nan,nan,-4.026845637583908663e-03,nan,5.436241610738255098e-02,nan,nan,nan,3.389261744966445139e-02,nan,nan,nan,nan,nan,nan,nan,nan,nan,nan,nan,nan,nan,nan,nan,nan,nan,nan,nan,nan,nan,nan,nan,nan,nan,nan,nan,nan,nan,nan,nan,nan,nan,nan,nan
nan,nan,nan,nan,nan,nan,nan,nan,4.909983633387889068e-02,nan,nan,nan,1.374795417348608807e-02,-5.139116202945992473e-02,-1.276595744680852906e-02,nan,-4.288052373158755121e-02,nan,nan,nan,nan,nan,-1.734860883797055900e-02,-1.014729950900163970e-02,nan,-2.913256955810146140e-02,nan,nan,nan,2.553191489361701302e-02,nan,nan,nan,-3.927986906710310283e-02,nan,nan,nan,nan,nan,nan,nan,nan,nan,nan,nan,nan,nan,nan,nan,nan,nan,nan,nan,nan,nan,nan,nan,nan,nan,nan,nan,nan,nan,nan,nan
nan,nan,nan,nan,nan,nan,nan,nan,nan,-1.878980891719741336e-02,nan,-5.732484076433097195e-03,nan,nan,-3.980891719745218577e-02,nan,nan,nan,nan,nan,nan,nan,nan,nan,nan,-3.949044585987262351e-02,-3.152866242038212391e-02,nan,nan,-4.554140127388535408e-02,nan,nan,nan,nan,nan,nan,nan,nan,nan,nan,nan,nan,nan,nan,nan,nan,nan,nan,nan,nan,-3.821656050955391046e-03,nan,nan,-4.458598726114626140e-03,nan,nan,nan,-4.745222929936303291e-02,nan,-3.152866242038214473e-02,nan,nan,nan,nan,nan
nan,nan,nan,nan,nan,nan,nan,nan,1.729200652528546309e-02,-7.830342577487780370e-03,nan,-1.370309951060364427e-02,3.556280587275688354e-02,nan,-1.011419249592169188e-02,nan,nan,nan,nan,nan,nan,nan,nan,nan,nan,-1.370309951060360090e-02,-1.239804241435564849e-02,nan,nan,1.663947797716147647e-02,nan,nan,nan,nan,nan,nan,2.055464926590537880e-02,nan,nan,nan,nan,nan,nan,nan,nan,nan,nan,nan,nan,nan,nan,nan,nan,nan,nan,nan,nan,-1.696574225122353743e-02,nan,nan,nan,nan,nan,nan,nan
nan,nan,nan,nan,nan,nan,nan,nan,nan,nan,nan,-1.901743264659305765e-03,nan,-2.979397781299533005e-02,-1.045958795562600477e-02,nan,-3.011093502377184400e-02,nan,nan,nan,nan,nan,-2.218700475435821801e-02,-1.426307448494454864e-02,nan,-3.391442155309036532e-02,-1.362916006339147737e-02,nan,nan,1.204437400950864046e-02,-1.584786053882729709e-02,nan,nan,nan,nan,nan,nan,nan,nan,nan,nan,nan,nan,nan,nan,nan,nan,nan,nan,nan,nan,nan,nan,nan,nan,nan,nan,nan,nan,nan,nan,nan,nan,nan,nan
nan,-5.510534846029124453e-03,nan,nan,nan,nan,nan,nan,nan,-2.593192868719573947e-03,nan,nan,nan,nan,nan,nan,nan,-1.717990275526739413e-02,-2.658022690437598229e-02,nan,nan,nan,nan,nan,nan,nan,nan,-3.144246353322523863e-02,-2.333873581847647344e-02,-3.792544570502427714e-02,nan,nan,nan,nan,nan,nan,nan,-3.241491085899328656e-04,nan,nan,nan,nan,nan,nan,nan,nan,nan,nan,nan,nan,-3.241491085899550375e-04,nan,nan,nan,nan,nan,nan,-2.269043760129658624e-02,nan,nan,nan,nan,nan,nan,nan
nan,nan,nan,nan,nan,nan,nan,nan,nan,-6.568144499178973916e-03,nan,4.597701149425282088e-03,nan,-1.116584564860427856e-02,-3.021346469622334524e-02,nan,-3.415435139573073237e-02,nan,nan,nan,nan,nan,-1.412151067323479461e-02,nan,nan,nan,nan,nan,nan,2.266009852216745862e-02,nan,nan,nan,-2.397372742200325549e-02,nan,nan,nan,nan,nan,nan,nan,nan,2.266009852216750373e-02,nan,nan,nan,nan,nan,nan,nan,nan,nan,nan,nan,nan,nan,nan,nan,nan,nan,nan,nan,9.852216748768461308e-04,nan,nan
nan,nan,nan,nan,nan,nan,nan,nan,nan,nan,nan,nan,nan,nan,-2.974683544303793198e-02,nan,nan,2.626582278481015553e-02,nan,nan,nan,nan,nan,nan,nan,nan,-1.803797468354424380e-02,-1.677215189873413476e-02,9.493670886076222221e-04,7.278481012658266636e-03,nan,nan,nan,-3.164556962024889339e-04,nan,nan,nan,nan,nan,-2.531645569620222420e-03,nan,nan,nan,nan,-1.265822784810088876e-03,nan,nan,nan,nan,nan,nan,-8.860759493670822273e-03,nan,nan,nan,nan,nan,nan,nan,nan,nan,nan,nan,nan,nan
nan,nan,nan,nan,nan,nan,nan,nan,nan,nan,nan,nan,nan,nan,-1.487341772151895558e-02,nan,nan,2.151898734177217637e-02,nan,nan,nan,nan,nan,nan,nan,nan,-2.531645569620199869e-03,-1.518987341772146636e-02,2.088607594936713399e-02,6.962025316455733304e-03,nan,nan,nan,1.930379746835446733e-02,nan,nan,nan,nan,nan,-9.493670886075555437e-04,nan,nan,nan,nan,-3.164556962025266533e-03,nan,nan,nan,nan,nan,nan,-2.151898734177213474e-02,nan,nan,nan,nan,nan,nan,nan,nan,nan,nan,nan,nan,nan
nan,-2.915254237288140635e-02,nan,nan,nan,nan,6.576271186440670047e-02,nan,nan,nan,nan,-2.237288135593222885e-02,nan,nan,-1.932203389830511320e-02,nan,nan,nan,nan,nan,nan,nan,-3.864406779661020558e-02,nan,nan,-2.440677966101698765e-02,nan,nan,nan,2.644067796610163196e-02,-4.474576271186445769e-02,nan,nan,nan,nan,nan,nan,nan,nan,nan,nan,nan,nan,nan,nan,nan,nan,nan,nan,nan,-4.067796610169538418e-03,nan,nan,-5.084745762711895267e-03,nan,nan,nan,nan,nan,nan,nan,nan,nan,nan,nan
nan,1.812191103789127095e-02,nan,nan,4.777594728171334626e-02,nan,6.820428336079079057e-02,nan,nan,1.383855024711695345e-02,nan,1.383855024711697600e-02,nan,nan,5.864909390444809911e-02,nan,nan,nan,nan,nan,nan,-1.713344316309719367e-02,nan,nan,nan,nan,nan,nan,nan,2.405271828665567213e-02,nan,nan,nan,nan,nan,nan,nan,nan,nan,nan,nan,nan,nan,nan,nan,nan,nan,nan,2.273476112026357951e-02,1.779242174629325213e-02,nan,nan,nan,nan,nan,nan,nan,nan,nan,nan,nan,nan,nan,nan,nan
nan,-1.809210526315789894e-02,nan,nan,-3.717105263157895884e-02,nan,nan,nan,nan,nan,nan,-4.276315789473694902e-03,nan,nan,-2.631578947368420213e-02,nan,nan,nan,nan,nan,nan,nan,-2.039473684210526411e-02,-3.092105263157893941e-02,-3.552631578947371832e-02,-2.500000000000000139e-02,nan,nan,nan,-6.743421052631579093e-02,nan,nan,nan,nan,nan,nan,nan,nan,nan,nan,nan,nan,nan,nan,nan,nan,nan,nan,nan,nan,nan,nan,nan,nan,nan,nan,nan,-3.453947368421050879e-02,nan,nan,nan,nan,nan,nan,nan
nan,-1.057692307692310527e-02,nan,nan,-6.762820512820515162e-02,nan,nan,nan,nan,-9.935897435897445701e-03,nan,-1.602564102564096871e-03,nan,nan,-3.846153846153832490e-03,nan,nan,nan,nan,nan,nan,nan,nan,nan,nan,nan,nan,-2.115384615384618971e-02,nan,-6.474358974358973562e-02,-2.115384615384616890e-02,nan,nan,nan,nan,nan,nan,nan,nan,nan,nan,nan,nan,nan,nan,nan,nan,nan,-1.057692307692306190e-02,nan,nan,nan,nan,nan,nan,nan,nan,-3.076923076923077094e-02,nan,nan,nan,nan,nan,nan,nan
nan,-4.510779436152569793e-02,nan,nan,nan,nan,nan,nan,nan,-2.487562189054726147e-02,nan,-1.658374792703121246e-03,nan,nan,-4.643449419568819458e-02,nan,nan,-1.426202321724707664e-02,nan,nan,nan,nan,nan,nan,nan,nan,nan,nan,nan,-3.184079601990046082e-02,nan,nan,nan,-7.230514096185738926e-02,nan,nan,nan,nan,nan,nan,nan,nan,nan,nan,nan,nan,nan,4.643449419568823275e-03,nan,nan,nan,nan,nan,nan,nan,nan,nan,nan,nan,-1.034825870646765844e-01,nan,nan,-5.406301824212269430e-02,nan,nan
nan,nan,nan,nan,nan,nan,nan,nan,nan,nan,nan,nan,nan,nan,nan,nan,nan,nan,-3.386075949367093468e-02,nan,nan,nan,nan,nan,nan,nan,-5.189873417721522358e-02,nan,-6.297468354430384163e-02,8.860759493670822273e-03,nan,-5.917721518987349022e-02,nan,-4.177215189873421941e-02,nan,nan,nan,nan,nan,2.531645569620177751e-03,nan,nan,nan,nan,-3.797468354430399984e-03,nan,nan,nan,nan,nan,nan,9.493670886075888937e-03,-7.278481012658289187e-03,nan,nan,nan,nan,nan,nan,nan,nan,nan,nan,nan,nan
nan,8.510638297872375260e-03,nan,2.127659574468086096e-02,nan,nan,nan,-1.080196399345330002e-02,nan,nan,nan,nan,nan,-1.571194762684120436e-02,nan,nan,-1.342062193126021194e-02,nan,nan,nan,nan,nan,-1.342062193126021194e-02,nan,nan,nan,nan,nan,nan,1.145662847790511821e-02,nan,nan,1.538461538461539588e-02,nan,nan,-1.669394435351878592e-02,nan,nan,nan,nan,nan,nan,-5.237315875613757048e-03,nan,nan,nan,nan,nan,nan,nan,nan,nan,nan,nan,nan,nan,nan,nan,nan,nan,nan,nan,nan,nan,nan
nan,nan,nan,nan,nan,nan,nan,-3.692810457516337852e-02,nan,nan,nan,nan,nan,nan,-3.627450980392155078e-02,nan,-2.549019607843139301e-02,nan,-3.856209150326794788e-02,nan,nan,-2.614379084967310973e-03,nan,nan,nan,-2.908496732026144560e-02,-3.333333333333332593e-02,-3.006535947712418722e-02,nan,-5.228758169934621947e-03,nan,nan,nan,nan,nan,nan,nan,nan,nan,nan,nan,nan,nan,nan,nan,nan,nan,nan,nan,-5.228758169934621947e-03,nan,nan,nan,nan,nan,nan,nan,nan,nan,nan,nan,nan,nan,nan,nan
nan,nan,nan,nan,nan,nan,-4.934210526315774455e-03,-3.322368421052632886e-02,nan,-1.776315789473683487e-02,-1.644736842105263414e-02,-2.203947368421053238e-02,nan,nan,-4.539473684210528631e-02,nan,nan,nan,nan,nan,nan,nan,-1.151315789473683626e-02,nan,nan,nan,nan,nan,nan,-6.644736842105265773e-02,nan,nan,nan,nan,nan,nan,nan,0.000000000000000000e+00,nan,-2.565789473684212257e-02,nan,nan,nan,nan,nan,nan,nan,nan,nan,nan,nan,nan,nan,nan,nan,nan,nan,nan,nan,nan,nan,nan,nan,nan,nan
nan,-1.074918566775244846e-02,nan,nan,nan,nan,-1.628664495114007238e-03,nan,nan,nan,nan,2.280130293159610307e-03,nan,-2.768729641693812304e-02,-4.332247557003258975e-02,nan,-5.081433224755702721e-02,nan,nan,nan,nan,nan,-4.006514657980457528e-02,nan,nan,-4.136807817589578662e-02,nan,nan,nan,1.433224755700326404e-02,nan,nan,nan,nan,nan,nan,nan,nan,nan,nan,nan,nan,nan,nan,nan,nan,nan,nan,nan,nan,nan,nan,nan,nan,nan,nan,nan,-4.951140065146582281e-02,nan,nan,nan,nan,nan,nan,nan
nan,nan,nan,-3.049180327868854581e-02,nan,nan,nan,nan,1.344262295081966041e-02,-1.737704918032787621e-02,nan,4.590163934426216494e-03,-4.918032786885251535e-03,nan,nan,nan,nan,nan,nan,nan,nan,nan,-1.311475409836066960e-02,nan,nan,-7.540983606557393956e-03,nan,nan,nan,1.770491803278688783e-02,nan,nan,-2.098360655737705610e-02,nan,nan,nan,nan,nan,nan,nan,nan,nan,nan,nan,nan,nan,nan,nan,nan,nan,nan,nan,nan,nan,nan,nan,nan,-2.426229508196724519e-02,nan,nan,nan,nan,nan,nan,nan
nan,-4.144736842105258695e-02,nan,nan,nan,nan,nan,nan,nan,-5.493421052631577289e-02,nan,-1.743421052631577428e-02,nan,nan,nan,nan,nan,nan,-4.638157894736838482e-02,nan,nan,nan,nan,-4.111842105263154717e-02,nan,nan,nan,nan,nan,4.572368421052637466e-02,nan,nan,nan,nan,nan,nan,nan,nan,nan,nan,nan,nan,nan,nan,nan,nan,nan,nan,nan,nan,1.644736842105287786e-03,nan,nan,1.315789473684225675e-03,nan,nan,nan,nan,nan,-2.993421052631575069e-02,nan,nan,1.282894736842112894e-02,nan,nan
nan,nan,nan,nan,nan,nan,nan,-1.208053691275166007e-02,nan,-1.510067114093958072e-02,nan,nan,nan,nan,nan,nan,nan,nan,nan,nan,nan,nan,nan,-2.617449664429529615e-02,nan,nan,-2.885906040268455472e-02,-3.255033557046980303e-02,-3.221476510067111665e-02,nan,nan,nan,nan,-2.550335570469799279e-02,nan,nan,nan,nan,nan,nan,nan,nan,nan,nan,nan,nan,nan,nan,nan,5.704697986577200904e-03,6.040268456375841311e-03,nan,nan,nan,nan,nan,nan,-2.080536912751678250e-02,nan,nan,nan,nan,nan,nan,nan
nan,nan,nan,nan,nan,nan,nan,-5.821917808219123809e-03,nan,nan,nan,nan,nan,nan,nan,nan,nan,-6.506849315068419584e-03,nan,nan,nan,-4.452054794520488024e-03,nan,nan,-7.191780821917781279e-03,nan,-1.198630136986298354e-02,-9.246575342465691155e-03,-5.821917808219123809e-03,nan,nan,-8.904109589041041967e-03,-3.767123287671170131e-03,-9.931506849315031166e-03,nan,nan,nan,nan,nan,nan,nan,nan,nan,nan,nan,nan,nan,nan,nan,nan,nan,nan,nan,nan,nan,nan,nan,nan,nan,nan,nan,nan,nan,nan,nan
nan,nan,nan,-8.143322475570036190e-03,nan,nan,nan,-4.234527687296418645e-03,nan,nan,nan,-5.211726384364822814e-03,nan,nan,nan,nan,nan,nan,nan,nan,nan,nan,nan,nan,-3.583061889250816010e-03,-3.257328990228014259e-04,nan,-7.491856677524433121e-03,nan,-1.628664495114007238e-03,nan,nan,-8.469055374592837290e-03,nan,nan,nan,nan,nan,nan,nan,nan,nan,nan,nan,nan,nan,nan,nan,-7.491856677524433121e-03,-6.188925081433227851e-03,nan,nan,nan,nan,nan,nan,nan,nan,nan,nan,nan,nan,nan,nan,nan
nan,-1.560975609756098947e-02,nan,-3.577235772357725135e-02,nan,nan,nan,nan,nan,-1.105691056910571533e-02,nan,-8.455284552845521509e-03,nan,nan,nan,nan,nan,nan,nan,nan,nan,nan,-1.951219512195145802e-03,nan,nan,-8.130081300813007256e-03,nan,nan,nan,4.878048780487786659e-03,nan,nan,-3.837398373983740008e-02,nan,nan,nan,nan,nan,nan,nan,nan,nan,nan,nan,nan,nan,nan,nan,-3.056910569105692962e-02,-3.186991869918700399e-02,nan,nan,nan,nan,nan,nan,nan,nan,nan,nan,nan,nan,nan,nan,nan
nan,nan,nan,nan,nan,nan,nan,nan,nan,-1.588330632090761974e-02,nan,-1.296596434359798032e-03,nan,nan,-4.051863857374391614e-02,nan,nan,nan,nan,nan,nan,nan,-3.144246353322528720e-02,nan,nan,-3.176661264181521865e-02,nan,nan,nan,3.273905996758508241e-02,-4.051863857374391614e-02,nan,nan,nan,nan,nan,nan,nan,nan,nan,nan,nan,nan,nan,nan,nan,nan,nan,nan,nan,-1.620745542949775242e-03,nan,nan,-1.620745542949753124e-03,nan,nan,nan,-5.478119935170178145e-02,nan,nan,nan,nan,nan,nan,nan
nan,-1.287128712871286017e-02,nan,nan,-1.716171617161714805e-02,nan,nan,nan,nan,nan,nan,7.590759075907604729e-03,nan,nan,-1.617161716171615707e-02,nan,nan,nan,-6.501650165016503724e-02,nan,nan,nan,-2.970297029702968425e-02,nan,nan,nan,-3.993399339933991626e-02,-2.970297029702970854e-02,nan,-6.600660066006600046e-02,nan,nan,nan,nan,nan,nan,nan,-1.386138613861387370e-02,nan,nan,nan,nan,nan,nan,nan,nan,nan,nan,nan,nan,nan,nan,nan,nan,nan,nan,nan,nan,nan,nan,nan,nan,nan,nan,nan
nan,nan,nan,nan,nan,nan,nan,-2.911392405063288960e-02,nan,nan,nan,nan,nan,nan,nan,nan,nan,nan,-3.164556962025313197e-02,nan,nan,nan,nan,nan,nan,nan,-3.417721518987337781e-02,-3.607594936708857780e-02,-3.227848101265819863e-02,1.613924050632910973e-02,nan,nan,nan,-3.259493670886071115e-02,nan,nan,nan,9.177215189873466628e-03,nan,nan,nan,nan,-2.531645569620244538e-03,nan,nan,nan,nan,nan,nan,nan,nan,nan,nan,nan,nan,nan,nan,nan,nan,-1.487341772151895558e-02,nan,nan,nan,nan,nan
nan,-1.315789473684214617e-02,nan,nan,-3.453947368421057817e-02,nan,nan,nan,nan,nan,nan,4.605263157894690443e-03,nan,nan,-1.348684210526320849e-02,-5.592105263157942478e-03,nan,nan,-4.046052631578951619e-02,nan,nan,nan,nan,-3.223684210526318872e-02,nan,nan,nan,nan,nan,-6.546052631578951064e-02,nan,nan,nan,-3.717105263157897965e-02,nan,nan,nan,nan,nan,nan,nan,nan,nan,nan,nan,nan,nan,nan,-1.381578947368424827e-02,nan,nan,nan,nan,nan,nan,nan,nan,nan,nan,nan,nan,nan,nan,nan,nan
nan,nan,nan,-1.588330632090761974e-02,nan,nan,nan,nan,nan,nan,nan,-1.296596434359806836e-02,nan,nan,-4.473257698541330957e-02,nan,nan,-4.894651539708268217e-02,nan,nan,nan,nan,nan,-2.463533225283631722e-02,nan,-4.149108589951377990e-02,nan,nan,nan,1.393841166936788875e-02,nan,nan,-3.565640194489465287e-02,nan,nan,-3.695299837925445502e-02,nan,nan,nan,nan,nan,nan,nan,nan,nan,nan,nan,nan,nan,nan,nan,nan,nan,nan,nan,nan,nan,nan,nan,nan,nan,nan,1.296596434359820150e-03,nan,nan
nan,nan,nan,nan,nan,nan,nan,nan,-1.296596434359802499e-02,-2.204213938411667822e-02,nan,-1.847649918962719282e-02,-7.779578606158810312e-03,nan,-1.523500810372768743e-02,nan,nan,nan,nan,nan,nan,nan,nan,nan,nan,-2.106969205834681100e-02,nan,nan,nan,1.458670988654784360e-02,nan,nan,nan,nan,nan,nan,nan,nan,nan,nan,nan,nan,nan,nan,nan,nan,nan,nan,-3.306320907617501387e-02,-2.722852512155591459e-02,nan,nan,nan,nan,nan,nan,nan,-2.787682333873580179e-02,nan,nan,nan,nan,nan,nan,nan
nan,nan,nan,nan,nan,nan,nan,nan,8.723747980613838840e-03,nan,nan,nan,2.520193861066228821e-02,-4.394184168012930936e-02,nan,nan,-4.620355411954770591e-02,nan,nan,nan,nan,nan,-3.941841680129245379e-02,nan,nan,-4.781906300484657646e-02,nan,nan,nan,2.584814216478137448e-03,nan,nan,nan,nan,nan,-4.458804523424884231e-02,nan,nan,nan,nan,nan,nan,nan,nan,nan,nan,nan,nan,-4.361873990306950472e-02,-4.394184168012928854e-02,nan,nan,nan,nan,nan,nan,nan,nan,nan,nan,nan,nan,nan,nan,nan
nan,nan,nan,nan,-5.874587458745876567e-02,nan,nan,nan,nan,-3.366336633663362388e-02,nan,-1.419141914191417511e-02,nan,nan,nan,nan,nan,-4.719471947194719963e-02,-3.894389438943892529e-02,nan,-1.881188118811880777e-02,nan,nan,-3.102310231023104256e-02,nan,-5.280528052805279898e-02,nan,nan,nan,-6.930693069306928522e-02,nan,nan,nan,nan,nan,nan,nan,nan,nan,nan,nan,nan,nan,nan,nan,nan,nan,nan,nan,-2.310231023102306963e-02,nan,nan,nan,nan,nan,nan,nan,nan,nan,nan,nan,nan,nan,nan,nan
nan,nan,nan,nan,nan,nan,nan,nan,nan,-1.241830065359474967e-02,nan,-1.013071895424833002e-02,nan,nan,-3.758169934640520626e-02,nan,nan,nan,-4.542483660130720857e-02,nan,nan,nan,nan,-3.431372549019606755e-02,-5.196078431372550682e-02,-4.575163398692809469e-02,nan,nan,-3.888888888888888257e-02,3.921568627450966460e-03,nan,nan,nan,nan,nan,nan,nan,nan,nan,nan,nan,nan,nan,nan,nan,nan,nan,nan,nan,nan,nan,nan,nan,nan,nan,nan,nan,-5.490196078431375248e-02,nan,nan,nan,nan,nan,nan,nan
-5.144694533762117841e-03,-1.479099678456596845e-02,nan,nan,4.180064308681630432e-03,nan,nan,nan,nan,nan,nan,-1.993569131832801863e-02,nan,nan,-3.440514469453383878e-02,nan,nan,nan,nan,nan,nan,nan,nan,nan,nan,-3.344051446945343897e-02,nan,nan,nan,-3.536977491961421777e-02,nan,nan,nan,nan,nan,nan,nan,nan,nan,nan,nan,nan,nan,nan,nan,nan,nan,nan,-5.305466237942128849e-02,-5.176848874598079242e-02,nan,nan,nan,-3.215434083601698243e-04,nan,nan,nan,nan,nan,nan,nan,nan,nan,nan,nan
nan,nan,-7.177814029363837993e-03,nan,nan,nan,nan,-6.525285481239850513e-03,nan,nan,nan,nan,nan,nan,-6.199021207177857207e-03,nan,nan,-7.504078303425809615e-03,nan,nan,nan,nan,-3.262642740619936532e-03,nan,-4.241435562805917318e-03,nan,-6.525285481239850513e-03,-1.044045676998373029e-02,nan,nan,nan,nan,nan,nan,nan,-7.504078303425832167e-03,nan,nan,nan,nan,nan,nan,nan,nan,nan,nan,nan,nan,nan,nan,nan,nan,nan,nan,nan,nan,nan,-5.220228384991876421e-03,nan,nan,nan,nan,nan,nan,nan
nan,nan,nan,-3.538961038961045691e-02,nan,nan,nan,nan,nan,-1.071428571428574214e-02,nan,-6.168831168831223795e-03,nan,nan,-1.590909090909096296e-02,nan,nan,nan,nan,nan,nan,nan,-1.655844155844161600e-02,-3.441558441558445480e-02,nan,-1.850649350649353694e-02,nan,nan,nan,1.071428571428567622e-02,nan,nan,-3.279220779220781701e-02,nan,nan,nan,nan,nan,nan,nan,nan,nan,nan,nan,nan,nan,nan,nan,nan,-3.344155844155849433e-02,nan,nan,nan,nan,nan,nan,nan,nan,nan,nan,nan,nan,nan,nan,nan
nan,nan,nan,-3.409090909090913002e-02,nan,nan,nan,nan,nan,-1.753246753246757647e-02,nan,-4.220779220779258614e-03,nan,nan,-9.740259740259804219e-03,nan,nan,nan,nan,nan,nan,nan,-1.785714285714290472e-02,-2.987012987012993559e-02,nan,-2.370129870129875777e-02,nan,nan,nan,1.136363636363630844e-02,nan,nan,-3.603896103896109260e-02,nan,nan,nan,nan,nan,nan,nan,nan,nan,nan,nan,nan,nan,nan,nan,nan,-3.733766233766240561e-02,nan,nan,nan,nan,nan,nan,nan,nan,nan,nan,nan,nan,nan,nan,nan
nan,-2.580645161290318068e-02,nan,nan,nan,nan,nan,nan,nan,-3.354838709677417097e-02,nan,-1.741935483870964488e-02,nan,nan,-2.999999999999996073e-02,nan,nan,nan,nan,nan,nan,nan,nan,nan,nan,-3.774193548387092673e-02,nan,nan,nan,-3.967741935483868471e-02,nan,nan,nan,-4.032258064516125451e-02,nan,nan,nan,nan,nan,nan,nan,nan,nan,nan,nan,nan,nan,nan,nan,nan,2.258064516129110102e-03,nan,nan,1.290322580645186876e-03,nan,nan,nan,nan,nan,-2.290322580645156453e-02,nan,nan,nan,nan,nan
nan,-7.779578606158854548e-03,nan,nan,6.482982171799012497e-03,nan,-7.779578606158854548e-03,nan,nan,nan,nan,-2.301458670988656280e-02,nan,nan,nan,nan,nan,-2.269043760129663134e-02,nan,nan,nan,nan,nan,nan,nan,-2.301458670988656280e-02,nan,nan,nan,-6.807131280388981076e-02,nan,nan,nan,nan,nan,nan,nan,nan,nan,-1.037277147487847273e-02,nan,nan,nan,nan,nan,nan,nan,nan,nan,nan,-2.106969205834685610e-02,nan,nan,-3.987034035656402547e-02,nan,nan,nan,nan,nan,nan,nan,nan,nan,nan,nan
nan,nan,nan,nan,-1.047463175122751410e-02,nan,nan,-1.767594108019643340e-02,nan,nan,nan,nan,nan,nan,nan,nan,nan,nan,-1.342062193126027959e-02,nan,nan,nan,nan,nan,-2.258592471358433773e-02,-1.734860883797060410e-02,nan,-1.963993453355161733e-02,nan,-1.865793780687406006e-02,nan,nan,nan,nan,nan,-1.538461538461544098e-02,nan,nan,nan,nan,nan,nan,nan,nan,nan,nan,nan,nan,nan,nan,nan,nan,nan,nan,nan,nan,nan,nan,nan,-8.183306055646521679e-03,nan,nan,-1.833060556464818219e-02,nan,nan
nan,nan,nan,nan,-1.025974025974026455e-01,nan,nan,nan,nan,-4.155844155844159310e-02,nan,-2.564935064935067871e-02,nan,nan,nan,nan,nan,nan,nan,nan,nan,nan,nan,nan,nan,-4.155844155844157228e-02,-3.441558441558447562e-02,nan,nan,-6.915584415584419276e-02,nan,nan,nan,nan,nan,nan,nan,nan,nan,nan,nan,nan,nan,nan,nan,nan,nan,nan,nan,nan,-1.623376623376637795e-03,nan,nan,-5.779220779220781840e-02,nan,nan,nan,-5.129870129870135742e-02,nan,nan,-5.681818181818185792e-02,nan,nan,nan,nan
nan,nan,nan,nan,nan,nan,1.056000000000003637e-02,nan,nan,nan,nan,nan,-8.639999999999981029e-03,nan,nan,nan,nan,nan,nan,nan,nan,nan,nan,nan,nan,nan,nan,nan,nan,nan,nan,nan,nan,nan,3.136000000000003368e-02,nan,1.792000000000002619e-02,nan,nan,nan,nan,nan,nan,nan,nan,1.280000000000003357e-02,5.440000000000000391e-03,7.424000000000001431e-02,-1.119999999999996519e-02,nan,3.936000000000001997e-02,nan,-2.079999999999997476e-02,nan,nan,nan,nan,nan,nan,nan,nan,nan,nan,nan,nan
nan,nan,nan,-2.193126022913260975e-02,-2.945990180032742514e-03,nan,nan,nan,nan,nan,nan,nan,nan,nan,-3.666121112929625336e-02,nan,nan,-4.746317512274962624e-02,nan,nan,nan,nan,-2.782324058919802973e-02,nan,nan,-4.058919803600657961e-02,nan,nan,nan,-3.764320785597383839e-02,nan,nan,-2.127659574468088177e-02,nan,nan,nan,nan,nan,nan,nan,nan,nan,-2.160392798690675617e-02,nan,nan,nan,nan,nan,nan,nan,nan,nan,nan,nan,nan,nan,nan,nan,nan,nan,nan,6.546644844517057532e-04,nan,nan,nan
nan,-2.996845425867500357e-02,nan,nan,nan,nan,nan,nan,nan,-3.059936908517344595e-02,nan,2.681388012618302064e-02,nan,nan,nan,nan,nan,-5.078864353312295687e-02,nan,nan,nan,nan,nan,nan,-5.362776025236588862e-02,-1.987381703470027933e-02,nan,nan,nan,2.429022082018934478e-02,nan,nan,nan,nan,nan,nan,2.807570977917985683e-02,nan,nan,nan,nan,-5.047318611987349976e-03,nan,nan,nan,nan,nan,nan,nan,nan,nan,nan,nan,nan,nan,nan,nan,nan,nan,-2.618296529968449152e-02,nan,nan,nan,nan,nan
nan,nan,-2.564935064935069953e-02,nan,nan,nan,nan,nan,nan,nan,nan,nan,nan,nan,-8.116883116883143873e-03,nan,nan,nan,nan,nan,nan,nan,nan,nan,nan,nan,nan,-9.090909090909126897e-03,-1.331168831168836296e-02,-4.188311688311692482e-02,nan,nan,nan,-1.396103896103899691e-02,nan,nan,nan,6.818181818181745860e-03,nan,nan,nan,nan,nan,nan,nan,nan,nan,nan,nan,nan,nan,nan,nan,nan,nan,nan,nan,-2.727272727272731651e-02,nan,-9.545454545454550022e-02,nan,nan,-7.662337662337666278e-02,nan,nan
nan,-1.029900332225912665e-02,nan,nan,nan,nan,nan,nan,2.325581395348839259e-02,-1.395348837209300398e-02,nan,1.328903654485058582e-03,-6.644518272425225906e-03,nan,-2.657807308970095046e-03,nan,nan,nan,nan,nan,nan,nan,-2.990033222591348579e-03,nan,nan,-4.651162790697637925e-03,nan,nan,nan,2.093023255813957276e-02,nan,nan,nan,nan,nan,nan,1.993355481727576706e-02,nan,nan,nan,nan,nan,nan,nan,nan,nan,nan,nan,nan,nan,nan,nan,nan,nan,nan,nan,nan,nan,nan,nan,nan,nan,nan,nan,nan
nan,nan,nan,nan,-1.288244766505632945e-02,nan,-1.320450885668276141e-02,nan,nan,-7.085346215781007824e-03,nan,-2.962962962962960647e-02,nan,nan,nan,nan,nan,nan,-1.867954911433169357e-02,-1.095008051529791117e-02,nan,nan,nan,nan,nan,-2.028985507246377010e-02,nan,nan,nan,-2.157809983896939038e-02,nan,nan,nan,nan,nan,nan,nan,nan,nan,-7.729468599033806689e-03,nan,nan,nan,nan,nan,nan,nan,nan,nan,nan,nan,nan,nan,nan,nan,nan,nan,nan,nan,nan,nan,1.288244766505641748e-03,nan,nan,nan
nan,-5.882352941176560712e-03,nan,nan,nan,nan,nan,nan,nan,-2.287581699346463888e-03,nan,1.241830065359470457e-02,nan,nan,-7.516339869281130071e-03,nan,nan,nan,-2.320261437908499591e-02,nan,nan,nan,nan,nan,nan,nan,nan,-2.516339869281047914e-02,nan,nan,-2.058823529411768494e-02,nan,nan,nan,nan,nan,nan,8.496732026143738112e-03,nan,nan,-1.013071895424844104e-02,nan,nan,2.941176470588224845e-03,nan,nan,nan,nan,nan,nan,nan,nan,nan,nan,nan,nan,nan,nan,nan,nan,nan,nan,nan,nan,nan
nan,6.414473684210526827e-02,nan,nan,2.664473684210526619e-02,nan,nan,nan,nan,nan,nan,6.118421052631579926e-02,nan,nan,2.960526315789469010e-03,nan,nan,nan,nan,nan,nan,nan,8.881578947368429580e-03,3.782894736842108696e-02,nan,6.250000000000022031e-03,nan,nan,nan,1.940789473684210314e-02,nan,nan,nan,nan,nan,nan,nan,nan,nan,nan,nan,nan,nan,3.684210526315789824e-02,nan,3.519736842105262997e-02,nan,nan,nan,nan,nan,nan,nan,nan,nan,nan,nan,nan,nan,nan,nan,nan,nan,nan,nan
nan,nan,nan,-2.215189873417724303e-02,nan,nan,nan,nan,nan,-1.107594936708866662e-02,nan,-2.215189873417733324e-03,nan,nan,-1.708860759493673401e-02,nan,nan,nan,nan,nan,nan,nan,nan,nan,nan,nan,nan,-1.930379746835448815e-02,nan,9.493670886075888937e-03,nan,nan,-1.772151898734182149e-02,nan,nan,nan,nan,nan,nan,nan,nan,nan,nan,nan,nan,nan,nan,nan,nan,-2.056962025316460066e-02,nan,nan,nan,nan,nan,nan,nan,-2.658227848101268886e-02,nan,-2.405063291139244303e-02,nan,nan,nan,nan,nan
nan,-1.744749596122778870e-02,nan,nan,1.001615508885300709e-02,nan,nan,nan,-8.400646203554096650e-03,nan,nan,-1.486268174474956148e-02,-2.423263327948304083e-02,nan,-2.164781906300483616e-02,nan,nan,nan,nan,nan,nan,nan,-8.077544426494331908e-03,nan,nan,nan,nan,-2.164781906300481534e-02,nan,1.680129240710825922e-02,nan,nan,nan,nan,nan,nan,nan,nan,nan,nan,nan,nan,nan,nan,nan,nan,nan,nan,nan,nan,nan,nan,nan,-4.523424878836834750e-03,nan,nan,nan,nan,nan,nan,nan,nan,nan,nan,nan
nan,-4.951768488745975777e-02,nan,nan,-1.736334405144690507e-02,-7.395498392282906161e-03,nan,nan,nan,nan,nan,nan,nan,nan,-6.463022508038582248e-02,nan,nan,nan,nan,nan,nan,nan,nan,nan,nan,nan,nan,-6.495176848874591180e-02,nan,-4.051446945337615346e-02,nan,nan,-6.109324758842438197e-02,-5.434083601286168047e-02,nan,nan,nan,nan,nan,nan,nan,nan,nan,nan,-4.823151125401881067e-03,nan,nan,nan,nan,nan,nan,nan,nan,nan,nan,nan,nan,nan,-2.700964630225075741e-02,nan,nan,nan,nan,nan,nan
nan,-1.383855024711697600e-02,nan,nan,-4.942339373970349933e-03,nan,nan,nan,nan,-2.701812191103785191e-02,nan,-1.911037891268532046e-02,nan,nan,-3.756177924217461023e-02,nan,nan,nan,-2.174629324546952652e-02,nan,nan,nan,-2.042833607907743737e-02,nan,nan,-2.438220757825369095e-02,nan,nan,nan,1.317957166392094183e-02,nan,nan,nan,nan,nan,nan,nan,nan,nan,nan,nan,nan,nan,nan,nan,nan,nan,nan,nan,nan,nan,nan,nan,-3.624382207578213944e-03,nan,nan,nan,nan,nan,nan,nan,nan,nan,nan,nan
nan,3.896103896103864008e-03,nan,nan,-1.298701298701354645e-03,nan,nan,nan,nan,nan,nan,nan,nan,-3.993506493506497612e-02,nan,nan,-3.798701298701303436e-02,nan,nan,nan,nan,nan,nan,nan,nan,-3.831168831168833833e-02,nan,-2.240259740259744475e-02,nan,-1.298701298701354645e-03,nan,nan,nan,nan,nan,-3.571428571428574006e-02,nan,nan,nan,nan,nan,nan,nan,nan,nan,nan,nan,nan,nan,nan,-3.246753246753497743e-04,nan,nan,nan,nan,nan,nan,-2.142857142857144265e-02,nan,nan,nan,nan,nan,nan,nan
nan,nan,nan,-2.288401253918501826e-02,1.253918495297767777e-03,nan,nan,-6.269592476489083480e-03,-1.818181818181823298e-02,nan,nan,nan,-1.630094043887153621e-02,nan,3.134796238243975461e-04,nan,nan,nan,nan,nan,nan,nan,nan,nan,nan,nan,nan,nan,nan,5.329153605015601522e-03,nan,nan,-2.006269592476495056e-02,nan,nan,nan,-2.163009404388716028e-02,nan,nan,nan,nan,nan,nan,nan,nan,nan,nan,nan,nan,nan,-6.896551724137989052e-03,nan,nan,nan,nan,nan,nan,nan,nan,nan,nan,nan,nan,nan,nan
nan,nan,nan,nan,nan,nan,nan,nan,nan,-5.359477124183009700e-02,nan,-4.346405228758169759e-02,nan,nan,nan,nan,nan,nan,nan,nan,nan,-6.078431372549020217e-02,nan,-4.117647058823527967e-02,nan,nan,nan,nan,nan,2.810457516339870399e-02,nan,nan,nan,nan,nan,nan,nan,nan,nan,nan,nan,nan,nan,nan,nan,nan,nan,nan,nan,nan,6.470588235294119639e-02,nan,-5.686274509803923571e-02,6.437908496732025476e-02,nan,nan,nan,nan,nan,-3.431372549019606755e-02,nan,nan,6.535947712418277433e-04,nan,nan
nan,-6.666666666667042662e-04,nan,nan,1.266666666666664900e-02,nan,nan,nan,2.966666666666663982e-02,1.233333333333328473e-02,nan,1.366666666666660479e-02,2.233333333333329535e-02,nan,nan,nan,nan,nan,nan,nan,nan,nan,nan,nan,nan,5.666666666666620236e-03,nan,nan,nan,6.999999999999961982e-03,nan,nan,nan,nan,nan,nan,3.499999999999994088e-02,nan,nan,nan,nan,nan,nan,nan,nan,nan,nan,nan,nan,nan,nan,nan,nan,nan,nan,nan,nan,-7.666666666666710483e-03,nan,nan,nan,nan,nan,nan,nan
nan,-2.536585365853658708e-02,nan,nan,nan,nan,nan,nan,nan,-1.365853658536582069e-02,nan,-1.626016260162610515e-03,nan,nan,nan,nan,nan,nan,nan,nan,nan,nan,nan,nan,nan,-2.341463414634143911e-02,nan,-1.853658536585365418e-02,nan,-6.959349593495930963e-02,nan,nan,nan,nan,-8.130081300813007950e-02,nan,nan,nan,nan,1.951219512195101567e-03,nan,nan,nan,nan,nan,nan,nan,nan,nan,nan,nan,nan,nan,nan,nan,nan,nan,-2.699186991869917396e-02,nan,-2.211382113821134393e-02,nan,nan,nan,nan,nan
nan,nan,nan,nan,nan,nan,nan,nan,nan,-2.688000000000003581e-02,nan,-2.528000000000003508e-02,nan,nan,-4.095999999999999641e-02,nan,nan,nan,-3.840000000000003133e-02,nan,nan,nan,-2.880000000000002697e-02,nan,nan,-4.000000000000005634e-02,nan,nan,nan,3.711999999999997246e-02,nan,nan,nan,nan,nan,nan,nan,nan,nan,nan,nan,nan,nan,nan,nan,nan,nan,nan,nan,nan,3.199999999999647354e-04,nan,nan,-3.200000000000535858e-04,nan,nan,nan,nan,nan,nan,nan,nan,6.719999999999948237e-03,nan,nan
nan,nan,nan,2.451612903225801679e-02,nan,nan,nan,nan,nan,1.451612903225805128e-02,nan,nan,nan,-1.161290322580648196e-02,-1.290322580645164585e-02,nan,-2.612903225806453150e-02,nan,nan,nan,nan,nan,-9.354838709677437344e-03,nan,nan,nan,nan,nan,nan,1.645161290322581099e-02,nan,nan,2.193548387096770982e-02,nan,nan,-2.129032258064518165e-02,nan,nan,nan,9.677419354838124200e-04,nan,nan,nan,nan,nan,nan,nan,nan,nan,nan,nan,nan,nan,nan,nan,nan,nan,nan,nan,nan,nan,nan,nan,nan,nan
nan,nan,nan,nan,nan,nan,nan,nan,nan,nan,nan,nan,nan,nan,nan,nan,nan,nan,nan,nan,nan,nan,nan,nan,nan,nan,nan,nan,-2.287581699346374984e-03,3.071895424836601496e-02,nan,nan,nan,-8.496732026143783215e-03,nan,nan,nan,7.516339869281063284e-03,nan,nan,nan,nan,nan,nan,9.803921568627416150e-04,nan,nan,nan,nan,nan,nan,-1.993464052287579127e-02,nan,nan,2.614379084967310973e-03,-2.941176470588224845e-03,nan,-9.803921568627438701e-03,nan,9.150326797385654326e-03,nan,nan,nan,nan,nan
nan,1.458670988654780024e-02,1.069692058346836082e-02,nan,nan,nan,nan,nan,1.944894651539685881e-03,1.944894651539685881e-03,nan,2.560777957860611506e-02,nan,nan,nan,nan,nan,nan,nan,nan,nan,nan,3.241491085899106395e-04,1.102106969205833911e-02,nan,nan,-1.264181523500813517e-02,nan,nan,2.301458670988654198e-02,nan,nan,1.977309562398699150e-02,nan,nan,nan,nan,nan,nan,nan,nan,nan,nan,nan,nan,nan,nan,nan,nan,nan,nan,nan,nan,nan,nan,nan,nan,nan,nan,nan,nan,nan,nan,nan,nan
nan,-1.858974358974352370e-02,nan,nan,nan,nan,nan,-4.775641025641019777e-02,nan,-9.935897435897400598e-03,nan,-1.474358974358969121e-02,nan,nan,-4.999999999999993339e-02,nan,nan,nan,nan,nan,nan,nan,nan,nan,nan,-3.589743589743588092e-02,nan,nan,nan,-2.724358974358966762e-02,nan,nan,nan,nan,nan,nan,nan,nan,nan,nan,nan,nan,nan,nan,nan,nan,nan,nan,nan,nan,9.615384615385246924e-04,nan,nan,6.410256410256609744e-04,nan,nan,nan,-4.839743589743583652e-02,nan,nan,nan,nan,nan,nan,nan
nan,nan,nan,nan,-5.915966386554618456e-02,nan,nan,nan,nan,-2.285714285714281896e-02,nan,-4.168067226890752319e-02,nan,nan,-5.915966386554618456e-02,nan,nan,nan,nan,nan,nan,nan,-5.344537815126047114e-02,nan,nan,-2.890756302521007085e-02,nan,nan,nan,-1.132773109243697257e-01,nan,nan,nan,nan,nan,nan,nan,nan,nan,nan,nan,nan,nan,nan,nan,nan,nan,nan,nan,nan,-3.193277310924369505e-02,nan,nan,-2.689075630252091374e-03,nan,nan,nan,nan,nan,nan,nan,nan,-2.789915966386549012e-02,nan,nan
nan,nan,nan,nan,-4.420401854714062218e-02,nan,6.182380216383176691e-04,nan,nan,-6.182380216383310048e-03,nan,-6.182380216383398953e-04,nan,nan,-3.523956723338485947e-02,nan,nan,nan,-1.823802163833074946e-02,nan,nan,nan,-1.174652241112830210e-02,nan,nan,-2.442040185471410288e-02,nan,nan,nan,-5.842349304482226391e-02,nan,nan,nan,nan,nan,nan,nan,nan,nan,nan,nan,nan,nan,nan,nan,nan,nan,nan,nan,nan,nan,nan,-8.346213292117488081e-03,nan,nan,nan,nan,nan,nan,nan,nan,nan,nan,nan,nan
nan,-3.328000000000001790e-02,nan,nan,-8.000000000000029657e-03,nan,nan,nan,nan,nan,nan,-4.832000000000002959e-02,nan,nan,-3.904000000000003301e-02,nan,nan,nan,-4.704000000000001236e-02,nan,nan,nan,nan,nan,nan,-3.680000000000001326e-02,nan,nan,nan,1.919999999999997403e-02,nan,nan,nan,nan,nan,nan,-4.768000000000003485e-02,nan,nan,nan,nan,nan,nan,nan,nan,nan,nan,nan,nan,nan,-7.680000000000064379e-03,nan,nan,-8.960000000000013093e-03,nan,nan,nan,nan,nan,nan,nan,nan,nan,nan,nan
nan,nan,nan,nan,nan,nan,nan,nan,-1.035598705501616923e-02,-2.491909385113268843e-02,nan,-2.750809061488672727e-02,-7.119741100323606804e-03,nan,-3.074433656957929056e-02,nan,nan,nan,-3.689320388349515145e-02,nan,nan,nan,nan,nan,nan,-3.786407766990289303e-02,nan,nan,nan,-3.915857605177992806e-02,nan,nan,nan,-4.174757281553396343e-02,nan,nan,nan,nan,nan,nan,nan,nan,nan,nan,nan,nan,nan,nan,nan,nan,nan,nan,nan,nan,nan,nan,nan,nan,nan,nan,-1.650485436893203012e-02,nan,nan,nan,nan
nan,nan,nan,nan,9.570957095709587553e-03,nan,nan,nan,nan,6.369636963696372056e-02,nan,5.709570957095717880e-02,nan,-7.260726072607237395e-03,3.036303630363041892e-02,nan,1.650165016501654522e-02,nan,nan,nan,nan,nan,3.630363036303631968e-02,nan,nan,-2.970297029702950817e-03,nan,nan,nan,1.815181518151815984e-02,nan,nan,nan,nan,nan,nan,nan,nan,nan,nan,nan,nan,nan,nan,nan,nan,nan,nan,nan,3.861386138613864816e-02,nan,nan,nan,nan,nan,nan,nan,nan,nan,nan,nan,nan,nan,nan,nan
nan,nan,nan,nan,-9.559322033898301485e-02,nan,nan,nan,nan,nan,nan,4.406779661016990701e-03,-9.152542372881322663e-03,nan,-4.135593220338980303e-02,nan,nan,-6.135593220338979303e-02,nan,nan,nan,nan,nan,-4.915254237288131656e-02,-5.288135593220335412e-02,-5.491525423728811639e-02,nan,-5.288135593220335412e-02,nan,-7.796610169491521858e-02,nan,nan,nan,nan,nan,nan,nan,nan,nan,nan,nan,nan,nan,nan,nan,nan,nan,nan,nan,nan,nan,nan,nan,nan,nan,nan,nan,nan,nan,nan,nan,nan,nan,nan,nan
nan,-3.163097199341020904e-02,nan,nan,nan,nan,nan,nan,nan,-3.393739703459637547e-02,nan,-8.896210873146626064e-03,nan,nan,nan,nan,nan,nan,nan,nan,nan,nan,nan,nan,nan,-3.294892915980231901e-02,nan,nan,nan,-2.932454695222406343e-02,nan,nan,nan,nan,nan,nan,nan,nan,nan,nan,nan,nan,nan,nan,nan,nan,nan,nan,-4.349258649093903223e-02,-4.612850082372323829e-02,3.294892915980174091e-04,nan,nan,-1.647446457990087154e-03,nan,nan,nan,-4.052718286655683511e-02,nan,nan,nan,nan,nan,nan,nan
