nan,nan,nan,nan,nan,nan,4.247104247104238790e-03,-1.544401544401563476e-03,nan,nan,nan,nan,nan,nan,nan,nan,3.706563706563707067e-02,nan,nan,nan,nan,nan,-2.895752895752894476e-02,nan,-1.119691119691121860e-02,nan,nan,nan,nan,nan,nan,nan,nan,2.277992277992278020e-02,nan,3.204633204633204613e-02,nan,nan,nan,nan,nan,nan,nan,nan,nan,nan,nan,nan,nan,nan,nan,nan,nan,nan,nan,-4.633204633204632966e-02,nan,-2.548262548262549693e-02,-1.621621621621622752e-02,nan,nan,nan,nan,nan,nan
-7.782101167315214237e-03,nan,nan,1.404669260700388556e-01,-3.891050583658017706e-04,nan,nan,nan,nan,nan,1.031128404669260090e-01,nan,nan,nan,nan,nan,4.669260700389065918e-03,nan,nan,nan,-1.050583657587553753e-02,1.206225680933845600e-02,4.435797665369645149e-02,nan,nan,nan,nan,nan,nan,nan,nan,nan,nan,nan,nan,7.392996108949367526e-03,nan,nan,nan,nan,nan,nan,nan,nan,nan,nan,nan,nan,nan,nan,nan,nan,nan,nan,nan,nan,nan,nan,nan,nan,nan,0.000000000000000000e+00,nan,nan,nan
0.000000000000000000e+00,nan,nan,nan,nan,nan,nan,nan,nan,nan,0.000000000000000000e+00,nan,nan,nan,nan,nan,6.012024048096191453e-02,nan,nan,nan,nan,nan,4.008016032064132044e-04,nan,nan,nan,nan,nan,nan,nan,nan,nan,nan,nan,nan,3.286573146292585956e-02,nan,nan,nan,nan,nan,nan,nan,nan,nan,nan,nan,nan,nan,nan,nan,nan,nan,nan,0.000000000000000000e+00,0.000000000000000000e+00,4.008016032064132044e-04,nan,1.466933867735470964e-01,nan,nan,0.000000000000000000e+00,nan,nan,nan
nan,nan,nan,nan,nan,nan,-8.687258687258681000e-02,nan,nan,nan,nan,nan,nan,-2.471042471042470684e-02,nan,-4.903474903474900476e-02,-4.710424710424707812e-02,nan,nan,-2.123552123552123819e-02,-2.509652509652506719e-02,nan,-5.907335907335904690e-02,nan,nan,-6.332046332046328829e-02,nan,nan,nan,nan,nan,nan,nan,nan,nan,2.393822393822396880e-02,nan,nan,nan,nan,nan,nan,nan,nan,nan,nan,nan,nan,nan,nan,nan,nan,nan,nan,nan,nan,-5.057915057915054330e-02,nan,nan,nan,nan,nan,nan,nan,nan
nan,nan,nan,nan,nan,nan,-9.806201550387597110e-02,nan,nan,nan,nan,nan,nan,-4.612403100775193110e-01,nan,-7.751937984496138018e-04,-5.069767441860465462e-01,nan,nan,nan,nan,nan,-2.042635658914728758e-01,nan,nan,-4.585271317829457405e-01,nan,nan,nan,nan,nan,nan,nan,nan,nan,-3.096899224806201611e-01,nan,nan,nan,nan,nan,nan,nan,nan,nan,nan,nan,nan,nan,nan,nan,nan,nan,nan,nan,nan,-1.550387596899227604e-03,nan,nan,nan,nan,0.000000000000000000e+00,nan,-1.069767441860464963e-01,nan
7.751937984496137801e-03,nan,nan,nan,nan,nan,nan,nan,nan,nan,nan,nan,nan,nan,2.829457364341085926e-02,nan,7.829457364341085857e-02,nan,nan,nan,nan,nan,nan,nan,nan,nan,nan,nan,nan,nan,nan,nan,nan,nan,nan,4.496124031007751182e-02,nan,nan,nan,nan,1.705426356589145875e-02,nan,nan,nan,nan,nan,nan,nan,0.000000000000000000e+00,1.550387596899227604e-03,nan,nan,nan,nan,1.782945736434109543e-02,5.813953488372103351e-03,nan,nan,nan,nan,nan,0.000000000000000000e+00,nan,nan,nan
nan,nan,nan,nan,nan,nan,nan,nan,nan,nan,nan,nan,nan,nan,3.891050583657573725e-04,nan,nan,nan,nan,nan,7.548638132295719394e-02,nan,3.501945525291827455e-02,3.112840466926081098e-03,nan,nan,nan,nan,nan,nan,nan,1.167315175097272117e-03,nan,nan,nan,nan,nan,nan,nan,nan,nan,nan,nan,nan,nan,nan,nan,nan,nan,nan,nan,nan,nan,nan,-5.058365758754845842e-03,3.501945525291838470e-03,nan,-9.338521400778199491e-03,5.447470817120625766e-03,nan,nan,0.000000000000000000e+00,nan,nan,nan
0.000000000000000000e+00,nan,nan,nan,nan,nan,nan,nan,nan,nan,nan,nan,nan,nan,nan,nan,5.056603773584911199e-02,nan,nan,nan,nan,nan,5.547169811320762367e-02,nan,nan,nan,nan,nan,nan,nan,nan,nan,nan,nan,nan,1.086792452830189493e-01,nan,nan,nan,nan,nan,nan,nan,nan,nan,nan,nan,nan,nan,nan,nan,nan,nan,nan,0.000000000000000000e+00,0.000000000000000000e+00,0.000000000000000000e+00,nan,3.358490566037741765e-02,nan,nan,0.000000000000000000e+00,nan,0.000000000000000000e+00,nan
nan,nan,nan,nan,nan,nan,-4.481973434535104772e-01,-5.240986717267552830e-01,nan,nan,nan,nan,nan,-4.994307400379506268e-01,nan,nan,-5.146110056925996545e-01,nan,nan,nan,nan,nan,-4.967741935483870885e-01,nan,-4.899430740037950538e-01,-4.102466793168880743e-01,nan,nan,nan,nan,nan,nan,nan,nan,nan,-5.278937381404175122e-01,nan,nan,nan,nan,nan,nan,nan,nan,nan,nan,nan,nan,nan,nan,nan,nan,nan,nan,nan,nan,nan,nan,nan,nan,nan,0.000000000000000000e+00,nan,-5.267552182163187657e-01,nan
nan,nan,nan,nan,nan,nan,8.565891472868218670e-02,nan,nan,nan,nan,nan,nan,6.124031007751937900e-02,nan,1.976744186046510560e-02,1.007751937984496110e-01,6.395348837209299808e-02,nan,8.527131782945729377e-03,nan,nan,7.906976744186047790e-02,nan,nan,3.294573643410854402e-02,nan,nan,nan,nan,nan,nan,nan,nan,nan,6.589147286821708804e-02,nan,nan,nan,nan,nan,nan,nan,nan,nan,nan,nan,nan,nan,nan,nan,nan,nan,nan,nan,nan,3.720930232558137402e-02,nan,nan,nan,nan,nan,nan,nan,nan
-1.895551257253380584e-02,nan,nan,nan,nan,nan,nan,nan,nan,nan,1.547388781431369067e-03,nan,nan,nan,4.216634429400388517e-02,nan,3.326885880077370267e-02,nan,nan,nan,nan,nan,-1.547388781431302497e-03,nan,nan,nan,nan,nan,nan,nan,nan,nan,nan,nan,nan,2.359767891682789179e-02,nan,nan,nan,nan,nan,nan,nan,nan,nan,nan,nan,nan,nan,nan,nan,nan,nan,nan,-3.868471953578333979e-03,-5.415860735009681362e-03,-8.123791102514488216e-03,nan,nan,nan,nan,nan,nan,-5.802707930367479068e-03,nan
nan,nan,nan,nan,nan,nan,1.119402985074629056e-02,2.947761194029856549e-02,nan,nan,nan,nan,nan,nan,nan,nan,2.649253731343288384e-02,nan,nan,nan,nan,nan,3.582089552238809649e-02,nan,5.223880597014995790e-03,nan,nan,nan,nan,nan,nan,nan,nan,5.223880597014933513e-02,nan,1.865671641791051202e-02,nan,nan,nan,nan,nan,nan,nan,nan,nan,nan,nan,nan,nan,nan,nan,nan,nan,nan,nan,nan,-7.313432835820891931e-02,1.097014925373134969e-01,2.011194029850746356e-01,nan,nan,nan,nan,nan,nan
nan,nan,nan,nan,nan,nan,-2.819548872180453053e-02,nan,nan,nan,nan,nan,nan,2.067669172932331406e-02,nan,7.142857142857117481e-03,1.015037593984962142e-02,3.947368421052630666e-02,nan,-7.518796992481036490e-04,nan,nan,1.364661654135338742e-01,nan,nan,4.511278195488721554e-02,nan,nan,nan,nan,nan,nan,nan,nan,nan,1.218045112781954986e-01,nan,nan,nan,nan,nan,nan,nan,nan,nan,nan,nan,nan,nan,nan,nan,nan,nan,nan,nan,nan,6.052631578947367114e-02,nan,nan,nan,nan,nan,nan,nan,nan
nan,nan,nan,nan,nan,nan,1.852551984877124497e-02,1.928166351606801568e-02,nan,nan,nan,nan,nan,nan,nan,nan,2.911153119092628819e-02,nan,nan,nan,1.833648393194707016e-01,nan,5.217391304347825109e-02,nan,7.750472589792059552e-02,nan,nan,nan,nan,nan,nan,nan,nan,nan,nan,1.361058601134212953e-02,nan,nan,nan,nan,nan,nan,nan,nan,nan,nan,nan,nan,nan,nan,nan,nan,nan,nan,nan,nan,-9.073724007561411592e-03,3.742911153119090478e-02,-1.890359168241966328e-02,nan,nan,nan,nan,nan,nan
1.587301587301581662e-03,nan,nan,nan,nan,nan,nan,nan,nan,nan,nan,nan,nan,nan,-2.142857142857146346e-02,nan,5.833333333333330650e-02,nan,nan,nan,-1.666666666666671848e-02,nan,nan,nan,nan,nan,nan,nan,nan,nan,nan,nan,nan,nan,nan,1.182539682539682363e-01,nan,nan,nan,nan,-7.142857142857140032e-03,nan,nan,nan,nan,nan,nan,nan,nan,nan,nan,nan,nan,nan,-1.904761904761904587e-02,-7.142857142857140032e-03,-6.349206349206349201e-03,nan,nan,nan,nan,0.000000000000000000e+00,nan,nan,nan
6.274509803921568367e-03,nan,nan,nan,nan,nan,nan,nan,nan,nan,nan,nan,nan,nan,nan,nan,8.196078431372547102e-02,nan,2.509803921568622836e-02,nan,1.529411764705876885e-02,nan,5.294117647058817905e-02,nan,nan,nan,nan,nan,nan,nan,nan,nan,nan,nan,nan,9.254901960784309156e-02,nan,nan,nan,nan,nan,nan,nan,nan,nan,nan,nan,nan,nan,nan,nan,nan,nan,nan,7.058823529411739801e-03,9.411764705882341708e-03,-4.313725490196129372e-03,nan,nan,nan,nan,0.000000000000000000e+00,nan,nan,nan
nan,nan,nan,nan,nan,nan,4.990439770554493393e-01,nan,nan,nan,4.990439770554493393e-01,nan,nan,nan,nan,4.990439770554493393e-01,1.529636711281057073e-03,nan,nan,4.990439770554493393e-01,nan,nan,2.282982791586998239e-01,nan,nan,nan,nan,nan,nan,nan,nan,nan,nan,nan,nan,5.315487571701717900e-02,nan,nan,nan,nan,nan,nan,nan,nan,nan,nan,nan,nan,nan,nan,nan,nan,nan,nan,nan,nan,3.965583173996176103e-01,nan,nan,nan,nan,0.000000000000000000e+00,nan,4.990439770554493393e-01,nan
nan,nan,nan,nan,0.000000000000000000e+00,nan,0.000000000000000000e+00,nan,nan,nan,nan,nan,nan,6.743295019157088954e-02,nan,0.000000000000000000e+00,5.440613026819922371e-02,nan,nan,7.662835249042209817e-04,nan,nan,9.118773946360154981e-02,nan,nan,nan,nan,nan,nan,nan,nan,nan,nan,nan,nan,7.126436781609195303e-02,nan,nan,nan,nan,nan,nan,nan,nan,nan,nan,nan,nan,nan,nan,nan,nan,nan,nan,nan,0.000000000000000000e+00,nan,nan,nan,nan,nan,nan,nan,0.000000000000000000e+00,nan
nan,nan,nan,nan,1.889763779527557988e-02,nan,1.106299212598425008e-01,nan,nan,nan,nan,nan,nan,nan,nan,nan,9.409448818897633848e-02,nan,nan,0.000000000000000000e+00,nan,nan,4.566929133858266265e-02,nan,nan,2.874015748031495399e-01,nan,nan,nan,nan,nan,nan,nan,nan,nan,9.015748031496058357e-02,nan,nan,nan,nan,nan,nan,nan,nan,nan,nan,nan,nan,nan,nan,nan,nan,nan,nan,nan,nan,1.114173228346456435e-01,4.448818897637792091e-02,2.322834645669289572e-02,nan,nan,nan,nan,nan,nan
nan,nan,nan,nan,nan,nan,7.052023121387282489e-02,1.186897880539498906e-01,nan,nan,nan,nan,nan,nan,nan,nan,2.504816955684006224e-02,nan,nan,nan,nan,nan,1.040462427745663179e-02,nan,3.622350674373793489e-02,nan,nan,nan,nan,nan,nan,nan,nan,1.572254335260115377e-01,nan,1.946050096339113633e-01,nan,nan,nan,nan,nan,nan,nan,nan,nan,nan,nan,nan,nan,nan,nan,nan,nan,nan,nan,nan,-4.624277456647403473e-02,4.084778420038535224e-02,-3.853564547206201002e-04,nan,nan,nan,nan,nan,nan
0.000000000000000000e+00,nan,nan,nan,nan,nan,nan,nan,nan,nan,0.000000000000000000e+00,nan,nan,nan,nan,nan,1.053846153846154376e-01,nan,nan,nan,nan,nan,6.730769230769236000e-02,nan,nan,nan,nan,nan,nan,nan,nan,nan,nan,nan,nan,1.253846153846154277e-01,nan,nan,nan,nan,nan,nan,nan,nan,nan,nan,nan,nan,nan,nan,nan,nan,nan,nan,0.000000000000000000e+00,2.373076923076923583e-01,0.000000000000000000e+00,nan,nan,nan,nan,0.000000000000000000e+00,nan,0.000000000000000000e+00,nan
0.000000000000000000e+00,nan,nan,nan,0.000000000000000000e+00,nan,1.156435643564356630e-01,nan,nan,nan,nan,nan,nan,nan,nan,nan,1.184158415841584516e-01,nan,nan,0.000000000000000000e+00,nan,nan,7.920792079207923664e-02,nan,nan,nan,nan,nan,nan,nan,nan,nan,nan,nan,nan,8.158415841584162886e-02,nan,nan,nan,nan,nan,nan,nan,nan,nan,nan,nan,nan,nan,nan,nan,nan,nan,nan,0.000000000000000000e+00,nan,0.000000000000000000e+00,nan,nan,nan,nan,0.000000000000000000e+00,nan,nan,nan
0.000000000000000000e+00,nan,nan,nan,nan,nan,nan,nan,nan,nan,0.000000000000000000e+00,nan,nan,nan,nan,nan,8.941176470588234337e-02,nan,nan,nan,nan,nan,4.941176470588235642e-02,nan,nan,nan,nan,nan,nan,nan,nan,nan,nan,nan,nan,7.568627450980391913e-02,nan,nan,nan,nan,nan,nan,nan,nan,nan,nan,nan,nan,nan,nan,nan,nan,nan,nan,0.000000000000000000e+00,0.000000000000000000e+00,0.000000000000000000e+00,nan,3.254901960784315623e-02,nan,nan,nan,nan,0.000000000000000000e+00,nan
6.037735849056624290e-03,nan,nan,nan,-3.773584905660376629e-04,nan,7.509433962264158713e-02,nan,nan,nan,nan,nan,nan,nan,nan,nan,-1.509433962264150652e-03,nan,3.094339622641513118e-02,-3.773584905660376629e-04,nan,nan,-1.886792452830188260e-03,nan,nan,nan,nan,nan,nan,nan,nan,nan,nan,1.018867924528302771e-01,nan,-3.773584905660376521e-03,nan,nan,nan,nan,nan,nan,nan,nan,nan,nan,nan,nan,nan,nan,nan,nan,nan,nan,nan,nan,3.773584905660376629e-04,nan,nan,nan,nan,nan,nan,nan,nan
5.423076923076919353e-02,nan,nan,nan,nan,nan,nan,nan,nan,nan,nan,nan,nan,nan,1.153846153846156339e-02,nan,3.653846153846151967e-02,nan,4.538461538461535660e-02,nan,nan,nan,7.499999999999998335e-02,nan,nan,nan,3.923076923076922184e-02,nan,nan,nan,nan,nan,nan,2.346153846153844341e-02,nan,8.076923076923092637e-03,nan,nan,nan,nan,nan,nan,nan,nan,nan,nan,nan,nan,nan,nan,nan,nan,nan,nan,nan,nan,nan,nan,nan,nan,nan,0.000000000000000000e+00,nan,-1.846153846153848407e-02,nan
nan,nan,nan,nan,4.571428571428582180e-03,nan,1.207619047619048064e-01,6.819047619047624575e-02,nan,nan,2.628571428571433582e-02,nan,nan,nan,nan,nan,7.542857142857146979e-02,nan,nan,2.780952380952388461e-02,nan,nan,4.114285714285718931e-02,5.523809523809530830e-02,nan,nan,nan,nan,nan,nan,nan,nan,nan,nan,nan,1.123809523809524286e-01,nan,nan,nan,nan,nan,nan,nan,nan,nan,nan,nan,nan,nan,nan,nan,nan,nan,nan,nan,nan,-6.095238095238065049e-03,nan,nan,nan,nan,nan,nan,nan,nan
nan,nan,nan,nan,nan,nan,-4.032258064516236365e-04,nan,nan,nan,0.000000000000000000e+00,nan,nan,nan,nan,nan,6.491935483870965584e-02,nan,nan,0.000000000000000000e+00,nan,nan,2.245967741935483153e-01,nan,nan,nan,nan,nan,nan,nan,nan,nan,nan,nan,nan,1.302419354838709187e-01,nan,nan,nan,nan,nan,nan,nan,nan,nan,nan,nan,nan,nan,nan,nan,nan,nan,nan,1.189516129032257979e-01,0.000000000000000000e+00,nan,nan,0.000000000000000000e+00,nan,nan,0.000000000000000000e+00,nan,nan,nan
0.000000000000000000e+00,nan,nan,nan,nan,nan,nan,nan,nan,nan,nan,nan,nan,nan,nan,nan,8.451730418943532996e-02,nan,nan,nan,nan,nan,8.779599271402546701e-02,nan,nan,nan,nan,nan,nan,nan,nan,nan,nan,nan,nan,8.415300546448083174e-02,nan,nan,nan,nan,nan,nan,nan,nan,nan,nan,nan,nan,nan,nan,nan,nan,nan,nan,3.642987249544482392e-04,0.000000000000000000e+00,5.996357012750455073e-01,nan,nan,nan,nan,0.000000000000000000e+00,nan,0.000000000000000000e+00,0.000000000000000000e+00
nan,nan,nan,nan,nan,nan,nan,nan,nan,nan,nan,nan,nan,nan,nan,nan,nan,-7.782101167314925188e-04,nan,nan,nan,nan,1.906614785992224309e-02,1.167315175097316570e-03,-1.556420233463029490e-03,nan,nan,-3.891050583657351463e-04,1.167315175097316570e-03,nan,-5.447470817120603215e-03,7.782101167315369711e-04,nan,nan,nan,nan,nan,nan,nan,nan,nan,nan,nan,nan,nan,nan,nan,nan,nan,nan,nan,nan,nan,nan,-8.949416342412419567e-03,nan,-7.937743190661475379e-02,nan,nan,nan,nan,nan,nan,nan,nan
nan,nan,nan,nan,-6.036217303822977165e-03,nan,-3.420523138833002352e-02,nan,nan,nan,nan,nan,nan,-2.615694164989945669e-02,nan,nan,8.853118712273632535e-03,nan,nan,-7.243460764587550567e-03,2.293762575452711408e-02,nan,-1.730382293762577905e-02,nan,nan,-2.293762575452722510e-02,nan,nan,nan,nan,nan,nan,nan,nan,nan,-5.231388329979913196e-03,nan,nan,nan,nan,nan,nan,nan,nan,nan,nan,nan,nan,nan,nan,nan,nan,nan,nan,nan,nan,-3.259557344064391987e-02,nan,nan,nan,nan,nan,nan,nan,nan
nan,nan,nan,nan,nan,nan,nan,nan,nan,nan,nan,nan,nan,nan,nan,nan,5.356454720616572740e-02,nan,nan,nan,nan,nan,6.204238921001929696e-02,nan,nan,nan,nan,nan,nan,nan,nan,nan,nan,nan,nan,1.040462427745665261e-02,nan,nan,nan,nan,nan,nan,nan,nan,nan,nan,nan,nan,nan,nan,nan,nan,nan,nan,0.000000000000000000e+00,0.000000000000000000e+00,0.000000000000000000e+00,2.235067437379576610e-02,1.849710982658963124e-02,nan,nan,0.000000000000000000e+00,nan,0.000000000000000000e+00,nan
2.268431001890360704e-02,nan,nan,nan,5.444234404536864996e-02,nan,3.289224952741025276e-02,nan,nan,nan,4.688090737240078326e-02,nan,nan,nan,2.986767485822310400e-02,nan,1.221172022684310632e-01,nan,nan,4.536862003780721408e-02,nan,nan,5.330812854442350257e-02,nan,nan,nan,nan,nan,nan,nan,nan,nan,nan,nan,nan,3.440453686200382194e-02,nan,nan,nan,nan,nan,nan,nan,nan,nan,nan,nan,nan,nan,nan,nan,nan,nan,nan,nan,nan,9.451795841209854193e-03,nan,nan,nan,nan,nan,nan,nan,nan
-1.918918918918918748e-01,nan,nan,-4.868725868725868322e-01,-3.640926640926639979e-01,-6.061776061776060764e-01,nan,nan,nan,nan,nan,nan,nan,nan,nan,nan,nan,nan,nan,-9.845559845559845313e-02,nan,nan,-4.895752895752895628e-01,nan,nan,nan,nan,nan,nan,nan,nan,nan,-4.737451737451737199e-01,nan,nan,nan,nan,nan,nan,nan,nan,nan,nan,nan,nan,nan,nan,nan,nan,nan,nan,nan,nan,nan,nan,nan,-4.791505791505790701e-01,nan,nan,nan,nan,0.000000000000000000e+00,nan,-4.312741312741311672e-01,nan
nan,nan,nan,nan,2.915129151291517839e-02,nan,1.033210332103322651e-02,nan,nan,nan,2.103321033210334839e-02,nan,nan,nan,nan,nan,6.309963099631002437e-02,nan,nan,1.036900369003690425e-01,nan,nan,2.693726937269372845e-01,nan,nan,nan,nan,nan,nan,nan,nan,nan,nan,nan,nan,2.000000000000000111e-01,nan,nan,nan,nan,nan,nan,nan,nan,nan,nan,nan,nan,nan,nan,nan,nan,nan,nan,nan,nan,nan,8.007380073800743348e-02,1.785977859778598298e-01,nan,nan,0.000000000000000000e+00,nan,nan,nan
nan,nan,nan,nan,nan,nan,nan,1.011320754716980852e-01,nan,nan,nan,nan,nan,nan,nan,nan,7.358490566037731440e-02,nan,nan,nan,nan,nan,-9.811320754717000811e-03,1.169811320754716652e-02,1.698113207547169434e-02,nan,nan,nan,6.792452830188677390e-03,nan,nan,nan,nan,nan,nan,-1.622641509433964124e-02,nan,nan,nan,nan,nan,nan,nan,nan,nan,nan,nan,nan,nan,nan,nan,nan,nan,nan,nan,nan,-8.113207547169820621e-02,-1.245283018867924217e-02,-1.773584905660376826e-02,nan,nan,nan,nan,nan,nan
1.011673151750973679e-02,nan,nan,nan,nan,nan,nan,nan,nan,nan,9.727626459144022783e-03,nan,nan,nan,1.431906614785992682e-01,nan,9.688715953307394657e-02,nan,nan,nan,nan,nan,5.758754863813231317e-02,nan,nan,nan,nan,nan,nan,nan,nan,nan,nan,nan,nan,7.821011673151752330e-02,nan,nan,nan,nan,nan,nan,nan,nan,nan,nan,nan,nan,-9.338521400778176940e-03,nan,nan,nan,nan,nan,nan,nan,5.758754863813229236e-02,nan,0.000000000000000000e+00,nan,nan,-3.112840466926058980e-03,nan,nan,nan
3.326959847036330131e-02,nan,nan,nan,2.715105162523898802e-02,nan,7.648183556405285365e-04,nan,nan,nan,3.709369024856597197e-02,nan,nan,nan,7.380497131931162968e-02,nan,9.177820267686431777e-03,nan,nan,1.912045889101321450e-03,nan,nan,9.560229445506673168e-03,nan,nan,nan,nan,nan,nan,nan,nan,3.977055449330783865e-02,nan,nan,nan,1.567877629063094830e-02,nan,nan,nan,nan,nan,nan,nan,nan,nan,nan,nan,nan,nan,nan,nan,nan,nan,nan,nan,nan,nan,nan,nan,nan,nan,nan,nan,nan,nan
nan,nan,nan,nan,nan,nan,nan,nan,nan,nan,nan,nan,nan,nan,nan,nan,nan,nan,nan,nan,nan,nan,nan,nan,nan,nan,nan,nan,nan,nan,nan,nan,nan,nan,nan,3.828125000000000278e-02,nan,nan,nan,nan,4.765624999999999722e-02,nan,nan,nan,nan,nan,nan,nan,nan,nan,nan,nan,nan,nan,0.000000000000000000e+00,0.000000000000000000e+00,0.000000000000000000e+00,3.789062499999999722e-02,nan,nan,0.000000000000000000e+00,0.000000000000000000e+00,nan,0.000000000000000000e+00,1.210937500000000035e-02
-1.019607843137249059e-02,nan,nan,nan,-1.137254901960782494e-02,nan,2.117647058823530701e-02,nan,nan,nan,-2.509803921568625265e-02,nan,nan,nan,nan,nan,4.313725490196081147e-02,nan,nan,nan,nan,nan,5.921568627450981420e-02,nan,nan,4.431372549019609725e-02,nan,nan,nan,nan,nan,nan,nan,-7.843137254901711092e-04,nan,7.843137254901962063e-02,nan,nan,nan,nan,nan,nan,nan,nan,nan,nan,nan,nan,nan,nan,nan,nan,nan,nan,nan,nan,1.568627450980386671e-03,nan,nan,nan,nan,nan,nan,nan,nan
-2.339181286549707472e-02,nan,nan,nan,-5.497076023391807287e-02,nan,nan,nan,nan,nan,nan,nan,nan,nan,nan,nan,-3.508771929824557045e-02,nan,nan,nan,nan,7.017543859649144622e-03,4.639376218323587597e-02,nan,nan,nan,nan,nan,nan,nan,nan,nan,nan,-7.797270955165647340e-03,nan,-4.873294346978555847e-02,nan,nan,nan,nan,nan,nan,nan,nan,nan,nan,nan,nan,7.797270955165691792e-04,7.797270955165691792e-04,nan,nan,nan,nan,nan,nan,nan,nan,nan,nan,nan,0.000000000000000000e+00,nan,nan,nan
nan,nan,nan,nan,nan,nan,nan,nan,nan,nan,0.000000000000000000e+00,nan,nan,nan,nan,nan,4.533333333333333659e-02,nan,nan,nan,nan,nan,5.142857142857142072e-02,nan,nan,nan,nan,nan,nan,nan,nan,nan,nan,nan,nan,7.695238095238095266e-02,nan,nan,nan,nan,nan,nan,nan,nan,nan,nan,nan,nan,nan,nan,nan,nan,nan,nan,0.000000000000000000e+00,0.000000000000000000e+00,0.000000000000000000e+00,nan,nan,nan,nan,0.000000000000000000e+00,nan,0.000000000000000000e+00,0.000000000000000000e+00
7.952286282306042942e-04,nan,nan,nan,nan,nan,nan,nan,nan,nan,nan,nan,nan,nan,nan,nan,nan,nan,7.276341948310138807e-02,nan,nan,nan,nan,nan,nan,nan,4.890656063618288585e-02,nan,nan,nan,nan,nan,nan,nan,nan,5.407554671968188564e-02,nan,nan,nan,nan,nan,nan,nan,nan,nan,nan,nan,nan,1.590457256461208588e-03,0.000000000000000000e+00,nan,nan,nan,nan,1.192842942345939726e-03,7.952286282306264120e-04,7.952286282306264120e-04,nan,1.988071570576544021e-03,nan,nan,nan,nan,nan,nan
nan,nan,nan,nan,nan,nan,1.011320754716980852e-01,nan,nan,nan,0.000000000000000000e+00,nan,nan,nan,5.094339622641509691e-02,nan,3.886792452830187955e-02,nan,nan,2.641509433962263478e-03,1.547169811320754304e-02,nan,2.264150943396226086e-03,nan,nan,nan,nan,nan,nan,nan,nan,nan,nan,nan,nan,7.320754716981131560e-02,nan,nan,nan,nan,nan,nan,1.132075471698112956e-02,nan,nan,nan,nan,nan,nan,nan,nan,nan,nan,nan,nan,nan,nan,nan,nan,nan,nan,0.000000000000000000e+00,nan,nan,nan
nan,nan,nan,nan,0.000000000000000000e+00,nan,0.000000000000000000e+00,nan,nan,nan,3.937007874015740930e-04,nan,nan,1.409448818897637845e-01,nan,nan,9.488188976377950890e-02,nan,nan,0.000000000000000000e+00,nan,nan,1.866141732283464472e-01,nan,nan,1.566929133858267487e-01,nan,nan,nan,nan,nan,nan,nan,nan,nan,1.094488188976377729e-01,nan,nan,nan,nan,nan,nan,nan,nan,nan,nan,nan,nan,nan,nan,nan,nan,nan,nan,nan,nan,4.251968503937007121e-02,nan,nan,nan,nan,nan,nan,nan,nan
1.505791505791507189e-02,nan,nan,nan,nan,nan,nan,nan,nan,nan,nan,nan,nan,nan,nan,nan,1.277992277992278658e-01,nan,nan,nan,nan,nan,1.154440154440154742e-01,nan,nan,nan,nan,nan,nan,nan,nan,nan,nan,nan,nan,1.050193050193050787e-01,nan,nan,nan,nan,6.177606177606183302e-02,nan,nan,nan,nan,nan,nan,nan,nan,nan,nan,nan,nan,nan,1.544401544401545825e-02,3.359073359073361242e-02,1.814671814671815417e-02,nan,3.397683397683400053e-02,nan,nan,0.000000000000000000e+00,nan,nan,nan
nan,nan,nan,nan,nan,nan,1.271676300578037343e-02,7.707129094412401571e-03,nan,nan,nan,nan,nan,nan,nan,nan,5.394990366088636517e-03,nan,nan,nan,2.732177263969172154e-01,nan,4.440892098500626408e-17,nan,-1.926782273603055940e-03,nan,nan,nan,nan,nan,nan,nan,nan,nan,nan,7.938342967244702009e-02,nan,nan,nan,nan,nan,nan,nan,nan,nan,nan,nan,nan,nan,nan,nan,nan,nan,nan,nan,nan,1.926782273603078275e-03,-1.541425818882464702e-02,1.926782273603078275e-03,nan,nan,nan,nan,nan,nan
nan,nan,nan,nan,nan,nan,-9.142857142857119257e-03,nan,nan,nan,nan,nan,nan,nan,nan,1.219047619047621857e-02,3.276190476190479067e-02,nan,nan,-1.904761904761898038e-03,5.714285714285716189e-02,nan,1.180952380952382530e-02,1.420952380952381078e-01,nan,nan,nan,nan,5.219047619047623154e-02,nan,nan,nan,nan,nan,nan,1.866666666666667515e-02,nan,nan,nan,nan,nan,nan,nan,nan,nan,nan,nan,nan,nan,nan,nan,nan,nan,nan,nan,nan,-5.333333333333301063e-03,nan,nan,nan,nan,nan,nan,nan,nan
0.000000000000000000e+00,nan,nan,nan,nan,nan,nan,nan,nan,nan,nan,nan,nan,nan,nan,nan,6.988416988416983056e-02,nan,nan,nan,nan,nan,7.490347490347486203e-02,nan,nan,nan,nan,nan,nan,nan,nan,nan,nan,nan,nan,5.328185328185323921e-02,nan,nan,nan,nan,-2.162162162162166792e-02,nan,nan,nan,nan,nan,nan,nan,0.000000000000000000e+00,0.000000000000000000e+00,nan,nan,nan,nan,-1.274131274131276061e-02,-1.312741312741314524e-02,-2.895752895752901068e-02,nan,nan,nan,nan,nan,nan,nan,nan
7.659574468085113275e-02,nan,nan,nan,nan,nan,nan,nan,nan,nan,nan,nan,nan,nan,nan,nan,1.578336557059961953e-01,nan,nan,nan,nan,nan,1.172147001934236432e-01,9.323017408123797367e-02,nan,nan,nan,nan,nan,nan,nan,nan,nan,nan,nan,9.787234042553197289e-02,nan,nan,nan,nan,nan,nan,nan,nan,nan,nan,nan,nan,nan,nan,nan,nan,nan,nan,6.460348162475826328e-02,7.891682785299811154e-02,7.891682785299809766e-02,nan,4.564796905222438805e-02,nan,nan,nan,nan,6.189555125725343387e-02,nan
nan,nan,nan,nan,nan,nan,1.166666666666666685e-01,1.035714285714285365e-01,nan,nan,nan,nan,nan,1.067460317460317276e-01,nan,nan,1.309523809523809312e-01,nan,nan,nan,nan,nan,9.087301587301581385e-02,nan,nan,1.063492063492063461e-01,nan,nan,nan,nan,nan,nan,nan,nan,nan,9.722222222222216825e-02,nan,nan,nan,nan,nan,nan,nan,nan,nan,nan,nan,nan,nan,nan,nan,nan,nan,nan,nan,nan,6.388888888888888395e-02,9.603174603174599588e-02,7.460317460317456018e-02,nan,nan,nan,nan,nan,nan
nan,nan,nan,nan,0.000000000000000000e+00,nan,0.000000000000000000e+00,nan,nan,nan,0.000000000000000000e+00,nan,nan,1.006134969325153394e-01,nan,nan,1.161554192229038857e-01,nan,nan,0.000000000000000000e+00,nan,nan,1.754601226993865171e-01,nan,nan,1.128834355828220726e-01,nan,nan,nan,nan,nan,nan,nan,nan,nan,1.124744376278118130e-01,nan,nan,nan,nan,nan,nan,nan,nan,nan,nan,nan,nan,nan,nan,nan,nan,nan,nan,nan,nan,0.000000000000000000e+00,nan,nan,nan,nan,nan,nan,nan,nan
nan,nan,nan,nan,4.555984555984556039e-02,nan,1.096525096525096388e-01,6.756756756756751581e-02,nan,nan,nan,nan,nan,1.930501930501930252e-01,nan,7.490347490347488979e-02,6.177606177606172200e-02,nan,nan,nan,nan,nan,1.023166023166022648e-01,nan,nan,1.563706563706563357e-01,nan,nan,nan,nan,nan,nan,nan,nan,nan,1.181467181467180938e-01,nan,nan,nan,nan,nan,nan,nan,nan,nan,nan,nan,nan,nan,nan,nan,nan,nan,nan,nan,nan,-3.088803088803082717e-03,nan,nan,nan,nan,nan,nan,nan,nan
nan,nan,nan,nan,nan,nan,1.169590643274820430e-03,-6.627680311890848594e-03,nan,nan,nan,nan,nan,nan,nan,nan,-4.600389863547760250e-02,nan,nan,nan,4.990253411306041359e-02,nan,-9.746588693957147428e-03,nan,nan,nan,nan,nan,nan,nan,nan,nan,nan,5.730994152046782475e-02,nan,1.169590643274820430e-03,nan,nan,nan,nan,nan,nan,nan,nan,nan,nan,nan,nan,nan,nan,nan,nan,nan,nan,nan,nan,-3.118908382066298834e-03,-5.068226120857710452e-03,-7.407407407407440650e-03,nan,nan,nan,nan,nan,nan
1.052023121387282989e-01,nan,nan,nan,nan,nan,4.046242774566473355e-02,nan,nan,nan,nan,nan,nan,nan,nan,1.464354527938342976e-01,nan,nan,nan,nan,nan,nan,-4.431599229287090658e-02,nan,nan,nan,nan,nan,nan,nan,nan,nan,nan,nan,nan,nan,nan,nan,nan,nan,nan,nan,nan,nan,nan,nan,nan,nan,-1.811175337186898826e-02,1.048169556840076871e-01,nan,nan,nan,nan,1.938342967244701120e-01,1.005780346820808885e-01,nan,-5.934489402697498001e-02,nan,nan,nan,0.000000000000000000e+00,nan,nan,nan
2.450097847358120862e-01,nan,nan,nan,nan,nan,1.389432485322896205e-01,nan,nan,nan,-8.610567514677147649e-03,nan,nan,nan,nan,nan,1.373776908023482957e-01,nan,nan,2.270058708414872742e-02,nan,nan,7.005870841487275846e-02,2.039138943248532121e-01,nan,nan,nan,nan,8.219178082191777590e-02,nan,nan,nan,nan,nan,nan,9.510763209393340023e-02,nan,nan,nan,nan,nan,nan,nan,nan,nan,nan,nan,nan,nan,nan,nan,nan,nan,nan,nan,nan,7.906066536203522344e-02,nan,nan,nan,nan,nan,nan,nan,nan
-2.138836772983112450e-02,nan,nan,nan,nan,nan,nan,nan,nan,nan,nan,nan,nan,nan,nan,nan,-2.626641651031880187e-03,nan,-7.879924953095706480e-03,nan,nan,nan,-2.926829268292681016e-02,-1.726078799249530782e-02,nan,nan,nan,4.502814258911791261e-03,nan,nan,nan,3.001876172607875586e-03,nan,-3.752345215759866816e-03,nan,-2.664165103189492997e-02,nan,nan,nan,nan,nan,nan,nan,nan,nan,nan,nan,nan,nan,nan,nan,nan,nan,nan,nan,nan,nan,nan,nan,nan,nan,0.000000000000000000e+00,nan,nan,nan
3.874755381604695625e-02,nan,nan,nan,nan,nan,0.000000000000000000e+00,nan,nan,nan,2.348336594911937247e-02,nan,nan,nan,nan,nan,1.651663405088062420e-01,nan,nan,3.953033268101759784e-02,1.906066536203522288e-01,nan,1.729941291585126995e-01,1.847358121330723579e-01,nan,nan,nan,nan,nan,nan,nan,nan,nan,nan,nan,1.217221135029353807e-01,nan,nan,nan,nan,nan,nan,nan,nan,nan,nan,nan,nan,nan,nan,nan,nan,nan,nan,nan,nan,1.800391389432482933e-02,nan,nan,nan,nan,nan,nan,nan,nan
nan,nan,nan,nan,nan,nan,0.000000000000000000e+00,nan,nan,nan,nan,nan,nan,nan,nan,nan,9.210526315789475948e-02,nan,nan,0.000000000000000000e+00,1.244360902255639417e-01,nan,1.755639097744360888e-01,nan,nan,nan,nan,nan,nan,nan,nan,nan,nan,nan,nan,9.398496240601506013e-02,nan,nan,nan,nan,nan,nan,nan,nan,nan,nan,nan,nan,nan,nan,nan,nan,nan,nan,3.759398496240739965e-04,7.518796992481479929e-04,nan,nan,2.330827067669174330e-02,nan,nan,0.000000000000000000e+00,nan,nan,nan
nan,nan,nan,nan,-1.915708812260534868e-02,nan,3.256704980842915070e-02,nan,nan,nan,nan,nan,nan,1.448275862068965636e-01,nan,nan,3.601532567049805372e-02,nan,nan,-1.149425287356309246e-03,nan,nan,2.375478927203065332e-02,nan,nan,5.095785440613027906e-02,nan,nan,nan,nan,nan,nan,nan,nan,nan,4.252873563218388664e-02,nan,nan,nan,nan,nan,nan,nan,nan,nan,nan,nan,nan,nan,nan,nan,nan,nan,nan,nan,nan,nan,nan,1.291187739463602047e-01,nan,nan,0.000000000000000000e+00,nan,nan,nan
-1.919385796545109921e-02,nan,nan,nan,nan,nan,nan,nan,nan,nan,3.454894433781130394e-03,nan,nan,nan,nan,nan,2.802303262955849888e-02,nan,nan,nan,1.911708253358924969e-01,nan,9.213051823416496325e-03,nan,nan,nan,nan,nan,nan,nan,nan,nan,nan,nan,nan,1.612284069097884645e-02,nan,nan,nan,nan,nan,nan,nan,nan,nan,nan,nan,nan,7.216890595009595177e-02,-1.113243761996163261e-02,nan,nan,nan,nan,nan,nan,nan,nan,nan,nan,nan,0.000000000000000000e+00,nan,nan,-4.952015355086374082e-02
0.000000000000000000e+00,nan,nan,nan,nan,nan,nan,nan,nan,nan,nan,nan,nan,nan,nan,nan,-4.062868369351669839e-01,nan,nan,nan,nan,nan,-4.424361493123772360e-01,nan,nan,nan,nan,nan,nan,nan,nan,nan,nan,nan,nan,-4.719056974459724385e-01,nan,nan,nan,nan,nan,nan,nan,nan,nan,nan,nan,nan,nan,nan,nan,nan,nan,nan,0.000000000000000000e+00,0.000000000000000000e+00,0.000000000000000000e+00,nan,nan,nan,nan,0.000000000000000000e+00,nan,0.000000000000000000e+00,0.000000000000000000e+00
nan,nan,nan,nan,-2.528735632183902807e-02,nan,1.126436781609195525e-01,nan,nan,nan,-6.513409961685767864e-03,nan,nan,nan,nan,nan,1.149425287356327027e-02,nan,nan,8.429118773946430582e-03,nan,nan,1.226053639846746979e-02,9.961685823754850427e-03,nan,nan,nan,nan,1.149425287356324946e-02,nan,nan,nan,nan,nan,nan,4.061302681992342428e-02,nan,nan,nan,nan,nan,nan,nan,nan,nan,nan,nan,nan,nan,nan,nan,nan,nan,nan,nan,nan,-6.475095785440605767e-02,nan,nan,nan,nan,nan,nan,nan,nan
nan,nan,nan,nan,-3.773584905660376521e-03,nan,4.754716981132083020e-02,nan,nan,nan,nan,nan,nan,nan,nan,3.358490566037745928e-02,2.754716981132083672e-02,5.924528301886802101e-02,nan,8.679245283018933305e-03,nan,nan,2.754716981132083672e-02,nan,nan,2.603773584905664379e-02,nan,nan,nan,nan,nan,nan,nan,nan,nan,1.471698113207551249e-02,nan,nan,nan,nan,nan,nan,nan,nan,nan,nan,nan,nan,nan,nan,nan,nan,nan,nan,nan,nan,6.037735849056624290e-03,nan,nan,nan,nan,nan,nan,nan,nan
nan,nan,nan,nan,2.433781190019193852e-01,nan,0.000000000000000000e+00,nan,nan,nan,0.000000000000000000e+00,nan,nan,nan,nan,nan,1.500959692898272413e-01,nan,nan,0.000000000000000000e+00,nan,nan,7.562380038387714332e-02,nan,nan,nan,nan,nan,nan,nan,nan,nan,nan,nan,nan,4.990403071017272818e-02,nan,nan,nan,nan,nan,nan,nan,nan,nan,nan,nan,nan,nan,nan,nan,nan,nan,nan,0.000000000000000000e+00,0.000000000000000000e+00,nan,nan,nan,nan,nan,0.000000000000000000e+00,nan,nan,nan
nan,nan,nan,nan,nan,nan,3.861003861003875406e-03,3.243243243243243423e-02,nan,nan,-5.019305019305008927e-03,nan,nan,-5.405405405405394430e-03,nan,-1.660231660231657053e-02,2.200772200772203174e-02,nan,nan,nan,nan,nan,1.154440154440154603e-01,nan,nan,4.285714285714285754e-02,nan,nan,nan,nan,nan,nan,nan,nan,nan,2.393822393822395839e-02,nan,nan,nan,nan,nan,nan,nan,nan,nan,nan,nan,nan,nan,nan,nan,nan,nan,nan,nan,nan,-6.911196911196912374e-02,nan,nan,nan,nan,nan,nan,nan,nan
0.000000000000000000e+00,nan,nan,nan,nan,nan,nan,nan,nan,nan,0.000000000000000000e+00,nan,nan,nan,nan,nan,-4.034285714285713587e-01,nan,nan,0.000000000000000000e+00,nan,nan,-1.961904761904761929e-01,nan,nan,nan,nan,nan,nan,nan,nan,nan,nan,nan,nan,-3.809523809523809312e-01,nan,nan,nan,nan,nan,nan,nan,nan,nan,nan,nan,nan,nan,nan,nan,nan,nan,nan,0.000000000000000000e+00,0.000000000000000000e+00,0.000000000000000000e+00,nan,nan,nan,nan,0.000000000000000000e+00,nan,nan,nan
4.818355640535376683e-02,nan,nan,nan,nan,nan,nan,nan,nan,nan,0.000000000000000000e+00,nan,nan,nan,4.894837476099427043e-02,nan,9.407265774378585632e-02,nan,nan,nan,nan,nan,6.692160611854687524e-02,nan,nan,nan,nan,nan,nan,nan,nan,nan,nan,nan,nan,8.145315487571702651e-02,nan,nan,nan,nan,nan,nan,nan,nan,nan,nan,nan,nan,nan,nan,nan,nan,nan,nan,2.065009560229445068e-02,1.606118546845125561e-02,-1.223709369024852424e-02,nan,nan,nan,nan,0.000000000000000000e+00,nan,nan,nan
nan,nan,nan,nan,3.831417624521104908e-04,nan,4.406130268199233424e-02,nan,nan,nan,-3.754789272030652214e-02,nan,nan,nan,nan,-1.149425287356320435e-02,2.567049808429118160e-02,nan,nan,-1.417624521072795643e-02,nan,nan,3.065134099616859814e-02,nan,nan,nan,nan,nan,nan,nan,nan,nan,nan,-3.448275862068950291e-03,nan,2.681992337164751383e-02,nan,nan,nan,nan,nan,nan,nan,nan,nan,nan,nan,nan,nan,nan,nan,nan,nan,nan,nan,nan,-4.061302681992338265e-02,nan,nan,nan,nan,nan,nan,nan,nan
nan,nan,nan,nan,2.324528301886792381e-01,nan,3.547169811320760591e-02,nan,nan,nan,2.226415094339626727e-02,nan,nan,nan,nan,nan,2.264150943396227994e-02,3.245283018867928249e-02,nan,2.641509433962263478e-03,8.113207547169820621e-02,nan,1.471698113207551249e-02,nan,nan,nan,nan,nan,nan,nan,nan,nan,nan,nan,nan,3.396226415094338695e-03,nan,nan,nan,nan,nan,nan,nan,nan,nan,nan,nan,nan,nan,nan,nan,nan,nan,nan,nan,nan,1.018867924528301695e-02,nan,nan,nan,nan,nan,nan,nan,nan
nan,nan,nan,nan,nan,nan,-2.306238185255193862e-02,-1.134215500945174801e-02,nan,nan,nan,nan,nan,nan,nan,nan,6.661338147750938996e-17,nan,nan,nan,nan,nan,-8.695652173913015828e-03,nan,3.251417769376185873e-02,nan,nan,nan,nan,nan,nan,nan,nan,-1.361058601134212953e-02,nan,-2.797731568998105406e-02,nan,nan,nan,nan,nan,nan,nan,nan,nan,nan,nan,nan,nan,nan,nan,nan,nan,nan,nan,nan,-8.166351606805291596e-02,-5.671077504725894475e-02,4.914933837429113703e-03,nan,nan,nan,nan,nan,nan
4.520231213872832332e-01,nan,nan,nan,1.225433526011560775e-01,nan,4.739884393063583667e-01,nan,nan,nan,4.466281310211945299e-01,nan,nan,nan,nan,3.352601156069364152e-01,1.132947976878612845e-01,nan,nan,2.427745664739884290e-01,nan,nan,7.360308285163777442e-02,nan,nan,nan,nan,nan,nan,nan,nan,nan,nan,nan,nan,1.071290944123313993e-01,nan,nan,nan,nan,nan,nan,nan,nan,nan,nan,nan,nan,nan,nan,nan,nan,nan,nan,5.587668593448940069e-01,nan,nan,nan,nan,nan,nan,nan,nan,nan,nan
5.355805243445692365e-02,nan,nan,nan,1.910112359550559732e-02,nan,1.277153558052434301e-01,nan,nan,nan,nan,nan,nan,nan,nan,9.550561797752810111e-02,1.067415730337078622e-01,1.299625468164793962e-01,nan,0.000000000000000000e+00,nan,nan,1.239700374531834959e-01,nan,nan,nan,nan,nan,nan,nan,nan,nan,nan,nan,nan,9.737827715355804048e-02,nan,nan,nan,nan,nan,nan,nan,nan,nan,nan,nan,nan,nan,nan,nan,nan,nan,nan,nan,nan,1.610486891385767144e-02,nan,nan,nan,nan,nan,nan,nan,nan
-1.213872832369942145e-01,nan,nan,nan,nan,nan,-1.102119460500963488e-01,nan,nan,nan,0.000000000000000000e+00,nan,nan,nan,nan,nan,-6.050096339113679722e-01,nan,nan,1.541425818882469125e-03,nan,nan,-4.073217726396917149e-01,nan,nan,nan,nan,nan,nan,nan,nan,nan,nan,nan,nan,-4.470134874759151833e-01,nan,nan,nan,nan,nan,nan,nan,nan,nan,nan,nan,nan,nan,nan,nan,nan,nan,nan,nan,nan,-3.853564547206145166e-04,nan,nan,nan,nan,0.000000000000000000e+00,nan,-3.853564547206145166e-04,nan
-7.632093933463790503e-02,nan,nan,nan,2.712328767123287632e-01,nan,-7.632093933463790503e-02,nan,nan,nan,-7.632093933463790503e-02,nan,nan,nan,nan,-7.632093933463790503e-02,-6.653620352250455214e-03,nan,nan,-7.632093933463790503e-02,nan,nan,4.696673189823896352e-03,nan,nan,nan,nan,nan,nan,nan,nan,nan,nan,nan,nan,7.827788649706901580e-04,nan,nan,nan,nan,nan,nan,nan,nan,nan,nan,nan,nan,nan,nan,nan,nan,nan,nan,nan,nan,3.913894324853232909e-02,nan,nan,nan,nan,nan,nan,nan,nan
2.307692307692299667e-03,nan,2.307692307692299667e-03,nan,nan,nan,nan,nan,nan,nan,nan,nan,nan,nan,9.730769230769230338e-02,nan,7.153846153846150913e-02,nan,5.769230769230771286e-03,nan,nan,nan,nan,nan,nan,nan,1.153846153846149747e-02,nan,nan,nan,3.653846153846151967e-02,2.538461538461535966e-02,nan,nan,nan,8.884615384615383860e-02,nan,nan,nan,nan,nan,nan,nan,nan,nan,nan,nan,nan,nan,nan,nan,nan,nan,nan,nan,nan,-2.307692307692299667e-03,nan,nan,nan,nan,nan,nan,nan,nan
nan,nan,nan,nan,0.000000000000000000e+00,nan,0.000000000000000000e+00,nan,nan,nan,0.000000000000000000e+00,nan,nan,nan,nan,nan,-4.926070038910506099e-01,nan,nan,0.000000000000000000e+00,nan,nan,-5.509727626459144378e-01,nan,nan,nan,nan,nan,nan,nan,nan,nan,nan,nan,nan,-8.521400778210116989e-02,nan,nan,nan,nan,nan,nan,nan,nan,nan,nan,nan,nan,nan,nan,nan,nan,nan,nan,0.000000000000000000e+00,0.000000000000000000e+00,nan,nan,nan,nan,nan,0.000000000000000000e+00,nan,nan,nan
nan,nan,nan,nan,nan,nan,4.754420432220039100e-02,9.430255402750508525e-03,nan,nan,nan,nan,nan,nan,nan,nan,4.440078585461691013e-02,nan,nan,nan,1.108055009823182974e-01,nan,6.836935166994109747e-02,nan,nan,4.518664047151279423e-02,nan,nan,nan,nan,nan,nan,nan,nan,nan,3.811394891944992758e-02,nan,nan,nan,nan,nan,nan,nan,nan,nan,nan,nan,nan,nan,nan,nan,nan,nan,nan,nan,nan,nan,3.104125736738705399e-02,2.318271119842831712e-02,nan,nan,0.000000000000000000e+00,nan,nan,nan
nan,nan,nan,nan,nan,nan,nan,nan,nan,nan,nan,nan,nan,2.300556586270876419e-02,nan,3.821892393320965031e-02,2.040816326530614511e-02,-1.261595547309832775e-02,nan,-3.784786641929498152e-02,nan,nan,1.447124304267164395e-02,nan,nan,4.044526901669760754e-02,nan,nan,nan,nan,2.220446049250313204e-17,nan,nan,nan,nan,-1.484230055658624162e-02,nan,nan,nan,nan,nan,nan,nan,nan,nan,nan,nan,nan,nan,nan,nan,nan,nan,nan,nan,nan,nan,nan,nan,nan,nan,0.000000000000000000e+00,nan,nan,nan
nan,nan,nan,nan,-7.390476190476188978e-02,nan,-1.184761904761904711e-01,nan,nan,nan,nan,nan,nan,-5.295238095238093134e-02,nan,nan,-2.742857142857140287e-02,nan,nan,-1.619047619047618847e-01,nan,nan,3.619047619047620346e-02,nan,nan,nan,nan,nan,nan,nan,-4.495238095238092424e-02,nan,nan,nan,nan,-1.070476190476190304e-01,nan,nan,nan,nan,nan,nan,nan,nan,nan,nan,nan,nan,nan,nan,nan,nan,nan,nan,-1.619047619047618847e-01,nan,nan,nan,nan,nan,nan,0.000000000000000000e+00,nan,nan,nan
nan,nan,nan,nan,nan,nan,nan,nan,nan,nan,nan,nan,nan,nan,nan,nan,5.171102661596960193e-02,nan,nan,nan,nan,nan,6.577946768060838334e-02,nan,nan,nan,nan,nan,nan,nan,nan,nan,nan,nan,nan,4.106463878326995637e-02,nan,nan,nan,nan,nan,nan,nan,nan,nan,nan,nan,nan,nan,nan,nan,nan,nan,nan,0.000000000000000000e+00,0.000000000000000000e+00,0.000000000000000000e+00,2.019011406844106182e-01,2.091254752851712251e-02,nan,nan,0.000000000000000000e+00,nan,0.000000000000000000e+00,nan
-2.360784313725489691e-01,nan,nan,nan,nan,nan,-3.380392156862744857e-01,nan,nan,nan,-3.541176470588234815e-01,nan,nan,-5.098039215686275272e-01,nan,-3.541176470588234815e-01,-5.007843137254902599e-01,nan,nan,0.000000000000000000e+00,nan,nan,-5.643137254901959832e-01,nan,nan,nan,nan,nan,nan,nan,nan,nan,nan,nan,nan,-4.890196078431371940e-01,nan,nan,nan,nan,nan,nan,nan,nan,nan,nan,nan,nan,nan,nan,nan,nan,nan,nan,nan,nan,-4.721568627450979383e-01,nan,nan,nan,nan,nan,nan,nan,nan
1.453154875717022065e-02,nan,nan,nan,nan,nan,nan,nan,nan,nan,nan,nan,nan,nan,-1.453154875717010963e-02,nan,7.877629063097520146e-02,nan,nan,nan,nan,nan,8.795411089866160548e-02,3.824091778202709686e-03,nan,nan,nan,nan,nan,nan,nan,nan,nan,nan,nan,1.254302103250478362e-01,nan,nan,nan,nan,nan,nan,nan,nan,nan,nan,nan,nan,0.000000000000000000e+00,nan,nan,nan,nan,nan,2.026768642447423011e-02,2.447418738049718032e-02,nan,nan,nan,nan,nan,0.000000000000000000e+00,nan,nan,nan
nan,nan,nan,nan,7.476635514018781237e-04,nan,1.222429906542055883e-01,nan,nan,nan,nan,nan,nan,-2.841121495327103563e-02,nan,nan,5.158878504672896603e-02,nan,nan,-3.028037383177568584e-02,2.542056074766352314e-02,nan,5.084112149532708791e-02,nan,nan,-4.785046728971964480e-02,nan,nan,nan,nan,nan,nan,nan,nan,nan,-3.887850467289721834e-02,nan,nan,nan,nan,nan,nan,nan,nan,nan,nan,nan,nan,nan,nan,nan,nan,nan,nan,nan,nan,-3.252336448598132368e-02,nan,nan,nan,nan,nan,nan,nan,nan
-2.862745098039214467e-02,nan,nan,8.235294117647095832e-03,nan,nan,nan,nan,nan,nan,nan,nan,nan,nan,nan,nan,-1.254901960784311418e-02,nan,nan,nan,nan,nan,-5.529411764705878529e-02,nan,nan,nan,nan,nan,nan,nan,nan,nan,3.607843137254904825e-02,-3.294117647058823067e-02,nan,9.019607843137289818e-03,nan,nan,nan,nan,nan,nan,nan,nan,nan,nan,nan,nan,-1.254901960784313673e-02,-2.509803921568627347e-02,nan,nan,nan,nan,nan,nan,nan,nan,nan,nan,nan,0.000000000000000000e+00,nan,nan,nan
2.275449101796405207e-02,nan,nan,nan,nan,nan,nan,nan,nan,nan,nan,nan,nan,nan,2.275449101796400697e-02,nan,4.990019960079834782e-02,nan,1.237524950099795282e-02,nan,nan,nan,7.185628742514967027e-02,nan,nan,nan,3.073852295409176122e-02,nan,nan,nan,nan,nan,nan,nan,nan,2.834331337325341968e-02,nan,nan,nan,nan,nan,nan,nan,nan,nan,nan,nan,nan,2.994011976047903506e-02,9.980039920159677197e-03,nan,nan,nan,nan,nan,nan,nan,nan,nan,nan,nan,0.000000000000000000e+00,nan,nan,nan
4.296153846153846212e-01,nan,nan,nan,nan,nan,nan,nan,nan,nan,nan,nan,nan,nan,nan,nan,6.807692307692306266e-02,nan,nan,nan,nan,nan,1.176923076923076794e-01,nan,nan,nan,nan,nan,nan,nan,nan,nan,nan,nan,nan,-1.923076923076960697e-03,nan,nan,nan,nan,nan,nan,nan,nan,nan,nan,nan,nan,nan,nan,nan,nan,nan,nan,5.500000000000000444e-01,2.407692307692307909e-01,5.500000000000000444e-01,1.538461538461533039e-03,6.538461538461515579e-03,nan,nan,2.200000000000000289e-01,nan,nan,nan
nan,nan,nan,nan,-7.476635514018336714e-04,nan,1.069158878504673227e-01,nan,nan,nan,-3.551401869158876679e-02,nan,nan,nan,nan,-3.551401869158876679e-02,2.093457943925238623e-02,6.766355140186922079e-02,nan,-8.598130841121464848e-03,nan,nan,1.084112149532714432e-02,nan,nan,nan,nan,nan,nan,nan,nan,nan,nan,nan,nan,2.018691588785048729e-02,nan,nan,nan,nan,nan,nan,nan,nan,nan,nan,nan,nan,nan,nan,nan,nan,nan,nan,nan,-3.551401869158876679e-02,nan,nan,nan,nan,nan,nan,nan,nan,nan
-1.061068702290076382e-01,nan,nan,nan,nan,nan,nan,nan,nan,nan,0.000000000000000000e+00,nan,nan,nan,nan,nan,-5.480916030534350725e-01,nan,nan,nan,nan,nan,7.633587786259554914e-04,nan,nan,nan,nan,nan,nan,nan,nan,nan,nan,nan,nan,-4.030534351145038663e-01,nan,nan,nan,nan,nan,nan,nan,nan,nan,nan,nan,nan,nan,nan,nan,nan,nan,nan,0.000000000000000000e+00,0.000000000000000000e+00,-1.164122137404580287e-01,nan,-4.549618320610687161e-01,nan,nan,0.000000000000000000e+00,nan,nan,nan
nan,nan,nan,nan,nan,nan,1.647509578544061742e-02,6.896551724137878030e-03,nan,nan,nan,nan,nan,nan,nan,nan,7.203065134099612132e-02,nan,nan,nan,1.026819923371647125e-01,nan,2.835249042145591286e-02,nan,nan,3.448275862068963388e-02,nan,nan,nan,nan,nan,nan,nan,nan,nan,1.494252873563215421e-02,nan,nan,nan,nan,nan,nan,nan,nan,nan,nan,nan,nan,nan,nan,nan,nan,nan,nan,nan,nan,8.429118773946342111e-03,-3.448275862068972408e-03,0.000000000000000000e+00,nan,nan,nan,nan,nan,nan
1.169811320754716652e-02,nan,nan,nan,nan,nan,nan,nan,nan,nan,0.000000000000000000e+00,nan,nan,nan,nan,nan,8.641509433962268893e-02,nan,nan,nan,-1.471698113207546912e-02,nan,6.339622641509437551e-02,nan,nan,nan,nan,nan,nan,nan,nan,nan,nan,nan,nan,5.584905660377366410e-02,nan,nan,nan,nan,nan,nan,nan,nan,nan,nan,nan,nan,nan,nan,nan,nan,nan,nan,-4.528301886792452172e-03,-4.528301886792452172e-03,5.283018867924526955e-03,nan,nan,nan,nan,0.000000000000000000e+00,nan,nan,nan
nan,nan,nan,nan,nan,nan,nan,3.547169811320762672e-02,nan,nan,nan,nan,nan,nan,nan,nan,nan,nan,nan,nan,nan,nan,4.150943396226425275e-02,4.905660377358496416e-02,3.547169811320760591e-02,nan,nan,nan,2.905660377358498803e-02,nan,nan,nan,nan,nan,nan,4.867924528301894455e-02,nan,nan,nan,nan,nan,nan,nan,nan,nan,nan,nan,nan,nan,nan,nan,nan,nan,nan,nan,nan,-8.679245283018865997e-02,3.849056603773595014e-02,3.773584905660376629e-04,nan,nan,0.000000000000000000e+00,nan,nan,nan
nan,nan,nan,nan,0.000000000000000000e+00,nan,6.067864271457086289e-01,nan,nan,nan,5.089820359281438389e-01,nan,nan,1.620758483033932495e-01,nan,nan,1.329341317365269892e-01,nan,nan,2.898203592814371232e-01,nan,nan,1.261477045908183936e-01,nan,nan,1.385229540918164193e-01,nan,nan,nan,nan,nan,nan,nan,nan,nan,1.568862275449102450e-01,nan,nan,nan,nan,nan,nan,nan,nan,nan,nan,nan,nan,nan,nan,nan,nan,nan,nan,nan,nan,3.085828343313373745e-01,nan,nan,nan,nan,nan,nan,nan,nan
nan,nan,nan,nan,nan,nan,2.536764705882355031e-02,3.161764705882352811e-02,nan,nan,nan,nan,nan,nan,nan,nan,2.977941176470590839e-02,nan,nan,nan,7.095588235294118806e-02,nan,-1.470588235294112422e-03,nan,nan,nan,nan,nan,nan,nan,nan,nan,nan,1.036764705882353005e-01,nan,-3.308823529411752951e-03,nan,nan,nan,nan,nan,nan,nan,nan,nan,nan,nan,nan,nan,nan,nan,nan,nan,nan,nan,nan,nan,1.286764705882352880e-02,5.882352941176472241e-03,nan,nan,0.000000000000000000e+00,nan,nan,nan
4.999999999999937654e-03,nan,nan,nan,nan,nan,nan,nan,nan,nan,-1.653846153846159212e-02,nan,nan,nan,7.999999999999993228e-02,nan,4.192307692307686157e-02,nan,nan,nan,nan,nan,4.076923076923073819e-02,nan,nan,nan,nan,nan,nan,nan,nan,nan,nan,nan,nan,5.076923076923071931e-02,nan,nan,nan,nan,nan,nan,nan,nan,nan,nan,nan,nan,nan,nan,nan,nan,nan,nan,-1.730769230769233641e-02,-1.538461538461541843e-02,1.080769230769230288e-01,nan,nan,nan,nan,0.000000000000000000e+00,nan,nan,nan
-2.348484848484846260e-02,nan,nan,nan,-2.196969696969695157e-02,nan,8.712121212121236996e-03,nan,nan,nan,-3.825757575757575413e-02,nan,nan,nan,-1.249999999999997814e-02,nan,5.113636363636364646e-02,nan,nan,2.575757575757577772e-02,nan,nan,7.007575757575756903e-02,nan,nan,nan,nan,nan,nan,nan,nan,nan,nan,nan,nan,1.090909090909090995e-01,nan,nan,nan,nan,nan,nan,nan,nan,nan,nan,nan,nan,nan,nan,nan,nan,nan,nan,nan,nan,-1.742424242424243236e-02,nan,nan,nan,nan,nan,nan,nan,nan
nan,nan,nan,nan,3.510848126232746225e-02,nan,2.130177514792899046e-02,3.826429980276137982e-02,nan,nan,nan,nan,nan,nan,nan,nan,1.341222879684418265e-02,nan,nan,1.656804733727812451e-02,6.587771203155820543e-02,nan,1.893491124260355749e-02,nan,nan,nan,nan,nan,6.232741617357005076e-02,nan,nan,nan,nan,nan,nan,-7.889546351084786996e-03,nan,nan,nan,nan,nan,nan,nan,nan,nan,nan,nan,nan,nan,nan,nan,nan,nan,nan,nan,nan,nan,nan,nan,nan,nan,nan,nan,-1.262327416173567550e-02,nan
4.846774193548387677e-01,nan,nan,nan,0.000000000000000000e+00,nan,3.661290322580644796e-01,nan,nan,nan,4.858870967741936164e-01,nan,nan,6.612903225806451846e-02,nan,nan,1.254032258064515792e-01,nan,nan,6.068548387096774910e-01,nan,nan,2.709677419354838968e-01,nan,nan,nan,nan,nan,nan,nan,nan,nan,nan,nan,nan,9.556451612903224535e-02,nan,nan,nan,nan,nan,nan,nan,nan,nan,nan,nan,nan,nan,nan,nan,nan,nan,nan,nan,nan,nan,nan,nan,nan,nan,0.000000000000000000e+00,nan,nan,nan
2.583170254403128682e-02,nan,nan,nan,1.369863013698626765e-02,nan,6.066536203522501086e-02,nan,nan,nan,3.561643835616432746e-02,nan,nan,nan,nan,nan,4.774951076320934490e-02,nan,nan,2.896281800391384970e-02,nan,nan,3.757338551859094877e-02,nan,nan,nan,nan,nan,7.749510763209391251e-02,nan,nan,nan,nan,nan,nan,3.796477495107628691e-02,nan,nan,nan,nan,nan,nan,nan,nan,nan,nan,nan,nan,nan,nan,nan,nan,nan,nan,nan,nan,9.001956947162371298e-03,nan,nan,nan,nan,nan,nan,nan,nan
nan,nan,nan,nan,-1.129770992366412596e-01,nan,-6.870229007633654392e-03,nan,nan,nan,-6.259541984732827635e-02,nan,nan,nan,nan,nan,-4.351145038167945206e-02,nan,nan,-2.404580152671758134e-02,nan,nan,2.480916030534345909e-02,nan,nan,nan,nan,nan,nan,nan,nan,nan,nan,-8.473282442748095167e-02,nan,-3.053435114503823961e-02,nan,nan,nan,nan,nan,nan,nan,nan,nan,nan,nan,nan,nan,nan,nan,nan,nan,nan,nan,nan,-1.393129770992367344e-01,-8.778625954198479575e-02,nan,nan,nan,nan,nan,nan,nan
nan,nan,nan,nan,5.143953934740881639e-02,nan,3.416506717850285174e-02,nan,nan,nan,4.376199616122837532e-02,nan,nan,nan,nan,nan,6.986564299424177782e-02,nan,nan,0.000000000000000000e+00,1.178502879078694721e-01,nan,1.305182341650670819e-01,nan,nan,1.213051823416506220e-01,nan,nan,nan,nan,nan,nan,nan,nan,nan,1.727447216890594661e-01,nan,nan,nan,nan,nan,nan,nan,nan,nan,nan,nan,nan,nan,nan,nan,nan,nan,nan,nan,nan,3.493282149712088891e-02,nan,nan,nan,nan,nan,nan,nan,nan
