nan,nan,nan,nan,-9.561752988047778762e-03,nan,nan,nan,nan,nan,1.195219123505974947e-03,nan,nan,nan,nan,nan,nan,nan,nan,nan,nan,nan,nan,nan,nan,nan,nan,nan,nan,nan,nan,nan,nan,nan,nan,nan,nan,nan,nan,nan,nan,nan,nan,nan,nan,nan,nan,nan,nan,nan,nan,nan,nan,nan,3.944223107569722053e-02,1.059760956175298807e-01,-2.948207171314740777e-02,1.513944223107572748e-02,0.000000000000000000e+00,nan,nan,0.000000000000000000e+00,nan,-4.940239043824701248e-02,-4.741035856573705409e-02
nan,nan,nan,nan,nan,nan,nan,nan,nan,nan,-4.529058116232462933e-02,nan,nan,8.216432865731468360e-02,nan,2.404809619238501561e-03,2.444889779559124982e-02,nan,nan,0.000000000000000000e+00,nan,nan,1.519038076152305350e-01,nan,nan,nan,nan,nan,nan,nan,nan,nan,nan,nan,nan,7.174348697394794527e-02,nan,nan,nan,nan,nan,nan,nan,nan,nan,nan,nan,nan,nan,nan,nan,nan,nan,nan,nan,nan,2.805611222444914874e-03,nan,nan,nan,nan,0.000000000000000000e+00,nan,-3.046092184368733718e-02,nan
nan,nan,nan,nan,2.886597938144297350e-03,nan,nan,nan,nan,nan,nan,nan,nan,-5.773195876288705723e-03,nan,nan,-6.391752577319594064e-02,nan,nan,nan,nan,nan,nan,nan,nan,-1.608247422680415470e-02,nan,nan,nan,nan,-3.175257731958767288e-02,-5.402061855670108048e-02,nan,nan,nan,-2.927835051546394743e-02,nan,nan,nan,nan,nan,nan,nan,nan,nan,nan,nan,nan,nan,nan,nan,nan,nan,nan,9.484536082474192414e-03,-3.422680412371135322e-02,nan,nan,nan,nan,nan,0.000000000000000000e+00,nan,nan,nan
nan,nan,5.566600397614296196e-03,nan,nan,nan,nan,nan,nan,nan,nan,nan,nan,nan,nan,nan,6.361829025844900273e-03,nan,nan,nan,nan,nan,-2.147117296222669086e-02,1.709741550695822315e-02,nan,nan,nan,1.431411530815105380e-02,2.067594433399597836e-02,nan,nan,7.952286282305820681e-04,4.771371769383625332e-03,1.192842942345895274e-03,nan,1.988071570576537342e-02,nan,nan,nan,nan,nan,nan,nan,nan,nan,nan,nan,nan,nan,nan,nan,nan,nan,nan,nan,nan,nan,nan,nan,nan,nan,nan,nan,nan,nan
nan,nan,nan,nan,nan,nan,nan,nan,nan,nan,nan,nan,nan,nan,nan,nan,7.294589178356715442e-02,nan,nan,nan,nan,nan,1.402805611222446291e-02,nan,nan,nan,1.803607214428859518e-02,nan,1.202404809619239722e-03,nan,1.563126252505011443e-02,1.002004008016033065e-02,nan,2.044088176352707592e-02,nan,1.563126252505011443e-02,nan,nan,nan,nan,nan,nan,nan,nan,nan,nan,nan,nan,0.000000000000000000e+00,nan,nan,nan,nan,nan,nan,nan,nan,nan,nan,nan,nan,0.000000000000000000e+00,nan,nan,nan
1.188118811881167056e-03,nan,nan,nan,4.752475247524734145e-03,-7.920792079207927827e-04,nan,nan,nan,nan,nan,nan,nan,6.297029702970292908e-02,nan,nan,-3.960396039603986465e-03,nan,nan,-1.188118811881189174e-03,nan,nan,3.762376237623760167e-02,nan,nan,nan,nan,nan,nan,nan,nan,-3.564356435643567522e-03,nan,nan,nan,1.623762376237620694e-02,nan,nan,nan,nan,nan,nan,nan,nan,nan,nan,nan,nan,nan,nan,nan,nan,nan,nan,nan,nan,nan,nan,nan,nan,nan,0.000000000000000000e+00,nan,nan,nan
nan,nan,nan,nan,nan,nan,nan,nan,nan,nan,nan,nan,nan,-2.828282828282846495e-03,nan,nan,4.444444444444428828e-03,-2.262626262626264012e-02,nan,nan,nan,nan,-1.373737373737375991e-02,nan,nan,nan,nan,nan,nan,nan,nan,-1.373737373737378073e-02,nan,nan,nan,-6.060606060606077081e-03,nan,nan,nan,nan,nan,nan,nan,nan,nan,nan,nan,nan,0.000000000000000000e+00,0.000000000000000000e+00,nan,nan,nan,nan,nan,nan,-2.020202020202020027e-02,nan,nan,nan,nan,nan,nan,-4.525252525252528024e-02,nan
nan,nan,nan,nan,nan,nan,nan,nan,nan,nan,nan,nan,nan,nan,nan,nan,2.230919765166341356e-02,nan,nan,nan,nan,nan,nan,nan,nan,nan,nan,nan,nan,nan,nan,nan,nan,nan,nan,nan,nan,nan,3.953033268101761866e-02,nan,nan,nan,nan,nan,nan,nan,nan,nan,nan,nan,nan,nan,nan,nan,5.088062622309199451e-02,6.223091976516637036e-02,2.622309197651666660e-02,nan,nan,1.913894324853229190e-01,nan,0.000000000000000000e+00,-2.465753424657530710e-02,2.191780821917812400e-02,4.440892098500626408e-17
nan,nan,nan,nan,-1.169590643274853736e-02,nan,nan,1.169590643274858247e-02,nan,nan,nan,nan,nan,1.793372319688111421e-02,nan,nan,1.949317738791424975e-02,6.237816764132575117e-03,nan,1.949317738791433953e-03,1.169590643274853736e-02,nan,nan,nan,nan,nan,nan,nan,nan,nan,nan,2.105263157894736795e-02,nan,nan,nan,3.430799220272906513e-02,nan,nan,nan,nan,nan,nan,nan,nan,nan,nan,nan,nan,nan,nan,nan,nan,nan,nan,nan,nan,nan,nan,nan,nan,nan,0.000000000000000000e+00,nan,nan,nan
-5.577689243027883666e-03,nan,nan,nan,-3.984063745019916672e-04,nan,nan,nan,nan,nan,2.390438247011949895e-03,nan,nan,nan,nan,nan,1.195219123505976422e-01,4.382470119521908285e-03,nan,nan,nan,nan,3.625498007968133013e-02,nan,nan,nan,nan,nan,nan,nan,nan,nan,nan,nan,nan,4.900398406374504440e-02,nan,nan,nan,nan,nan,nan,nan,nan,nan,nan,nan,nan,0.000000000000000000e+00,1.195219123505974947e-03,nan,nan,nan,nan,nan,nan,nan,nan,nan,nan,nan,0.000000000000000000e+00,nan,nan,nan
-3.903420523138836223e-02,nan,nan,nan,-5.231388329979913196e-03,nan,nan,nan,nan,nan,-1.167002012072442321e-02,nan,nan,nan,nan,-4.024144869215340661e-03,3.340040241448689884e-02,nan,nan,nan,nan,nan,-8.450704225352146520e-03,nan,nan,nan,nan,nan,nan,nan,nan,nan,nan,nan,nan,2.173038229376254155e-02,nan,nan,nan,nan,nan,nan,nan,nan,nan,nan,nan,nan,9.295774647887324049e-02,0.000000000000000000e+00,nan,nan,nan,nan,nan,nan,nan,nan,nan,nan,nan,0.000000000000000000e+00,nan,nan,nan
2.917466410748562750e-02,nan,-4.606525911708225611e-03,nan,nan,nan,nan,nan,nan,nan,nan,nan,nan,nan,6.026871401151634444e-02,nan,2.994241842610366813e-02,nan,nan,nan,nan,nan,nan,nan,nan,nan,nan,nan,nan,nan,nan,3.109404990403074123e-02,nan,nan,nan,nan,nan,nan,nan,nan,nan,nan,-1.113243761996156669e-02,nan,nan,nan,nan,nan,nan,nan,nan,nan,nan,nan,nan,nan,1.071017274472169101e-01,nan,nan,nan,7.677543186180412881e-04,0.000000000000000000e+00,nan,4.299424184261039367e-02,nan
5.146198830409354219e-02,nan,nan,nan,-1.832358674463938769e-02,nan,nan,nan,nan,nan,nan,nan,nan,nan,-1.949317738791456287e-03,nan,3.976608187134498401e-02,nan,nan,nan,nan,nan,3.703703703703700029e-02,nan,nan,nan,nan,nan,nan,nan,-2.729044834308025358e-03,3.469785575048731779e-02,nan,nan,nan,-1.130604288499028644e-02,nan,nan,nan,nan,nan,nan,-1.949317738791424975e-02,nan,nan,nan,nan,nan,nan,nan,nan,nan,nan,nan,nan,nan,nan,nan,nan,nan,nan,0.000000000000000000e+00,nan,nan,nan
nan,nan,nan,nan,nan,nan,nan,nan,nan,nan,nan,nan,nan,nan,nan,nan,nan,nan,nan,nan,nan,nan,nan,nan,nan,nan,nan,nan,nan,nan,nan,nan,nan,nan,nan,-3.522504892367903789e-02,nan,nan,nan,nan,nan,nan,nan,nan,nan,nan,nan,nan,nan,nan,nan,nan,nan,nan,3.131115459882627492e-03,2.309197651663410372e-02,1.005870841487279954e-01,-2.739726027397249020e-03,7.436399217221167923e-03,-2.348336594911932737e-02,9.393346379647750377e-02,nan,nan,-2.152641878669271300e-02,-2.074363992172210264e-02
nan,nan,nan,9.609856262833674223e-02,-8.213552361396869728e-04,nan,nan,nan,-2.464065708418927778e-03,nan,-4.106776180698323733e-04,nan,nan,nan,nan,nan,6.981519507186817117e-03,nan,nan,nan,nan,2.135523613963035208e-02,nan,nan,nan,nan,nan,nan,nan,nan,nan,nan,nan,nan,nan,nan,4.106776180697879752e-04,nan,nan,nan,nan,nan,nan,nan,nan,nan,nan,nan,nan,nan,nan,nan,nan,nan,nan,nan,-1.765913757700205908e-02,nan,nan,nan,nan,0.000000000000000000e+00,nan,-1.683778234086243802e-02,nan
8.484848484848494382e-03,nan,1.224242424242424770e-01,nan,nan,nan,nan,nan,nan,nan,nan,nan,nan,nan,5.131313131313134518e-02,nan,1.414141414141418737e-02,nan,nan,nan,nan,nan,nan,nan,nan,nan,nan,nan,nan,nan,3.636363636363644514e-02,1.414141414141418737e-02,nan,nan,nan,3.757575757575759567e-02,nan,nan,nan,nan,nan,nan,4.040404040404088973e-03,nan,nan,nan,nan,nan,nan,nan,nan,nan,nan,nan,nan,nan,-1.212121212121175474e-03,nan,nan,nan,nan,0.000000000000000000e+00,nan,nan,nan
nan,7.905138339921125240e-04,nan,nan,nan,nan,nan,nan,nan,1.067193675889333004e-02,nan,nan,nan,-1.620553359683791703e-02,nan,7.905138339920968898e-03,3.557312252964450576e-03,nan,nan,nan,nan,nan,-1.699604743082998651e-02,nan,nan,nan,nan,nan,nan,nan,nan,nan,nan,nan,nan,-6.719367588932744981e-03,nan,nan,nan,nan,nan,nan,nan,nan,nan,nan,-6.719367588932790084e-03,nan,nan,nan,nan,nan,-6.245059288537544578e-02,nan,nan,nan,nan,nan,nan,nan,nan,0.000000000000000000e+00,nan,nan,nan
-3.564356435643560583e-02,nan,-4.277227722772269924e-02,nan,nan,nan,nan,nan,nan,nan,nan,nan,nan,nan,-3.009900990099003554e-02,nan,1.386138613861389625e-02,nan,nan,nan,nan,nan,nan,nan,nan,nan,nan,nan,nan,nan,5.227722772277230978e-02,nan,nan,nan,nan,5.346534653465351283e-02,nan,nan,nan,nan,nan,nan,-1.623762376237620694e-02,nan,nan,nan,nan,nan,nan,nan,nan,nan,nan,nan,nan,nan,-1.821782178217818890e-02,nan,nan,nan,nan,0.000000000000000000e+00,nan,-1.584158415841581055e-02,nan
nan,nan,nan,nan,2.857142857142858094e-02,nan,nan,nan,nan,nan,nan,nan,nan,nan,nan,nan,1.379591836734694321e-01,nan,nan,nan,nan,nan,nan,nan,nan,nan,nan,nan,nan,nan,nan,nan,1.697959183673469763e-01,nan,nan,nan,nan,nan,1.151020408163265507e-01,nan,nan,nan,nan,nan,nan,nan,nan,nan,nan,nan,nan,nan,nan,nan,nan,nan,2.469387755102041559e-01,1.755102040816327036e-01,nan,nan,2.093877551020408290e-01,0.000000000000000000e+00,nan,2.599999999999999534e-01,1.187755102040816829e-01
nan,nan,nan,nan,nan,nan,nan,nan,nan,nan,nan,nan,nan,nan,nan,nan,1.738430583501005822e-01,nan,nan,nan,nan,nan,nan,nan,nan,nan,nan,nan,nan,nan,nan,nan,nan,nan,nan,1.758551307847082135e-01,nan,nan,nan,nan,nan,nan,nan,nan,nan,nan,nan,nan,nan,nan,nan,nan,nan,nan,1.319919517102615403e-01,1.790744466800804346e-01,6.559356136820923555e-02,2.008048289738430248e-01,1.207243460764587384e-01,nan,nan,0.000000000000000000e+00,nan,5.794768611670020331e-02,9.134808853118707439e-02
nan,nan,-1.301775147928994035e-02,nan,-1.104536489151868375e-02,nan,nan,nan,nan,nan,nan,nan,nan,nan,-1.420118343195266898e-02,nan,-1.104536489151872712e-02,nan,nan,nan,nan,nan,nan,nan,nan,nan,nan,nan,nan,nan,-2.406311637080866747e-02,-2.524654832347137529e-02,nan,nan,nan,nan,nan,nan,nan,nan,nan,nan,-1.143984220907294860e-02,nan,nan,nan,nan,nan,nan,nan,nan,nan,nan,nan,3.274161735700200498e-02,7.100591715976345766e-03,nan,nan,nan,nan,nan,0.000000000000000000e+00,nan,nan,nan
nan,nan,nan,nan,-2.745901639344263540e-02,nan,nan,nan,nan,nan,-1.147540983606557957e-01,nan,nan,nan,nan,-2.581967213114759810e-02,2.172131147540978802e-02,nan,nan,nan,nan,nan,3.401639344262293030e-02,nan,nan,nan,5.614754098360650453e-02,nan,nan,nan,nan,nan,nan,nan,nan,-2.090163934426232314e-02,nan,nan,nan,nan,nan,nan,nan,nan,nan,nan,nan,nan,0.000000000000000000e+00,0.000000000000000000e+00,nan,nan,nan,nan,nan,nan,nan,nan,nan,nan,nan,0.000000000000000000e+00,nan,nan,nan
1.214574898785447709e-03,nan,nan,nan,0.000000000000000000e+00,nan,nan,nan,nan,nan,nan,nan,nan,nan,-2.024291497975694212e-03,nan,nan,6.072874493927127304e-03,nan,nan,nan,nan,nan,nan,nan,nan,nan,nan,nan,nan,nan,-3.238866396761119586e-03,nan,nan,nan,2.220446049250313204e-17,nan,nan,nan,nan,nan,nan,2.024291497975738881e-03,nan,nan,nan,nan,nan,nan,nan,nan,nan,nan,nan,4.736842105263159436e-02,5.465587044534414574e-02,nan,nan,nan,nan,nan,0.000000000000000000e+00,nan,nan,nan
7.773279352226722394e-02,nan,nan,nan,-2.024291497975694212e-03,nan,nan,nan,nan,nan,nan,nan,nan,nan,-2.024291497975694212e-03,nan,nan,-1.417004048582994925e-02,nan,nan,nan,nan,nan,nan,nan,nan,nan,nan,nan,nan,nan,4.898785425101218755e-02,nan,nan,nan,1.174089068825909764e-02,nan,nan,nan,nan,nan,nan,-6.477732793522239171e-03,nan,nan,nan,nan,nan,nan,nan,nan,nan,nan,nan,8.299595141700405465e-02,4.372469635627533602e-02,nan,nan,nan,nan,nan,0.000000000000000000e+00,nan,nan,nan
nan,nan,nan,nan,nan,nan,nan,nan,nan,nan,nan,nan,nan,nan,nan,nan,nan,nan,nan,nan,nan,nan,nan,nan,nan,nan,nan,nan,nan,nan,nan,-4.210526315789477753e-02,nan,nan,nan,nan,nan,nan,-4.639376218323587597e-02,nan,nan,nan,nan,nan,nan,nan,nan,nan,nan,nan,nan,nan,nan,nan,1.169590643274820430e-03,1.013645224171538795e-02,-7.290448343079927729e-02,-6.003898635477587092e-02,-6.744639376218326821e-02,nan,nan,0.000000000000000000e+00,nan,-6.198830409356727994e-02,-4.288499025341132448e-02
6.520874751491051446e-02,nan,nan,-7.952286282306176082e-03,1.037773359840954146e-01,nan,nan,nan,nan,nan,nan,nan,nan,nan,nan,-1.153081510934390527e-02,nan,nan,nan,nan,nan,nan,nan,nan,nan,nan,nan,nan,nan,nan,nan,5.725646123260436093e-02,nan,nan,nan,nan,nan,nan,nan,nan,nan,nan,nan,nan,nan,nan,nan,nan,nan,nan,nan,nan,nan,nan,1.073558648111332114e-01,9.105367793240552732e-02,nan,nan,2.823061630218686238e-02,nan,1.025844930417494777e-01,0.000000000000000000e+00,nan,nan,nan
nan,nan,nan,nan,nan,nan,nan,nan,nan,nan,nan,nan,nan,nan,nan,nan,nan,nan,nan,nan,nan,nan,5.928853754940765705e-03,nan,nan,nan,nan,nan,nan,nan,nan,1.264822134387353324e-02,nan,nan,nan,4.743083003952608574e-03,nan,nan,nan,nan,nan,nan,nan,nan,nan,nan,nan,nan,nan,nan,nan,nan,nan,nan,1.343873517786564609e-02,6.719367588932834319e-03,1.778656126482214272e-02,nan,nan,3.833992094861662231e-02,nan,0.000000000000000000e+00,nan,3.438735177865615000e-02,-7.905138339920902979e-03
nan,nan,nan,nan,nan,nan,nan,nan,nan,nan,nan,nan,nan,nan,nan,nan,2.970711297071131421e-02,nan,nan,nan,nan,nan,nan,nan,nan,nan,nan,nan,nan,nan,nan,-2.510460251045998174e-03,nan,nan,nan,nan,nan,nan,nan,nan,nan,nan,nan,nan,nan,nan,nan,nan,0.000000000000000000e+00,0.000000000000000000e+00,nan,nan,nan,nan,2.510460251046029573e-02,-2.510460251045976057e-03,-2.510460251045998174e-03,nan,-1.255230125522999087e-03,nan,nan,0.000000000000000000e+00,nan,-1.255230125523008021e-02,nan
-3.245283018867924918e-01,nan,nan,nan,0.000000000000000000e+00,nan,-9.735849056603773644e-02,nan,nan,nan,0.000000000000000000e+00,nan,nan,-5.415094339622642527e-01,nan,0.000000000000000000e+00,-4.969811320754716766e-01,nan,nan,nan,nan,nan,-4.860377358490566846e-01,nan,nan,nan,nan,nan,nan,nan,nan,nan,nan,nan,nan,-5.430188679245283589e-01,nan,nan,nan,nan,nan,nan,nan,nan,nan,nan,nan,nan,nan,nan,nan,nan,nan,nan,nan,nan,nan,nan,nan,nan,nan,0.000000000000000000e+00,nan,nan,nan
nan,nan,nan,nan,nan,nan,nan,nan,nan,nan,2.839756592292097450e-03,nan,nan,-1.866125760649086501e-02,nan,nan,-2.028397565922919130e-02,nan,nan,nan,nan,nan,-1.622718052738336691e-02,nan,nan,-9.736308316429997597e-03,nan,nan,nan,nan,nan,nan,nan,nan,nan,nan,nan,nan,nan,nan,nan,nan,2.028397565922923466e-03,nan,nan,nan,nan,nan,nan,nan,nan,nan,nan,nan,1.135902636916836725e-02,2.636916835699799552e-02,nan,nan,-7.707910750507096682e-03,nan,nan,0.000000000000000000e+00,nan,nan,nan
nan,nan,nan,nan,nan,nan,nan,nan,nan,nan,nan,nan,nan,nan,nan,nan,nan,nan,nan,nan,nan,nan,nan,nan,nan,nan,nan,nan,nan,nan,nan,0.000000000000000000e+00,nan,nan,nan,2.677824267782424883e-02,nan,nan,nan,nan,nan,nan,nan,nan,nan,nan,nan,nan,0.000000000000000000e+00,0.000000000000000000e+00,nan,nan,nan,nan,2.635983263598322759e-02,-8.368200836820216537e-04,-2.384937238493727366e-02,nan,-1.673640167364043307e-03,nan,nan,0.000000000000000000e+00,nan,-2.426778242677827407e-02,nan
nan,nan,nan,nan,nan,nan,nan,nan,nan,nan,nan,nan,nan,nan,-1.272365805168984565e-02,nan,-1.192842942345895274e-03,nan,nan,nan,nan,nan,nan,nan,nan,nan,nan,nan,nan,nan,nan,nan,nan,nan,nan,nan,nan,nan,nan,nan,nan,nan,-3.578528827037730058e-03,nan,nan,nan,nan,nan,nan,nan,nan,nan,nan,nan,3.737574552683899792e-02,9.940357852882742221e-03,-2.027833001988066375e-02,3.379721669980124965e-02,1.749502982107358287e-02,nan,nan,0.000000000000000000e+00,nan,-7.554671968190840650e-03,nan
nan,nan,nan,nan,nan,nan,nan,nan,nan,nan,nan,nan,nan,nan,nan,nan,6.237816764132530882e-03,nan,nan,nan,nan,nan,nan,nan,nan,nan,-3.118908382066298834e-03,nan,-7.407407407407418098e-03,nan,nan,1.520467836257304375e-02,nan,6.081871345029236930e-02,nan,5.068226120857698136e-02,nan,nan,nan,nan,nan,nan,nan,nan,nan,nan,nan,nan,0.000000000000000000e+00,nan,nan,nan,nan,nan,nan,nan,1.559454191033116024e-03,nan,nan,nan,nan,0.000000000000000000e+00,nan,-4.288499025341163499e-03,nan
nan,-2.107355864811137972e-02,nan,nan,nan,nan,nan,nan,nan,1.471172962226636668e-02,-2.703777335984098792e-02,nan,nan,8.349900596421400492e-03,nan,-1.988071570576546016e-02,-9.542743538767429340e-03,nan,nan,nan,nan,nan,2.783300198807148098e-03,nan,nan,nan,nan,nan,nan,nan,nan,-5.566600397614362983e-03,nan,nan,nan,2.226640159045720907e-02,nan,nan,nan,nan,nan,nan,nan,nan,nan,nan,nan,nan,nan,nan,nan,nan,nan,nan,nan,nan,nan,nan,nan,nan,nan,0.000000000000000000e+00,nan,nan,nan
nan,nan,nan,nan,nan,nan,nan,nan,nan,nan,nan,nan,nan,nan,-3.428571428571403241e-03,3.085714285714287117e-02,1.980952380952383240e-02,nan,nan,nan,nan,nan,nan,nan,nan,nan,nan,nan,nan,nan,nan,-8.380952380952377823e-03,nan,nan,nan,nan,nan,nan,nan,nan,nan,nan,7.238095238095288222e-03,nan,nan,nan,nan,nan,0.000000000000000000e+00,nan,nan,nan,nan,nan,9.904761904761949162e-03,4.914285714285713397e-02,nan,nan,6.095238095238098008e-02,nan,nan,0.000000000000000000e+00,nan,nan,nan
nan,nan,nan,nan,nan,nan,nan,nan,nan,nan,nan,nan,nan,nan,nan,5.680933852140079843e-02,2.101167315175096403e-02,nan,nan,nan,nan,nan,8.404669260700387001e-02,nan,nan,nan,5.992217898832683659e-02,nan,nan,nan,4.280155642023342200e-02,3.579766536964978929e-02,nan,5.136186770428015358e-02,nan,nan,nan,nan,nan,nan,nan,nan,nan,nan,nan,nan,nan,nan,0.000000000000000000e+00,5.642023346303504105e-02,nan,nan,nan,nan,nan,nan,nan,nan,nan,nan,nan,0.000000000000000000e+00,nan,nan,nan
nan,nan,nan,nan,nan,nan,nan,nan,nan,nan,nan,nan,nan,nan,nan,nan,nan,nan,nan,nan,nan,nan,nan,nan,nan,nan,nan,nan,-5.679513184584150665e-03,nan,nan,-5.679513184584150665e-03,nan,-1.014198782961455228e-02,nan,nan,nan,nan,nan,nan,nan,nan,nan,nan,nan,nan,nan,nan,nan,nan,nan,nan,nan,nan,3.042596348884381990e-02,-2.068965517241376853e-02,-3.286004056795129025e-02,nan,-5.679513184584150665e-03,nan,nan,0.000000000000000000e+00,nan,-1.947261663286001948e-02,-6.085192697768726164e-03
-4.733727810650845136e-03,nan,-5.522682445759330601e-03,nan,nan,nan,nan,nan,nan,nan,nan,nan,nan,nan,-1.301775147928991780e-02,nan,-1.577909270216948379e-03,nan,nan,nan,nan,nan,nan,nan,nan,nan,nan,nan,nan,nan,-7.495069033530543830e-03,-3.944773175542204522e-04,nan,nan,nan,nan,nan,nan,nan,nan,nan,nan,-5.917159763313551216e-03,nan,nan,nan,nan,nan,nan,nan,nan,nan,nan,nan,5.443786982248523254e-02,1.289940828402367234e-01,nan,nan,nan,nan,nan,0.000000000000000000e+00,nan,nan,nan
-4.032258064516236365e-04,nan,-4.440892098500626408e-17,nan,2.016129032258051450e-03,nan,nan,nan,nan,nan,nan,nan,nan,nan,nan,nan,2.016129032258051450e-03,nan,nan,nan,nan,nan,nan,nan,nan,nan,nan,nan,nan,nan,-1.048387096774197093e-02,nan,nan,nan,nan,nan,nan,nan,nan,nan,nan,nan,nan,nan,nan,nan,nan,nan,nan,nan,nan,nan,nan,nan,4.677419354838707743e-02,4.475806451612898001e-02,-3.024193548387097558e-02,nan,nan,nan,nan,0.000000000000000000e+00,nan,9.274193548387054536e-03,nan
nan,nan,nan,nan,nan,nan,nan,nan,nan,nan,nan,nan,nan,-9.736308316429997597e-03,nan,nan,-4.543610547667342736e-02,nan,nan,nan,nan,nan,-4.340770791075050650e-02,nan,nan,nan,nan,nan,nan,nan,nan,nan,nan,nan,nan,-4.340770791075047874e-02,nan,nan,nan,nan,nan,nan,nan,nan,nan,nan,nan,nan,nan,nan,nan,nan,nan,nan,1.135902636916841235e-02,2.220446049250313204e-17,-6.004056795131844371e-02,nan,nan,nan,-6.490872210953302530e-03,0.000000000000000000e+00,nan,1.987829614604461753e-02,nan
nan,nan,nan,nan,nan,nan,nan,nan,nan,nan,nan,nan,nan,-5.633802816901400945e-03,nan,nan,3.863179074446680683e-02,nan,nan,nan,nan,nan,nan,-4.024144869214874238e-04,nan,nan,nan,-6.841046277665996031e-03,8.048289738430858698e-04,nan,nan,-1.207243460764573185e-03,nan,-4.426559356136805859e-03,nan,nan,nan,nan,nan,nan,nan,nan,nan,nan,nan,nan,nan,nan,0.000000000000000000e+00,-2.414486921529168488e-03,nan,nan,nan,nan,nan,nan,nan,nan,nan,nan,nan,0.000000000000000000e+00,nan,nan,nan
nan,nan,nan,nan,-1.073558648111327951e-02,nan,nan,nan,nan,-3.777335984095424315e-02,-2.783300198807125980e-03,nan,nan,nan,nan,nan,nan,nan,nan,4.373757455268445157e-03,nan,nan,-6.361829025844900273e-03,nan,nan,nan,nan,nan,nan,nan,nan,nan,nan,nan,nan,-6.759443339960214021e-03,nan,nan,nan,nan,nan,nan,nan,nan,nan,nan,nan,nan,nan,nan,nan,nan,nan,nan,nan,nan,6.361829025844936703e-02,nan,nan,nan,4.930417495029824210e-02,0.000000000000000000e+00,nan,2.345924453280323618e-02,nan
nan,nan,nan,nan,nan,nan,nan,nan,nan,nan,nan,nan,nan,1.410788381742744679e-02,nan,nan,3.734439834024949785e-03,nan,nan,nan,nan,nan,nan,nan,nan,nan,nan,nan,-8.298755186721962218e-04,nan,nan,9.958506224066420581e-03,nan,-3.319502074688762770e-03,nan,8.298755186722028138e-03,nan,nan,nan,nan,nan,nan,nan,nan,nan,nan,nan,nan,nan,nan,nan,nan,nan,nan,7.053941908713734672e-03,1.128630705394191303e-01,-7.053941908713667885e-03,nan,nan,nan,nan,nan,nan,-1.161825726141074711e-02,nan
nan,nan,nan,nan,nan,nan,nan,nan,nan,nan,nan,nan,nan,nan,nan,nan,nan,nan,nan,nan,nan,nan,3.898635477582847869e-02,nan,nan,nan,nan,nan,nan,nan,nan,nan,nan,nan,nan,nan,nan,nan,nan,nan,nan,nan,nan,nan,nan,nan,nan,nan,nan,nan,nan,nan,nan,nan,7.758284600389865615e-02,1.578947368421052821e-01,2.417153996101366678e-02,3.118908382066278712e-02,7.407407407407409772e-02,2.050682261208577606e-01,nan,0.000000000000000000e+00,nan,1.286549707602340289e-02,-5.068226120857688768e-03
nan,nan,nan,nan,nan,nan,nan,nan,nan,nan,nan,nan,nan,nan,3.333333333333334675e-02,6.463414634146347204e-02,4.878048780487809211e-03,nan,nan,nan,nan,nan,nan,nan,nan,nan,nan,nan,nan,nan,nan,nan,nan,nan,nan,5.243902439024390738e-02,nan,nan,nan,nan,nan,nan,1.341463414634147533e-02,nan,nan,nan,nan,nan,3.252032520325221030e-03,0.000000000000000000e+00,nan,nan,nan,nan,4.634146341463416668e-02,5.569105691056912277e-02,nan,nan,nan,nan,nan,0.000000000000000000e+00,nan,nan,nan
-8.333333333333303727e-03,nan,nan,8.333333333333339810e-02,-7.936507936507908312e-04,nan,nan,nan,nan,nan,nan,nan,nan,nan,nan,nan,-9.523809523809489974e-03,nan,nan,nan,nan,-5.158730158730140403e-03,9.246031746031749265e-02,nan,nan,nan,nan,nan,nan,nan,nan,nan,-1.865079365079360535e-02,nan,nan,nan,nan,nan,nan,nan,nan,nan,nan,nan,nan,nan,nan,nan,nan,nan,nan,nan,nan,nan,-6.746031746031722065e-03,7.460317460317464344e-02,nan,nan,nan,nan,nan,0.000000000000000000e+00,nan,nan,nan
nan,nan,nan,nan,nan,nan,nan,2.620967741935478074e-02,nan,nan,nan,nan,nan,nan,nan,nan,nan,2.056451612903220649e-02,3.266129032258060366e-02,nan,nan,nan,nan,2.983870967741930613e-02,8.467741935483830140e-03,nan,nan,3.588709677419350819e-02,nan,nan,nan,3.548387096774188038e-02,nan,nan,nan,nan,nan,nan,nan,nan,nan,nan,nan,nan,nan,nan,nan,nan,nan,nan,nan,nan,nan,nan,nan,nan,-1.612903225806472428e-03,nan,nan,nan,nan,0.000000000000000000e+00,nan,2.137096774193543089e-02,nan
-5.500982318271119276e-02,nan,nan,nan,-2.278978388998034038e-02,nan,nan,nan,nan,nan,nan,nan,nan,nan,-1.886051080550097542e-02,nan,-1.964636542239683870e-02,nan,nan,nan,nan,nan,1.964636542239687339e-02,nan,nan,nan,nan,nan,nan,nan,nan,-9.037328094302576886e-03,nan,nan,nan,3.143418467583480869e-03,nan,nan,nan,nan,nan,nan,-3.143418467583496134e-02,nan,nan,nan,nan,nan,-5.893909626719051782e-03,nan,nan,nan,nan,nan,nan,nan,nan,nan,nan,nan,nan,0.000000000000000000e+00,nan,nan,nan
nan,nan,1.600000000000001378e-03,nan,nan,nan,nan,nan,nan,nan,nan,nan,nan,nan,nan,nan,-8.000000000000007105e-03,nan,-2.800000000000002574e-03,nan,nan,nan,-2.800000000000002574e-03,1.600000000000001378e-03,nan,nan,nan,4.000000000000003444e-04,3.600000000000003371e-03,nan,nan,0.000000000000000000e+00,nan,-1.200000000000000979e-03,nan,-6.000000000000005329e-03,nan,nan,nan,nan,nan,nan,nan,nan,nan,nan,nan,nan,nan,nan,nan,nan,nan,nan,nan,nan,nan,nan,nan,nan,nan,nan,nan,nan,nan
nan,nan,nan,nan,nan,nan,nan,nan,nan,nan,nan,nan,nan,nan,4.016064257028162496e-04,nan,1.927710843373495880e-02,nan,nan,nan,nan,nan,nan,nan,nan,nan,nan,nan,nan,nan,nan,2.449799196787148109e-02,nan,8.433734939759074400e-03,nan,3.734939759036145362e-02,nan,nan,nan,nan,nan,nan,1.646586345381526734e-02,nan,nan,nan,nan,nan,0.000000000000000000e+00,nan,nan,nan,nan,nan,nan,nan,4.819277108433728425e-03,nan,nan,nan,nan,0.000000000000000000e+00,nan,-1.365461847389555158e-02,nan
nan,nan,nan,nan,nan,nan,nan,nan,nan,nan,nan,nan,nan,2.874743326488626849e-03,-9.856262833675622642e-03,nan,8.624229979466080040e-03,nan,nan,nan,nan,nan,nan,nan,nan,nan,nan,nan,nan,nan,-1.232032854209450488e-02,3.162217659137571413e-02,nan,nan,nan,-6.570841889117095928e-03,nan,nan,nan,nan,nan,nan,-1.232032854209497066e-03,nan,nan,nan,nan,nan,nan,nan,nan,nan,nan,nan,2.710472279260773762e-02,nan,-8.213552361396869728e-04,nan,nan,nan,nan,0.000000000000000000e+00,nan,nan,nan
nan,nan,nan,nan,nan,nan,nan,nan,nan,nan,4.661016949152529606e-03,nan,nan,nan,-5.508474576271149906e-03,-3.813559322033888057e-03,9.194915254237290281e-02,nan,nan,nan,4.067796610169495397e-02,nan,1.101694915254241083e-02,nan,nan,nan,6.483050847457630383e-02,nan,nan,nan,nan,nan,nan,-5.508474576271171590e-03,nan,2.118644067796626642e-03,nan,nan,nan,nan,nan,nan,nan,nan,nan,nan,nan,nan,nan,nan,nan,nan,nan,nan,nan,nan,nan,nan,nan,nan,nan,0.000000000000000000e+00,nan,nan,nan
nan,nan,nan,nan,nan,nan,nan,nan,nan,nan,nan,nan,nan,nan,nan,nan,5.079999999999997712e-02,nan,nan,nan,nan,nan,nan,nan,nan,nan,nan,nan,nan,nan,nan,0.000000000000000000e+00,nan,nan,nan,9.199999999999997069e-02,nan,nan,nan,nan,nan,nan,nan,nan,nan,nan,nan,nan,0.000000000000000000e+00,nan,nan,nan,nan,nan,6.279999999999999472e-02,1.599999999999999339e-02,4.000000000000003444e-04,nan,-1.080000000000000925e-02,nan,nan,nan,nan,6.160000000000000198e-02,0.000000000000000000e+00
nan,nan,nan,nan,nan,nan,nan,nan,nan,nan,2.024291497975709911e-02,nan,nan,nan,-2.024291497975672094e-03,nan,7.206477732793524493e-02,nan,nan,nan,nan,nan,nan,nan,nan,nan,nan,nan,nan,nan,nan,nan,nan,nan,nan,nan,nan,nan,nan,nan,nan,nan,2.105263157894736795e-02,6.599190283400810375e-02,nan,nan,nan,nan,nan,nan,nan,nan,nan,nan,1.777327935222672295e-01,1.939271255060728838e-01,nan,nan,-1.133603238866391985e-02,nan,nan,0.000000000000000000e+00,nan,nan,-1.619433198380537675e-03
nan,nan,-3.206412825651239282e-03,nan,nan,nan,nan,nan,nan,nan,nan,nan,nan,nan,-4.008016032064132044e-04,nan,-7.615230460921784857e-03,nan,nan,nan,nan,nan,nan,nan,nan,nan,nan,nan,nan,nan,nan,nan,nan,nan,nan,-1.002004008016024218e-02,nan,nan,nan,nan,nan,nan,-2.404809619238434774e-03,nan,nan,nan,nan,nan,nan,nan,nan,nan,nan,nan,nan,nan,1.322645290581168052e-02,nan,nan,nan,2.885771543086177587e-02,0.000000000000000000e+00,nan,3.647294589178362578e-02,-1.883767535070133420e-02
nan,nan,nan,nan,nan,nan,nan,nan,nan,nan,nan,nan,nan,nan,4.040404040403977950e-03,nan,5.656565656565604519e-03,nan,nan,nan,nan,nan,nan,nan,nan,nan,nan,nan,nan,nan,nan,5.252525252525197877e-03,nan,nan,nan,3.636363636363570875e-03,nan,nan,nan,nan,nan,nan,6.060606060605988610e-03,nan,nan,nan,nan,nan,nan,nan,nan,nan,nan,nan,7.797979797979795458e-02,1.373737373737373736e-02,-6.464646464646483723e-03,nan,nan,nan,nan,0.000000000000000000e+00,nan,-1.656565656565658212e-02,nan
nan,nan,nan,nan,nan,nan,nan,nan,nan,nan,nan,nan,nan,nan,nan,nan,nan,nan,nan,nan,nan,nan,nan,nan,nan,nan,nan,nan,nan,nan,nan,1.562500000000000087e-03,nan,nan,nan,2.773437499999999861e-02,nan,nan,nan,nan,nan,nan,nan,nan,nan,nan,nan,nan,0.000000000000000000e+00,0.000000000000000000e+00,nan,nan,nan,nan,-3.125000000000000173e-03,-3.515625000000000087e-03,-4.687499999999999827e-03,nan,8.984374999999999306e-03,nan,nan,nan,nan,1.171874999999999957e-03,-8.593750000000000694e-03
5.668016194331970334e-03,nan,nan,nan,nan,nan,nan,nan,nan,nan,8.097165991902821949e-03,nan,nan,4.858299595141657261e-03,nan,-1.700404858299595784e-02,-1.214574898785447709e-03,nan,nan,4.048582995951344188e-04,nan,nan,-5.668016194331992885e-03,nan,nan,nan,1.619433198380537675e-03,nan,nan,nan,nan,1.052631578947365101e-02,nan,nan,nan,5.829959514170037632e-02,nan,nan,nan,nan,nan,nan,nan,nan,nan,nan,nan,nan,nan,nan,nan,nan,nan,nan,nan,nan,nan,nan,nan,nan,nan,nan,nan,nan,nan
nan,nan,nan,nan,nan,nan,nan,nan,nan,nan,nan,nan,nan,nan,nan,nan,nan,nan,nan,nan,nan,nan,nan,nan,nan,nan,nan,nan,nan,nan,nan,5.836575875486383139e-03,nan,nan,nan,nan,nan,nan,nan,nan,nan,nan,nan,nan,nan,nan,nan,nan,nan,nan,nan,nan,nan,nan,4.630350194552527304e-02,8.171206225680904822e-03,1.867704280155639898e-02,nan,-5.836575875486383139e-03,1.221789883268482174e-01,nan,0.000000000000000000e+00,-4.007782101167318978e-02,-1.400778210116735388e-02,-1.439688715953311125e-02
nan,nan,nan,nan,1.465346534653464393e-02,nan,nan,nan,nan,nan,2.059405940594052214e-02,nan,nan,nan,nan,nan,nan,nan,nan,nan,nan,nan,nan,nan,nan,nan,nan,nan,nan,nan,nan,1.940594059405935726e-02,nan,nan,nan,2.059405940594059153e-02,nan,nan,nan,nan,nan,nan,nan,nan,nan,nan,nan,nan,nan,nan,nan,nan,nan,nan,5.148514851485144067e-02,7.445544554455441055e-02,nan,5.148514851485144067e-02,4.277227722772276863e-02,nan,nan,0.000000000000000000e+00,nan,nan,1.227722772277224303e-02
nan,nan,nan,nan,nan,nan,nan,nan,nan,nan,nan,nan,nan,nan,nan,nan,7.920792079207922276e-02,nan,nan,nan,nan,nan,nan,nan,nan,nan,nan,nan,nan,nan,nan,nan,nan,nan,nan,nan,nan,nan,nan,nan,nan,nan,-3.168316831683171131e-03,nan,nan,nan,nan,nan,nan,nan,nan,nan,nan,nan,1.009900990099010104e-01,6.336633663366364813e-03,-1.188118811881189174e-03,5.821782178217823484e-02,-2.772277227722774740e-03,nan,nan,0.000000000000000000e+00,nan,3.960396039603963914e-03,-2.376237623762378348e-03
nan,nan,nan,nan,nan,nan,nan,nan,nan,nan,nan,nan,nan,nan,nan,-2.851323828920571297e-03,-1.059063136456213014e-02,nan,nan,nan,nan,nan,nan,nan,nan,nan,3.747454175152746536e-02,nan,nan,nan,-2.851323828920615533e-03,3.665987780040731725e-02,nan,2.240325865580443734e-02,nan,-1.262729124236256981e-02,nan,nan,nan,nan,nan,nan,nan,nan,nan,nan,nan,nan,1.059063136456210932e-02,1.059063136456210932e-02,nan,nan,nan,nan,nan,nan,nan,nan,nan,nan,nan,0.000000000000000000e+00,nan,nan,nan
nan,nan,nan,nan,nan,nan,nan,nan,nan,nan,nan,nan,nan,nan,nan,2.460317460317451577e-02,nan,nan,nan,nan,nan,nan,nan,nan,nan,nan,1.111111111111107164e-02,nan,nan,nan,9.523809523809467423e-03,nan,nan,6.349206349206282414e-03,nan,4.206349206349200426e-02,nan,nan,nan,nan,nan,nan,nan,nan,nan,nan,nan,nan,0.000000000000000000e+00,0.000000000000000000e+00,nan,nan,nan,nan,nan,nan,7.936507936507686050e-04,nan,nan,nan,nan,0.000000000000000000e+00,nan,-2.182539682539687970e-02,nan
-3.874755381604699789e-02,nan,nan,nan,nan,nan,nan,nan,nan,nan,nan,nan,nan,nan,-1.722113502935425020e-02,nan,nan,-2.896281800391391562e-02,nan,nan,nan,nan,nan,nan,nan,nan,nan,nan,nan,nan,nan,-1.878669275929549867e-02,nan,nan,nan,-1.135029354207439667e-02,nan,nan,nan,nan,nan,nan,nan,nan,nan,nan,nan,nan,0.000000000000000000e+00,0.000000000000000000e+00,nan,nan,nan,nan,4.931506849315066277e-02,6.692759295499017824e-02,nan,nan,nan,nan,nan,0.000000000000000000e+00,nan,nan,nan
7.968127490039833343e-04,nan,nan,nan,3.227091633466132314e-02,nan,nan,nan,nan,nan,nan,nan,nan,nan,nan,nan,2.167330677290836560e-01,nan,nan,nan,nan,nan,nan,nan,nan,nan,nan,nan,nan,nan,nan,2.529880478087648821e-01,nan,nan,nan,nan,nan,nan,nan,nan,nan,nan,nan,nan,nan,nan,nan,nan,nan,nan,nan,nan,nan,nan,1.095617529880477947e-01,1.462151394422310513e-01,nan,2.099601593625498031e-01,2.709163346613543272e-02,nan,1.784860557768924161e-01,0.000000000000000000e+00,nan,nan,nan
nan,nan,nan,nan,3.807615230460925648e-02,nan,nan,nan,nan,nan,2.204408817635272744e-02,nan,nan,nan,nan,6.412825651302611618e-02,3.567134268537077574e-02,nan,nan,nan,nan,nan,nan,nan,nan,6.412825651302611271e-03,nan,nan,nan,nan,nan,nan,nan,nan,nan,1.114228456913827908e-01,nan,nan,nan,nan,nan,nan,nan,nan,nan,nan,nan,nan,4.809619238476958887e-03,1.763527054108218056e-02,nan,nan,nan,nan,nan,nan,2.284569138276555320e-02,nan,nan,nan,nan,nan,nan,-4.008016032064109710e-03,nan
nan,nan,nan,nan,-1.220472440944879791e-02,nan,nan,nan,nan,nan,nan,nan,nan,nan,nan,nan,nan,nan,nan,nan,nan,nan,nan,-1.692913385826768508e-02,nan,nan,-1.259842519685034842e-02,-2.362204724409400214e-03,1.102362204724414117e-02,nan,nan,-1.732283464566923906e-02,nan,-1.732283464566923906e-02,nan,-1.929133858267708529e-02,nan,nan,nan,nan,nan,nan,nan,nan,nan,nan,nan,nan,nan,nan,nan,nan,nan,nan,nan,nan,nan,nan,nan,nan,nan,0.000000000000000000e+00,nan,-4.448818897637787234e-02,nan
nan,nan,nan,nan,nan,nan,nan,nan,nan,nan,nan,nan,nan,nan,nan,nan,1.541501976284589438e-02,nan,nan,nan,nan,nan,nan,2.766798418972404947e-03,nan,nan,nan,nan,7.905138339921568679e-04,nan,nan,3.952569169960562512e-03,nan,nan,nan,nan,nan,nan,nan,nan,nan,nan,nan,nan,nan,nan,nan,nan,nan,nan,nan,nan,nan,nan,-6.719367588932744981e-03,3.833992094861664313e-02,5.928853754940765705e-03,nan,-1.304347826086951247e-02,nan,nan,0.000000000000000000e+00,nan,-1.067193675889324157e-02,nan
nan,nan,nan,nan,nan,nan,nan,nan,nan,nan,nan,nan,nan,nan,nan,nan,nan,nan,nan,nan,nan,nan,nan,nan,nan,nan,nan,nan,1.001996007984032183e-01,nan,nan,2.874251497005988337e-02,nan,9.181636726546907323e-02,nan,nan,nan,nan,nan,nan,nan,nan,nan,nan,nan,nan,nan,nan,0.000000000000000000e+00,0.000000000000000000e+00,nan,nan,nan,nan,nan,nan,5.588822355289435259e-03,nan,nan,nan,-1.077844311377245401e-01,0.000000000000000000e+00,nan,-2.594810379241514406e-02,1.796407185628742104e-02
-3.937621832358671053e-02,nan,-7.407407407407395547e-03,nan,nan,nan,nan,nan,nan,nan,nan,nan,nan,nan,-3.898635477582823670e-03,nan,2.846003898635479645e-02,nan,nan,nan,nan,nan,nan,nan,nan,nan,nan,nan,nan,nan,-7.407407407407373863e-03,-8.966861598440512005e-03,nan,nan,nan,5.653021442495129861e-02,nan,nan,nan,nan,nan,nan,-7.017543859649077835e-03,nan,nan,nan,nan,nan,nan,nan,nan,nan,nan,nan,nan,nan,-1.442495126705649680e-02,nan,nan,nan,nan,0.000000000000000000e+00,nan,nan,nan
nan,nan,nan,nan,nan,nan,nan,nan,nan,nan,nan,nan,nan,4.735812133072404839e-02,nan,-1.174168297455968624e-02,2.348336594911915216e-03,nan,nan,nan,nan,nan,-1.565557729941335864e-03,nan,nan,nan,9.784735812133061456e-03,nan,nan,nan,-3.522504892367917060e-03,nan,nan,nan,nan,-3.913894324853228746e-03,nan,nan,nan,nan,nan,nan,nan,nan,nan,nan,nan,nan,-7.827788649706457057e-04,0.000000000000000000e+00,nan,nan,nan,nan,nan,9.667318982387471116e-02,nan,nan,nan,nan,nan,nan,nan,nan,nan
nan,nan,nan,nan,8.000000000000006889e-04,nan,nan,nan,nan,nan,nan,nan,nan,nan,nan,1.200000000000000979e-03,-1.200000000000023314e-03,nan,nan,nan,nan,nan,2.159999999999997339e-02,1.119999999999996519e-02,nan,nan,2.839999999999996000e-02,nan,nan,nan,nan,-5.200000000000004965e-03,nan,9.599999999999987016e-03,nan,9.599999999999987016e-03,nan,nan,nan,nan,nan,nan,nan,nan,nan,nan,nan,nan,0.000000000000000000e+00,nan,nan,nan,nan,nan,nan,nan,nan,nan,nan,nan,nan,nan,nan,nan,nan
nan,nan,-3.846153846153832598e-04,nan,-2.307692307692343903e-03,nan,nan,nan,nan,nan,nan,nan,nan,nan,-7.692307692307665196e-04,nan,nan,nan,nan,nan,nan,nan,nan,nan,nan,nan,nan,nan,nan,nan,nan,nan,nan,nan,nan,3.423076923076921740e-02,nan,nan,nan,nan,nan,nan,7.692307692307665196e-04,nan,nan,nan,nan,nan,nan,nan,nan,nan,nan,nan,6.884615384615377920e-02,5.115384615384614003e-02,6.923076923076898134e-03,nan,nan,nan,nan,-1.153846153846171951e-03,nan,5.384615384615365312e-03,nan
nan,nan,5.168986083499027551e-03,nan,1.669980119284293282e-02,nan,nan,nan,nan,nan,nan,nan,nan,5.805168986083499710e-02,1.550695825049706010e-02,nan,1.590457256461232788e-02,nan,nan,nan,nan,nan,nan,nan,nan,nan,nan,nan,nan,nan,nan,nan,nan,nan,nan,3.101391650099405428e-02,nan,nan,nan,nan,nan,nan,1.153081510934395038e-02,nan,nan,nan,nan,nan,nan,nan,nan,nan,nan,nan,7.753479125248510795e-02,6.719681908548710836e-02,nan,nan,nan,nan,nan,0.000000000000000000e+00,nan,nan,nan
nan,nan,7.793240556660042950e-02,nan,3.578528827037796844e-03,nan,nan,nan,nan,nan,nan,nan,nan,1.988071570576543934e-02,-3.976143141153132060e-04,nan,1.829025844930418782e-02,nan,nan,nan,nan,nan,nan,nan,nan,nan,nan,nan,nan,nan,nan,nan,nan,nan,nan,4.254473161033800466e-02,nan,nan,nan,nan,nan,nan,1.590457256461230706e-03,nan,nan,nan,nan,nan,nan,nan,nan,nan,nan,nan,4.294234592445329846e-02,3.061630218687876395e-02,nan,nan,nan,nan,nan,0.000000000000000000e+00,nan,nan,nan
nan,nan,nan,nan,nan,nan,nan,nan,nan,nan,nan,nan,nan,nan,nan,nan,-1.362725450901805004e-02,nan,nan,nan,nan,nan,nan,nan,nan,nan,nan,nan,nan,nan,nan,nan,nan,nan,nan,1.763527054108214934e-02,nan,nan,nan,nan,nan,nan,nan,nan,nan,nan,nan,nan,nan,nan,nan,nan,nan,nan,-5.450901803607217933e-02,-3.006012024048099196e-02,-6.773547094188381301e-02,-1.803607214428859518e-02,-2.765531062124249040e-02,nan,nan,0.000000000000000000e+00,nan,-2.444889779559120818e-02,-3.166332665330664348e-02
-3.607214428857718948e-03,nan,-2.284569138276550809e-02,nan,nan,nan,nan,nan,nan,nan,nan,nan,nan,nan,2.404809619238479357e-02,nan,-2.444889779559113879e-02,2.204408817635272744e-02,nan,nan,nan,nan,nan,nan,nan,nan,nan,nan,nan,nan,nan,2.805611222444892583e-02,nan,nan,nan,nan,nan,nan,nan,nan,nan,nan,8.016032064128264523e-03,nan,nan,nan,nan,nan,nan,nan,nan,nan,nan,nan,nan,nan,-1.803607214428857436e-02,nan,nan,nan,nan,0.000000000000000000e+00,nan,-5.010020040080156306e-02,nan
nan,nan,nan,nan,nan,nan,nan,nan,nan,nan,0.000000000000000000e+00,nan,nan,1.338742393509124648e-02,nan,4.056795131845802697e-03,-1.622718052738370085e-03,nan,nan,nan,nan,nan,-5.679513184584217451e-03,nan,nan,nan,nan,nan,nan,nan,nan,nan,nan,nan,nan,1.217038539553705247e-03,nan,nan,nan,nan,nan,nan,nan,nan,nan,nan,nan,nan,nan,nan,nan,nan,nan,nan,8.519269776876203445e-03,3.732251521298167452e-02,nan,nan,9.330628803245399547e-03,nan,nan,0.000000000000000000e+00,nan,nan,nan
nan,nan,nan,nan,nan,nan,nan,nan,nan,nan,nan,nan,nan,nan,nan,nan,nan,nan,nan,nan,nan,nan,nan,6.967213114754122749e-03,nan,nan,nan,7.786885245901630989e-03,3.606557377049181973e-02,nan,nan,-2.868852459016402005e-03,nan,-5.737704918032782327e-03,nan,-1.639344262295083701e-03,nan,nan,nan,nan,nan,nan,nan,nan,nan,nan,nan,nan,nan,0.000000000000000000e+00,nan,nan,nan,nan,6.967213114754100198e-03,4.713114754098361725e-02,nan,nan,nan,nan,nan,0.000000000000000000e+00,nan,nan,nan
nan,nan,nan,nan,nan,nan,nan,nan,nan,nan,nan,nan,nan,nan,1.529636711281079408e-03,nan,nan,nan,nan,nan,nan,nan,nan,nan,nan,nan,nan,nan,nan,nan,nan,1.147227533460859483e-03,nan,nan,nan,1.988527724665391933e-02,nan,nan,nan,nan,nan,nan,1.529636711281057073e-03,nan,nan,nan,nan,nan,0.000000000000000000e+00,0.000000000000000000e+00,nan,nan,nan,nan,-7.648183556405064188e-04,-3.824091778202642899e-03,-4.703632887189290734e-02,nan,nan,nan,nan,0.000000000000000000e+00,nan,nan,nan
9.861932938856000225e-03,nan,-2.366863905325455961e-03,nan,nan,nan,nan,nan,nan,nan,nan,nan,nan,nan,-7.889546351084852482e-04,1.854043392504927182e-02,8.481262327416169700e-02,nan,nan,nan,nan,nan,nan,nan,nan,nan,nan,nan,nan,nan,nan,1.341222879684411673e-02,nan,nan,nan,nan,nan,nan,nan,nan,nan,nan,2.761341222879654025e-03,nan,nan,nan,nan,nan,nan,nan,nan,nan,nan,nan,1.258382642998027434e-01,1.013806706114397799e-01,nan,nan,nan,nan,nan,0.000000000000000000e+00,nan,nan,nan
nan,nan,nan,nan,nan,nan,nan,nan,nan,nan,nan,nan,nan,nan,nan,nan,2.445759368836286640e-02,nan,nan,nan,nan,nan,nan,nan,nan,nan,nan,nan,nan,nan,nan,nan,nan,nan,nan,2.090729783037470479e-02,nan,nan,nan,nan,nan,nan,nan,nan,nan,nan,nan,nan,nan,nan,nan,nan,nan,nan,-2.366863905325478079e-03,1.932938856015775642e-02,3.944773175542404253e-02,nan,1.577909270216957399e-02,1.850098619329388072e-01,nan,nan,-3.550295857988183725e-03,1.420118343195262388e-02,8.284023668639029295e-03
8.113590263691738752e-04,nan,nan,nan,nan,nan,nan,nan,nan,nan,nan,nan,nan,nan,nan,nan,1.338742393509126903e-02,8.113590263691738752e-04,nan,nan,nan,nan,nan,nan,nan,nan,nan,nan,1.379310344827586708e-02,nan,nan,6.247464503042597650e-02,8.113590263691738752e-04,nan,nan,-1.622718052738347750e-03,nan,nan,nan,nan,nan,nan,nan,nan,nan,nan,nan,nan,0.000000000000000000e+00,0.000000000000000000e+00,nan,nan,nan,nan,nan,nan,nan,nan,nan,nan,nan,0.000000000000000000e+00,nan,nan,nan
nan,nan,nan,nan,nan,nan,nan,nan,nan,nan,nan,nan,nan,nan,nan,nan,1.577909270216966073e-02,nan,nan,nan,nan,nan,nan,nan,nan,nan,nan,nan,nan,nan,nan,nan,nan,nan,nan,nan,nan,nan,nan,nan,nan,nan,nan,nan,nan,nan,nan,nan,nan,nan,nan,nan,nan,nan,1.080867850098619493e-01,7.021696252465485510e-02,1.735700197238663339e-02,8.362919132149906898e-02,7.534516765286000672e-02,9.309664694280084252e-02,nan,0.000000000000000000e+00,nan,1.167652859960552625e-01,1.577909270216966073e-02
nan,nan,nan,nan,nan,nan,nan,nan,nan,1.514563106796116242e-02,nan,nan,nan,nan,nan,nan,nan,nan,nan,nan,nan,nan,nan,1.009708737864076743e-02,2.213592233009709087e-02,nan,nan,2.796116504854366872e-02,8.932038834951439368e-03,nan,nan,8.349514563106794074e-02,nan,2.524271844660190903e-02,nan,1.122330097087378409e-01,nan,nan,nan,nan,nan,nan,nan,nan,nan,nan,nan,nan,nan,nan,nan,nan,nan,nan,nan,nan,nan,nan,nan,nan,nan,0.000000000000000000e+00,nan,2.019417475728153485e-02,nan
nan,nan,nan,nan,nan,nan,nan,nan,nan,nan,nan,nan,nan,nan,nan,nan,nan,nan,nan,nan,nan,nan,nan,nan,nan,nan,nan,nan,nan,nan,nan,nan,nan,nan,nan,1.541582150101417081e-02,nan,nan,nan,3.326572008113589524e-02,nan,nan,nan,nan,nan,nan,nan,nan,0.000000000000000000e+00,0.000000000000000000e+00,nan,nan,nan,nan,nan,nan,3.935091277890463701e-02,nan,nan,4.381338742393505598e-02,-3.651115618661293551e-03,0.000000000000000000e+00,nan,7.180527383367137084e-02,-2.636916835699800593e-02
nan,nan,nan,nan,nan,nan,nan,nan,nan,nan,nan,nan,nan,nan,nan,nan,5.690721649484535571e-02,nan,nan,nan,nan,nan,nan,nan,nan,nan,nan,nan,nan,nan,nan,nan,nan,nan,nan,3.505154639175258463e-02,nan,nan,nan,nan,nan,nan,nan,nan,nan,nan,nan,nan,0.000000000000000000e+00,-3.298969072164936907e-03,nan,nan,nan,nan,nan,nan,9.855670103092785406e-02,nan,nan,-8.247422680412120006e-04,2.061855670103092050e-02,nan,3.298969072164936907e-03,1.323711340206185638e-01,5.567010309278350860e-02
nan,nan,nan,nan,nan,nan,nan,nan,nan,nan,nan,nan,nan,nan,nan,nan,nan,nan,nan,nan,nan,nan,nan,nan,nan,nan,nan,nan,nan,nan,nan,nan,nan,nan,nan,nan,nan,nan,nan,nan,nan,nan,nan,nan,nan,nan,nan,nan,nan,nan,nan,nan,nan,nan,-2.120000000000004173e-02,-2.240000000000002059e-02,-8.320000000000005169e-02,-5.120000000000004409e-02,-6.680000000000005378e-02,-6.680000000000003990e-02,nan,0.000000000000000000e+00,-5.760000000000002618e-02,-2.960000000000002560e-02,-8.160000000000007525e-02
nan,nan,nan,nan,nan,nan,nan,nan,nan,nan,nan,nan,nan,nan,nan,nan,9.633911368015456861e-03,nan,nan,nan,nan,nan,nan,nan,nan,nan,nan,nan,nan,nan,nan,nan,nan,nan,nan,nan,nan,nan,nan,nan,nan,nan,nan,nan,nan,nan,nan,nan,nan,nan,nan,nan,nan,nan,4.046242774566477518e-02,1.233140655105973149e-01,5.587668593448944648e-02,nan,1.078998073217727303e-02,5.317919075144512953e-02,nan,0.000000000000000000e+00,-1.734104046242772659e-02,6.435452793834302299e-02,2.389210019267824434e-02
7.889546351084852482e-04,nan,-1.972386587771213229e-03,nan,nan,nan,nan,nan,nan,nan,nan,nan,nan,nan,7.889546351084409043e-04,nan,nan,nan,nan,nan,nan,nan,nan,nan,nan,nan,nan,nan,6.114398422090727703e-02,nan,nan,-3.155818540433963544e-03,nan,nan,nan,-3.944773175542426458e-03,nan,nan,nan,nan,nan,nan,nan,nan,nan,nan,nan,nan,nan,nan,nan,nan,nan,nan,nan,nan,1.763313609467455356e-01,nan,nan,nan,1.353057199211044892e-01,0.000000000000000000e+00,nan,1.337278106508875408e-01,nan
nan,nan,nan,nan,nan,nan,nan,nan,nan,nan,nan,nan,nan,nan,nan,nan,nan,nan,nan,nan,nan,nan,3.636363636363641738e-02,nan,nan,nan,nan,nan,nan,nan,nan,1.857707509881429894e-02,nan,nan,nan,nan,nan,nan,nan,nan,nan,nan,nan,nan,nan,nan,nan,nan,1.581027667984202714e-03,3.162055335968427978e-03,nan,nan,nan,nan,1.857707509881427813e-02,5.928853754940765705e-03,-2.411067193675886511e-02,nan,-1.936758893280627822e-02,nan,nan,0.000000000000000000e+00,nan,-3.952569169960451489e-04,nan
nan,nan,nan,nan,nan,nan,nan,nan,nan,nan,nan,nan,nan,nan,nan,nan,-3.495145631068008463e-03,nan,nan,nan,nan,nan,nan,nan,nan,nan,nan,nan,nan,nan,nan,9.475728155339799286e-02,nan,nan,nan,nan,nan,nan,nan,nan,nan,nan,nan,nan,nan,nan,nan,nan,nan,nan,nan,nan,nan,nan,-7.766990291262710006e-04,3.106796116504839840e-03,-7.766990291262487744e-04,-3.495145631068008463e-03,2.330097087378591066e-03,nan,nan,0.000000000000000000e+00,nan,-1.165048543689324242e-02,-3.106796116504884075e-03
nan,nan,1.171874999999999957e-03,nan,nan,nan,nan,nan,nan,nan,nan,nan,nan,nan,nan,nan,-1.015625000000000035e-02,nan,nan,nan,nan,nan,nan,9.765625000000000000e-03,nan,nan,nan,1.562500000000000087e-03,3.906250000000000217e-04,nan,nan,6.640625000000000000e-02,-3.906250000000000217e-04,5.820312500000000139e-02,nan,-1.562500000000000087e-03,nan,nan,nan,nan,nan,nan,nan,nan,nan,nan,nan,nan,nan,nan,nan,nan,nan,nan,nan,nan,nan,nan,nan,nan,nan,0.000000000000000000e+00,nan,nan,nan
-1.966804979253111985e-01,nan,nan,nan,nan,nan,nan,nan,nan,nan,nan,nan,nan,nan,-2.302904564315352565e-01,nan,nan,nan,nan,nan,nan,nan,nan,nan,nan,nan,nan,nan,nan,nan,nan,-2.074688796680498049e-01,nan,nan,nan,-1.352697095435684838e-01,nan,nan,nan,nan,nan,nan,-1.950207468879667783e-01,nan,nan,nan,nan,nan,0.000000000000000000e+00,0.000000000000000000e+00,nan,nan,nan,nan,-1.112033195020746962e-01,-1.531120331950207303e-01,nan,nan,nan,nan,nan,0.000000000000000000e+00,nan,nan,nan
nan,nan,2.141491395793493346e-02,nan,nan,nan,nan,nan,nan,nan,nan,nan,nan,nan,nan,nan,nan,nan,nan,nan,nan,nan,2.485659655831735579e-02,6.500956022944537338e-03,nan,nan,nan,2.944550669216057168e-02,6.539196940726577090e-02,nan,nan,6.462715105162523954e-02,-4.440892098500626408e-17,3.288718929254301482e-02,nan,1.644359464627147618e-02,nan,nan,nan,nan,nan,nan,nan,nan,nan,nan,nan,nan,nan,nan,nan,nan,nan,nan,nan,nan,nan,nan,nan,nan,nan,0.000000000000000000e+00,nan,nan,nan
nan,nan,nan,nan,nan,nan,nan,nan,nan,nan,nan,nan,nan,nan,-8.730158730158744246e-03,nan,3.968253968253954156e-03,nan,nan,nan,nan,nan,nan,nan,nan,nan,nan,nan,nan,nan,nan,nan,nan,nan,nan,3.571428571428571924e-02,nan,nan,nan,nan,nan,nan,-1.309523809523809382e-02,nan,nan,nan,nan,nan,0.000000000000000000e+00,nan,nan,nan,nan,nan,-1.825396825396825504e-02,-4.007936507936506881e-02,-5.634920634920632942e-02,nan,-1.547619047619048713e-02,nan,nan,0.000000000000000000e+00,nan,nan,nan
nan,nan,nan,nan,nan,nan,nan,nan,nan,nan,nan,nan,nan,nan,-7.142857142857117481e-03,nan,5.992063492063492980e-02,nan,nan,nan,nan,nan,nan,nan,nan,nan,nan,nan,nan,nan,nan,nan,nan,nan,nan,1.269841269841271922e-02,nan,nan,nan,nan,nan,nan,-3.174603174603163325e-03,nan,nan,nan,nan,nan,0.000000000000000000e+00,nan,nan,nan,nan,nan,2.738095238095239470e-02,1.130952380952381098e-01,-5.833333333333330650e-02,nan,5.952380952380953785e-03,nan,nan,0.000000000000000000e+00,nan,nan,nan
nan,nan,nan,nan,nan,nan,nan,nan,nan,nan,nan,nan,nan,nan,nan,nan,3.149606299212599769e-02,nan,nan,nan,nan,nan,nan,nan,nan,nan,nan,nan,nan,nan,nan,3.228346456692911953e-02,nan,nan,nan,nan,nan,nan,nan,nan,nan,nan,nan,nan,nan,nan,nan,nan,nan,nan,nan,nan,nan,nan,5.748031496062992740e-02,1.968503937007870519e-03,9.842519685039375146e-03,9.803149606299213503e-02,8.267716535433056874e-03,1.657480314960629586e-01,nan,nan,nan,-1.338582677165356394e-02,-2.755905511811018813e-03
nan,nan,nan,nan,-5.761316872428002070e-03,nan,nan,nan,nan,nan,nan,nan,nan,nan,-5.761316872428023754e-03,nan,-1.769547325102884677e-02,nan,nan,nan,nan,nan,nan,nan,nan,nan,nan,nan,nan,nan,-2.469135802469146594e-03,-2.057613168724281745e-03,nan,nan,nan,-9.053497942386856678e-03,nan,nan,nan,nan,nan,nan,nan,nan,nan,nan,nan,nan,nan,nan,nan,nan,nan,nan,1.193415637860078052e-02,5.761316872427980906e-02,nan,nan,-1.275720164609055532e-02,nan,nan,0.000000000000000000e+00,nan,nan,nan
nan,nan,nan,nan,-8.786610878661105933e-03,nan,nan,nan,nan,nan,nan,nan,nan,nan,-1.589958158995816856e-02,nan,nan,nan,nan,nan,nan,nan,nan,nan,nan,nan,nan,nan,nan,nan,-1.924686192468621007e-02,-2.594142259414231738e-02,nan,nan,nan,-2.050209205020920786e-02,nan,nan,nan,nan,nan,nan,-3.765690376569064048e-03,nan,nan,nan,nan,nan,nan,nan,nan,nan,nan,nan,8.953974895397487366e-02,1.259414225941422605e-01,nan,nan,-1.171548117154812621e-02,nan,nan,2.510460251046020726e-03,nan,nan,nan
